KOST_Question_ID,Function,CBTA_Subtask,Current_Individual_FR_Status_Bucket,Current_Individual_FR_Status_Full_Text,Historical_Topic_Analysis_Conclusion,Bookshelf_Evidence_Found,DGR_Reference,Evidence_Location_File,Tested_Claim_Supported,Full_Text_Recoverable,Correct_Answer_Recoverable,Final_Reconciled_Status,Reason,Next_Action
Q-7.1-001,7.1,,GAP,FR SOURCE GAP CONFIRMED — DGR silent by design; Tier B/C basis retained,"(see DGR_TIER_A_INVENTORY.md topic narrative for cross-function context, where applicable)",YES,§1.0,docs/DGR_STAGE_2B_STATUS.md,N/A (DGR confirmed silent / content not DGR-sourced),YES,YES,FR SOURCE GAP CONFIRMED — DGR silent by design; Tier B/C basis retained,"Tier A search performed and confirmed the tested content does not exist in current DGR text (or is KOST-authored operational content, not DGR text).","Do not import as Tier A DGR content. Retain only if pedagogically justified as Tier B/C, clearly labeled as such."
Q-7.1-002,7.1,,FROZEN,FROZEN FR / SOURCE VERIFIED,"(see DGR_TIER_A_INVENTORY.md topic narrative for cross-function context, where applicable)",YES,"§2.1.1, §2.1.2",docs/DGR_STAGE_2B_STATUS.md,YES,YES,YES,FROZEN FR / SOURCE VERIFIED,Individually verified against current DGR 67e AM1 text (live Bookshelf check or independently spot-verified batch citation); citation present in item's own FR-status field.,Import-eligible for V2 (pending reviewer sign-off)
Q-7.1-003,7.1,,FROZEN,FROZEN FR / SOURCE VERIFIED,"(see DGR_TIER_A_INVENTORY.md topic narrative for cross-function context, where applicable)",YES,"§3.0.1.1, §3.0.2",docs/DGR_STAGE_2B_STATUS.md,YES,YES,YES,FROZEN FR / SOURCE VERIFIED,Individually verified against current DGR 67e AM1 text (live Bookshelf check or independently spot-verified batch citation); citation present in item's own FR-status field.,Import-eligible for V2 (pending reviewer sign-off)
Q-7.1-004,7.1,,FROZEN,FROZEN FR / SOURCE VERIFIED,"(see DGR_TIER_A_INVENTORY.md topic narrative for cross-function context, where applicable)",YES,§7.3.17,docs/DGR_STAGE_2B_STATUS.md,YES,YES,YES,FROZEN FR / SOURCE VERIFIED,Individually verified against current DGR 67e AM1 text (live Bookshelf check or independently spot-verified batch citation); citation present in item's own FR-status field.,Import-eligible for V2 (pending reviewer sign-off)
Q-7.1-005,7.1,,FROZEN,FROZEN FR / SOURCE VERIFIED,"(see DGR_TIER_A_INVENTORY.md topic narrative for cross-function context, where applicable)",YES,"Table 4.2, UN 1978 Propane",docs/DGR_STAGE_2B_STATUS.md,YES,NO,NO,FROZEN FR / SOURCE VERIFIED,Individually verified against current DGR 67e AM1 text (live Bookshelf check or independently spot-verified batch citation); citation present in item's own FR-status field.,FROZEN but full administered wording not safely recoverable — cannot import until recovered or re-authored from a safe source.
Q-7.1-006,7.1,,FROZEN,FROZEN FR / SOURCE VERIFIED,"(see DGR_TIER_A_INVENTORY.md topic narrative for cross-function context, where applicable)",YES,"§3.8.3.3.1, Tableau 3.8.A",docs/DGR_STAGE_2B_STATUS.md,YES,YES,YES,FROZEN FR / SOURCE VERIFIED,Individually verified against current DGR 67e AM1 text (live Bookshelf check or independently spot-verified batch citation); citation present in item's own FR-status field.,Import-eligible for V2 (pending reviewer sign-off)
Q-7.1-007,7.1,,FROZEN,FROZEN FR / SOURCE VERIFIED — final wording locked,"(see DGR_TIER_A_INVENTORY.md topic narrative for cross-function context, where applicable)",YES,§4.4,docs/DGR_STAGE_2B_STATUS.md,YES,NO,NO,FROZEN FR / SOURCE VERIFIED — final wording locked,Individually verified against current DGR 67e AM1 text (live Bookshelf check or independently spot-verified batch citation); citation present in item's own FR-status field.,FROZEN but full administered wording not safely recoverable — cannot import until recovered or re-authored from a safe source.
Q-7.1-008,7.1,,FROZEN,FROZEN FR / SOURCE VERIFIED — distractor corrected & revalidated,"(see DGR_TIER_A_INVENTORY.md topic narrative for cross-function context, where applicable)",YES,Tableau 2.6.A,docs/DGR_STAGE_2B_STATUS.md,YES,NO,NO,FROZEN FR / SOURCE VERIFIED — distractor corrected & revalidated,Individually verified against current DGR 67e AM1 text (live Bookshelf check or independently spot-verified batch citation); citation present in item's own FR-status field.,FROZEN but full administered wording not safely recoverable — cannot import until recovered or re-authored from a safe source.
Q-7.1-009,7.1,,FROZEN,FROZEN FR / SOURCE VERIFIED,"(see DGR_TIER_A_INVENTORY.md topic narrative for cross-function context, where applicable)",YES,"PI 965, Section IA/IB, Tables 965-IA/965-IB",docs/DGR_STAGE_2B_STATUS.md,YES,YES,YES,FROZEN FR / SOURCE VERIFIED,Individually verified against current DGR 67e AM1 text (live Bookshelf check or independently spot-verified batch citation); citation present in item's own FR-status field.,Import-eligible for V2 (pending reviewer sign-off)
Q-7.1-010,7.1,,FROZEN,FROZEN FR / SOURCE VERIFIED,"(see DGR_TIER_A_INVENTORY.md topic narrative for cross-function context, where applicable)",YES,§7.1.4.1(d),docs/DGR_STAGE_2B_STATUS.md,YES,NO,NO,FROZEN FR / SOURCE VERIFIED,Individually verified against current DGR 67e AM1 text (live Bookshelf check or independently spot-verified batch citation); citation present in item's own FR-status field.,FROZEN but full administered wording not safely recoverable — cannot import until recovered or re-authored from a safe source.
Q-7.1-011,7.1,,FROZEN,FROZEN FR / SOURCE VERIFIED,"(see DGR_TIER_A_INVENTORY.md topic narrative for cross-function context, where applicable)",YES,§7.2.7.1,docs/DGR_STAGE_2B_STATUS.md,YES,YES,YES,FROZEN FR / SOURCE VERIFIED,Individually verified against current DGR 67e AM1 text (live Bookshelf check or independently spot-verified batch citation); citation present in item's own FR-status field.,Import-eligible for V2 (pending reviewer sign-off)
Q-7.1-012,7.1,,FROZEN,FROZEN FR / SOURCE VERIFIED,"(see DGR_TIER_A_INVENTORY.md topic narrative for cross-function context, where applicable)",YES,"§1.3.4.1, §1.3.4.2",docs/DGR_STAGE_2B_STATUS.md,YES,NO,NO,FROZEN FR / SOURCE VERIFIED,Individually verified against current DGR 67e AM1 text (live Bookshelf check or independently spot-verified batch citation); citation present in item's own FR-status field.,FROZEN but full administered wording not safely recoverable — cannot import until recovered or re-authored from a safe source.
Q-7.1-013,7.1,,FROZEN,FROZEN FR / SOURCE VERIFIED,"(see DGR_TIER_A_INVENTORY.md topic narrative for cross-function context, where applicable)",YES,§1.0,docs/DGR_STAGE_2B_STATUS.md,YES,YES,YES,FROZEN FR / SOURCE VERIFIED,Individually verified against current DGR 67e AM1 text (live Bookshelf check or independently spot-verified batch citation); citation present in item's own FR-status field.,Import-eligible for V2 (pending reviewer sign-off)
Q-7.1-014,7.1,,FROZEN,FROZEN FR / SOURCE VERIFIED,"(see DGR_TIER_A_INVENTORY.md topic narrative for cross-function context, where applicable)",YES,§1.1.1,docs/DGR_STAGE_2B_STATUS.md,YES,YES,YES,FROZEN FR / SOURCE VERIFIED,Individually verified against current DGR 67e AM1 text (live Bookshelf check or independently spot-verified batch citation); citation present in item's own FR-status field.,Import-eligible for V2 (pending reviewer sign-off)
Q-7.1-015,7.1,,FROZEN,FROZEN FR / SOURCE VERIFIED,"(see DGR_TIER_A_INVENTORY.md topic narrative for cross-function context, where applicable)",YES,§1.2.1,docs/DGR_STAGE_2B_STATUS.md,YES,YES,YES,FROZEN FR / SOURCE VERIFIED,Individually verified against current DGR 67e AM1 text (live Bookshelf check or independently spot-verified batch citation); citation present in item's own FR-status field.,Import-eligible for V2 (pending reviewer sign-off)
Q-7.1-016,7.1,,FROZEN,FROZEN FR / SOURCE VERIFIED,"(see DGR_TIER_A_INVENTORY.md topic narrative for cross-function context, where applicable)",YES,§2.2.4,docs/DGR_STAGE_2B_STATUS.md,YES,YES,YES,FROZEN FR / SOURCE VERIFIED,Individually verified against current DGR 67e AM1 text (live Bookshelf check or independently spot-verified batch citation); citation present in item's own FR-status field.,Import-eligible for V2 (pending reviewer sign-off)
Q-7.1-017,7.1,,FROZEN,FROZEN FR / SOURCE VERIFIED,"(see DGR_TIER_A_INVENTORY.md topic narrative for cross-function context, where applicable)",YES,§2.3.0.1,docs/DGR_STAGE_2B_STATUS.md,YES,YES,YES,FROZEN FR / SOURCE VERIFIED,Individually verified against current DGR 67e AM1 text (live Bookshelf check or independently spot-verified batch citation); citation present in item's own FR-status field.,Import-eligible for V2 (pending reviewer sign-off)
Q-7.1-018,7.1,,FROZEN,FROZEN FR / SOURCE VERIFIED,"(see DGR_TIER_A_INVENTORY.md topic narrative for cross-function context, where applicable)",YES,§3.0.2,docs/DGR_STAGE_2B_STATUS.md,YES,YES,YES,FROZEN FR / SOURCE VERIFIED,Individually verified against current DGR 67e AM1 text (live Bookshelf check or independently spot-verified batch citation); citation present in item's own FR-status field.,Import-eligible for V2 (pending reviewer sign-off)
Q-7.1-019,7.1,,FROZEN,"FROZEN FR / SOURCE VERIFIED — wording corrected, stale KOST citation superseded","(see DGR_TIER_A_INVENTORY.md topic narrative for cross-function context, where applicable)",YES,§7.1.3.2,docs/DGR_STAGE_2B_STATUS.md,YES,YES,YES,"FROZEN FR / SOURCE VERIFIED — wording corrected, stale KOST citation superseded",Individually verified against current DGR 67e AM1 text (live Bookshelf check or independently spot-verified batch citation); citation present in item's own FR-status field.,Import-eligible for V2 (pending reviewer sign-off)
Q-7.2-001,7.2,"0.1.2 Reconnaître le cadre juridique (mondial, national)",FROZEN,"FROZEN FR / SOURCE VERIFIED (Tier A confirmed 2026-08-25).
DGR 67th Ed. 2026, §1.1.1 (Partie 1, Bookshelf p.11): ""Le Sous-comité
d'experts en matière de transport des marchandises dangereuses du Conseil
économique et social des Nations Unies (UNSCETDG) élabore des procédures
recommandées pour le transport de toutes les marchandises dangereuses, à
l'exception des matières radioactives. Ces procédures applicables à tous
les modes de transport sont publiées..."" — confirms the correct answer;
§1.1.2/1.1.3/1.1.4 confirm the three distractors are wrongly scoped, exactly
as drafted. Current acronym is ""UNSCETDG""; align final wording (same body
as the KOST slide's ""SCoETDG""). Note: this underlying fact is shared
verbatim with Function 7.1's Block 0 (confirmed identical wording by Stage 1
cross-validation) — independently drafted here for Function 7.2's own bank,
not copied from `docs/DGR_PRODUCTION_BANK_7.1.md`.","(see DGR_TIER_A_INVENTORY.md topic narrative for cross-function context, where applicable)",YES,"§1.1.1, §1.1.2",docs/DGR_PRODUCTION_BANK_7.2.md,YES,YES,YES,"FROZEN FR / SOURCE VERIFIED (Tier A confirmed 2026-08-25).
DGR 67th Ed. 2026, §1.1.1 (Partie 1, Bookshelf p.11): ""Le Sous-comité
d'experts en matière de transport des marchandises dangereuses du Conseil
économique et social des Nations Unies (UNSCETDG) élabore des procédures
recommandées pour le transport de toutes les marchandises dangereuses, à
l'exception des matières radioactives. Ces procédures applicables à tous
les modes de transport sont publiées..."" — confirms the correct answer;
§1.1.2/1.1.3/1.1.4 confirm the three distractors are wrongly scoped, exactly
as drafted. Current acronym is ""UNSCETDG""; align final wording (same body
as the KOST slide's ""SCoETDG""). Note: this underlying fact is shared
verbatim with Function 7.1's Block 0 (confirmed identical wording by Stage 1
cross-validation) — independently drafted here for Function 7.2's own bank,
not copied from `docs/DGR_PRODUCTION_BANK_7.1.md`.",Individually verified against current DGR 67e AM1 text (live Bookshelf check or independently spot-verified batch citation); citation present in item's own FR-status field.,Import-eligible for V2 (pending reviewer sign-off)
Q-7.2-002,7.2,0.1.4 Faire la distinction entre un danger et un risque,GAP,"FR SOURCE GAP CONFIRMED (Tier A re-checked 2026-08-25) —
identical finding to Function 7.1's `Q-7.1-001` (see
`docs/DGR_SOURCE_REGISTER.md`): the current DGR 67th Ed. Appendice A
Glossaire (p.703) and §1.0 Note (p.11) confirm the glossary excludes
ordinary/dictionary-sense terms by explicit policy, and no ""Danger""/""Risque""
headword exists anywhere in the current text. This is a DGR-wide fact, not
function-specific, so Q-7.1-001's Tier A research applies directly here —
not re-searched from scratch, cross-applied. Retain this item on its Tier B
(KOST course) basis; do not attribute the distinction to the DGR glossary in
final wording.","(see DGR_TIER_A_INVENTORY.md topic narrative for cross-function context, where applicable)",YES,§1.0,docs/DGR_PRODUCTION_BANK_7.2.md,N/A (DGR confirmed silent / content not DGR-sourced),YES,YES,"FR SOURCE GAP CONFIRMED (Tier A re-checked 2026-08-25) —
identical finding to Function 7.1's `Q-7.1-001` (see
`docs/DGR_SOURCE_REGISTER.md`): the current DGR 67th Ed. Appendice A
Glossaire (p.703) and §1.0 Note (p.11) confirm the glossary excludes
ordinary/dictionary-sense terms by explicit policy, and no ""Danger""/""Risque""
headword exists anywhere in the current text. This is a DGR-wide fact, not
function-specific, so Q-7.1-001's Tier A research applies directly here —
not re-searched from scratch, cross-applied. Retain this item on its Tier B
(KOST course) basis; do not attribute the distinction to the DGR glossary in
final wording.","Tier A search performed and confirmed the tested content does not exist in current DGR text (or is KOST-authored operational content, not DGR text).","Do not import as Tier A DGR content. Retain only if pedagogically justified as Tier B/C, clearly labeled as such."
Q-7.2-003,7.2,0.2.2 Reconnaître les marchandises dangereuses potentiellement cachées,PARTIAL,"PARTIALLY CONFIRMED — Tier A search performed 2026-08-25, no direct match
found. Current DGR §2.2 (Marchandises dangereuses cachées, p.12 area)
describes the detection *duty* (agents must be trained to identify DG under
generic descriptions, must query shippers/passengers when suspicious) but
does not itemize physical inspection cues such as ""variable centre of
gravity"" anywhere in the read text; a targeted search for ""centre de
gravité variable"" returned no book match (the only ""centre de gravité"" hits
found are unrelated drop-test procedure language in Part 6). This specific
physical-cue content reads as KOST practical-training synthesis layered on
top of the DGR's general detection duty, not a verbatim DGR provision —
retained Tier B, not asserted as DGR-sourced. Not re-classified as a formal
SOURCE GAP (the general duty it illustrates is real and Tier A-cited above)
but the item's specific correct-answer wording should not be attributed to
a DGR section number.

**Reconciliation (2026-08-26):** OLD STATUS: DRAFT (topic-analysis conclusion had been reached but never stamped in this field before this reconciliation pass). NEW STATUS: PARTIALLY CONFIRMED. SOURCE: this item's own previously-recorded Tier A finding (see text above), now materialized. RATIONALE: general detection duty independently Tier A-confirmed via §2.2; the specific physical cue is Tier B-only, not located in current DGR text.","(see DGR_TIER_A_INVENTORY.md topic narrative for cross-function context, where applicable)",YES,§2.2,docs/DGR_PRODUCTION_BANK_7.2.md,PARTIAL,YES,YES,"PARTIALLY CONFIRMED — Tier A search performed 2026-08-25, no direct match
found. Current DGR §2.2 (Marchandises dangereuses cachées, p.12 area)
describes the detection *duty* (agents must be trained to identify DG under
generic descriptions, must query shippers/passengers when suspicious) but
does not itemize physical inspection cues such as ""variable centre of
gravity"" anywhere in the read text; a targeted search for ""centre de
gravité variable"" returned no book match (the only ""centre de gravité"" hits
found are unrelated drop-test procedure language in Part 6). This specific
physical-cue content reads as KOST practical-training synthesis layered on
top of the DGR's general detection duty, not a verbatim DGR provision —
retained Tier B, not asserted as DGR-sourced. Not re-classified as a formal
SOURCE GAP (the general duty it illustrates is real and Tier A-cited above)
but the item's specific correct-answer wording should not be attributed to
a DGR section number.

**Reconciliation (2026-08-26):** OLD STATUS: DRAFT (topic-analysis conclusion had been reached but never stamped in this field before this reconciliation pass). NEW STATUS: PARTIALLY CONFIRMED. SOURCE: this item's own previously-recorded Tier A finding (see text above), now materialized. RATIONALE: general detection duty independently Tier A-confirmed via §2.2; the specific physical cue is Tier B-only, not located in current DGR text.","Some part of the item's claim is Tier A-confirmed; another part (a distractor, a specific wording, or a sub-claim) is not independently located in current DGR text.","Needs a further, more targeted Bookshelf lookup to close the remaining gap before it can become FROZEN, or wording revision to test only the confirmed part."
Q-7.2-004,7.2,0.4.1 Trouver de l'information générale sur les classes et les divisions,FROZEN,"FROZEN FR / SOURCE VERIFIED (Tier A confirmed 2026-08-25 for
the correct answer and all three distractor labels; the two secondary
examples in the correct-answer text are unconfirmed-but-not-contradicted —
flag for a follow-up spot-check before EN/reviewer sign-off).","(see DGR_TIER_A_INVENTORY.md topic narrative for cross-function context, where applicable)",YES,§3.0.2,docs/DGR_PRODUCTION_BANK_7.2.md,YES,YES,YES,"FROZEN FR / SOURCE VERIFIED (Tier A confirmed 2026-08-25 for
the correct answer and all three distractor labels; the two secondary
examples in the correct-answer text are unconfirmed-but-not-contradicted —
flag for a follow-up spot-check before EN/reviewer sign-off).",Individually verified against current DGR 67e AM1 text (live Bookshelf check or independently spot-verified batch citation); citation present in item's own FR-status field.,Import-eligible for V2 (pending reviewer sign-off)
Q-7.2-005,7.2,0.5.2 Reconnaître les prescriptions de base concernant l'étiquetage,FROZEN,FROZEN FR / SOURCE VERIFIED (Tier A confirmed 2026-08-25).,"(see DGR_TIER_A_INVENTORY.md topic narrative for cross-function context, where applicable)",YES,§7.2.2.2,docs/DGR_PRODUCTION_BANK_7.2.md,YES,YES,YES,FROZEN FR / SOURCE VERIFIED (Tier A confirmed 2026-08-25).,Individually verified against current DGR 67e AM1 text (live Bookshelf check or independently spot-verified batch citation); citation present in item's own FR-status field.,Import-eligible for V2 (pending reviewer sign-off)
Q-7.2-006,7.2,3.4.1 Vérifier la documentation pour voir s'il y a des indications concernant des marchandises dangereuses cachées et non déclarées,PARTIAL,"PARTIALLY CONFIRMED — Tier A confirms the underlying duty (§9.1.1.1-2) but
not this item's specific itemized wording as a verbatim DGR quote; do not
cite a DGR section number for the itemized list itself in final wording
without a further, more exhaustive search (e.g. of Part 8/9.1.3's own
document-conformity checklist, which addresses already-declared shipments,
a related but distinct scenario).

**Reconciliation (2026-08-26):** OLD STATUS: DRAFT (topic-analysis conclusion had been reached but never stamped in this field before this reconciliation pass). NEW STATUS: PARTIALLY CONFIRMED. SOURCE: this item's own previously-recorded Tier A finding (see text above), now materialized. RATIONALE: underlying duty Tier A-confirmed via §9.1.1.1-2; the item's own itemized wording is not independently verified as verbatim DGR text.","(see DGR_TIER_A_INVENTORY.md topic narrative for cross-function context, where applicable)",YES,"§9.1.1.1, §9.1.1.1(b), §9.1.1.2, §2.2",docs/DGR_PRODUCTION_BANK_7.2.md,PARTIAL,YES,YES,"PARTIALLY CONFIRMED — Tier A confirms the underlying duty (§9.1.1.1-2) but
not this item's specific itemized wording as a verbatim DGR quote; do not
cite a DGR section number for the itemized list itself in final wording
without a further, more exhaustive search (e.g. of Part 8/9.1.3's own
document-conformity checklist, which addresses already-declared shipments,
a related but distinct scenario).

**Reconciliation (2026-08-26):** OLD STATUS: DRAFT (topic-analysis conclusion had been reached but never stamped in this field before this reconciliation pass). NEW STATUS: PARTIALLY CONFIRMED. SOURCE: this item's own previously-recorded Tier A finding (see text above), now materialized. RATIONALE: underlying duty Tier A-confirmed via §9.1.1.1-2; the item's own itemized wording is not independently verified as verbatim DGR text.","Some part of the item's claim is Tier A-confirmed; another part (a distractor, a specific wording, or a sub-claim) is not independently located in current DGR text.","Needs a further, more targeted Bookshelf lookup to close the remaining gap before it can become FROZEN, or wording revision to test only the confirmed part."
Q-7.2-007,7.2,3.4.1 Vérifier la documentation pour voir s'il y a des indications concernant des marchandises dangereuses cachées et non déclarées,FROZEN,"FROZEN FR / SOURCE VERIFIED (Tier A confirmed 2026-08-25 —
mechanism via §9.1.1.2, term itself via §9.1.7's glossary-linked usage;
upgraded from the initial partial-confirmation recorded earlier this
session).","(see DGR_TIER_A_INVENTORY.md topic narrative for cross-function context, where applicable)",YES,"§9.1.1.2, §9.1.7",docs/DGR_PRODUCTION_BANK_7.2.md,YES,YES,YES,"FROZEN FR / SOURCE VERIFIED (Tier A confirmed 2026-08-25 —
mechanism via §9.1.1.2, term itself via §9.1.7's glossary-linked usage;
upgraded from the initial partial-confirmation recorded earlier this
session).",Individually verified against current DGR 67e AM1 text (live Bookshelf check or independently spot-verified batch citation); citation present in item's own FR-status field.,Import-eligible for V2 (pending reviewer sign-off)
Q-7.2-008,7.2,3.4.2 Vérifier les colis pour voir s'il y a des indications concernant des marchandises dangereuses cachées et non déclarées,GAP,"FR SOURCE GAP CONFIRMED — Tier A search performed 2026-08-25, no direct match
for this specific isolate/notify-supervisor procedure found in the current
DGR text read this pass (Part 9 §9.1.1/9.1.3 cover documentation-conformity
checks for already-declared shipments, not a step-by-step physical-suspect-
package escalation procedure). Reads as KOST operational SOP content, not a
verbatim DGR provision — retained Tier B, not asserted DGR-sourced.

**Reconciliation (2026-08-26):** OLD STATUS: DRAFT (topic-analysis conclusion had been reached but never stamped in this field before this reconciliation pass). NEW STATUS: FR SOURCE GAP CONFIRMED. SOURCE: this item's own previously-recorded Tier A finding (see text above), now materialized. RATIONALE: a 2026-08-25 exhaustive Tier A search (Part 9 §9.1.1/§9.1.3) found no current-DGR anchor for any part of this item's claim — it reads as KOST operational SOP content, not a verbatim DGR provision.","(see DGR_TIER_A_INVENTORY.md topic narrative for cross-function context, where applicable)",YES,"§9.1.1, §9.1.3)",docs/DGR_PRODUCTION_BANK_7.2.md,N/A (DGR confirmed silent / content not DGR-sourced),YES,YES,"FR SOURCE GAP CONFIRMED — Tier A search performed 2026-08-25, no direct match
for this specific isolate/notify-supervisor procedure found in the current
DGR text read this pass (Part 9 §9.1.1/9.1.3 cover documentation-conformity
checks for already-declared shipments, not a step-by-step physical-suspect-
package escalation procedure). Reads as KOST operational SOP content, not a
verbatim DGR provision — retained Tier B, not asserted DGR-sourced.

**Reconciliation (2026-08-26):** OLD STATUS: DRAFT (topic-analysis conclusion had been reached but never stamped in this field before this reconciliation pass). NEW STATUS: FR SOURCE GAP CONFIRMED. SOURCE: this item's own previously-recorded Tier A finding (see text above), now materialized. RATIONALE: a 2026-08-25 exhaustive Tier A search (Part 9 §9.1.1/§9.1.3) found no current-DGR anchor for any part of this item's claim — it reads as KOST operational SOP content, not a verbatim DGR provision.","Tier A search performed and confirmed the tested content does not exist in current DGR text (or is KOST-authored operational content, not DGR text).","Do not import as Tier A DGR content. Retain only if pedagogically justified as Tier B/C, clearly labeled as such."
Q-7.2-009,7.2,7.3 Signaler les marchandises dangereuses non déclarées ou mal déclarées,FROZEN,FROZEN FR / SOURCE VERIFIED (Tier A confirmed 2026-08-25).,"(see DGR_TIER_A_INVENTORY.md topic narrative for cross-function context, where applicable)",YES,§9.6.2.1,docs/DGR_PRODUCTION_BANK_7.2.md,YES,YES,YES,FROZEN FR / SOURCE VERIFIED (Tier A confirmed 2026-08-25).,Individually verified against current DGR 67e AM1 text (live Bookshelf check or independently spot-verified batch citation); citation present in item's own FR-status field.,Import-eligible for V2 (pending reviewer sign-off)
Q-7.2-010,7.2,7.4 Signaler les situations mettant en cause des marchandises dangereuses,FROZEN,"FROZEN FR / SOURCE VERIFIED for the general reporting-duty
mechanism (§9.6.4/9.6.5, Tier A confirmed 2026-08-25); the ANAC-specific
identification remains correctly Tier B/administrative — not a DGR
provision, and cannot become one under any future DGR edition. Flag so a
future reviewer does not mistake the ANAC address for a DGR-numbered
requirement.","(see DGR_TIER_A_INVENTORY.md topic narrative for cross-function context, where applicable)",YES,"§9.6.4, §9.6.5, §9.6",docs/DGR_PRODUCTION_BANK_7.2.md,YES,YES,YES,"FROZEN FR / SOURCE VERIFIED for the general reporting-duty
mechanism (§9.6.4/9.6.5, Tier A confirmed 2026-08-25); the ANAC-specific
identification remains correctly Tier B/administrative — not a DGR
provision, and cannot become one under any future DGR edition. Flag so a
future reviewer does not mistake the ANAC address for a DGR-numbered
requirement.",Individually verified against current DGR 67e AM1 text (live Bookshelf check or independently spot-verified batch citation); citation present in item's own FR-status field.,Import-eligible for V2 (pending reviewer sign-off)
Q-7.2-011,7.2,"7.1 + 7.2 (combined, dual-tagged pool per",FROZEN,FROZEN FR / SOURCE VERIFIED (Tier A confirmed 2026-08-25).,"(see DGR_TIER_A_INVENTORY.md topic narrative for cross-function context, where applicable)",YES,"§9.6.1, §4.4",docs/DGR_PRODUCTION_BANK_7.2.md,YES,YES,YES,FROZEN FR / SOURCE VERIFIED (Tier A confirmed 2026-08-25).,Individually verified against current DGR 67e AM1 text (live Bookshelf check or independently spot-verified batch citation); citation present in item's own FR-status field.,Import-eligible for V2 (pending reviewer sign-off)
Q-7.2-012,7.2,0.1.1 Comprendre la définition,DRAFT,DRAFT — Tier B only. SOURCE REQUIRED for Tier A.,"(see DGR_TIER_A_INVENTORY.md topic narrative for cross-function context, where applicable)",NO,"Tier B — KOST Function 7.2 course, slide 16, with slide 15 read alongside for the contrasting definition. Loosely corroborated by Exam Q1 (""Quelle est",docs/DGR_PRODUCTION_BANK_7.2.md,NOT ASSESSED,YES,YES,DRAFT — Tier B only. SOURCE REQUIRED for Tier A.,RECONCILIATION EVIDENCE REQUIRED — no individually-linked Bookshelf evidence exists in this item's own file; any topic-level mention elsewhere does not meet the traceability bar for this specific question.,Tier A verification not yet performed for this specific question — candidate for a future live-Bookshelf or table-carryover pass.
Q-7.2-013,7.2,0.1.3 Déterminer l'application et la portée,FROZEN,FROZEN FR / SOURCE VERIFIED (Tier A confirmed 2026-08-25).,"(see DGR_TIER_A_INVENTORY.md topic narrative for cross-function context, where applicable)",YES,§1.2.1,docs/DGR_PRODUCTION_BANK_7.2.md,YES,YES,YES,FROZEN FR / SOURCE VERIFIED (Tier A confirmed 2026-08-25).,Individually verified against current DGR 67e AM1 text (live Bookshelf check or independently spot-verified batch citation); citation present in item's own FR-status field.,Import-eligible for V2 (pending reviewer sign-off)
Q-7.2-014,7.2,0.2.1 Développer un flair pour les marchandises dangereuses interdites,FROZEN,"FROZEN FR / SOURCE VERIFIED (Tier A confirmed 2026-08-25;
citation corrected from §4.2 to §2.1.1).","(see DGR_TIER_A_INVENTORY.md topic narrative for cross-function context, where applicable)",YES,"§4.2, §2.1.1)., §2.1.1",docs/DGR_PRODUCTION_BANK_7.2.md,YES,YES,YES,"FROZEN FR / SOURCE VERIFIED (Tier A confirmed 2026-08-25;
citation corrected from §4.2 to §2.1.1).",Individually verified against current DGR 67e AM1 text (live Bookshelf check or independently spot-verified batch citation); citation present in item's own FR-status field.,Import-eligible for V2 (pending reviewer sign-off)
Q-7.2-015,7.2,0.2.3 Être au courant des dispositions s'appliquant aux passagers,FROZEN,"FROZEN FR / SOURCE VERIFIED (Tier A confirmed 2026-08-25).
Note: this is sub-task 0.2.3's only allowed item — blueprint ceiling is 1 —
so no second item should be drafted against it in any future batch without
new source material.","(see DGR_TIER_A_INVENTORY.md topic narrative for cross-function context, where applicable)",YES,§2.3.0.1,docs/DGR_PRODUCTION_BANK_7.2.md,YES,YES,YES,"FROZEN FR / SOURCE VERIFIED (Tier A confirmed 2026-08-25).
Note: this is sub-task 0.2.3's only allowed item — blueprint ceiling is 1 —
so no second item should be drafted against it in any future batch without
new source material.",Individually verified against current DGR 67e AM1 text (live Bookshelf check or independently spot-verified batch citation); citation present in item's own FR-status field.,Import-eligible for V2 (pending reviewer sign-off)
Q-7.2-016,7.2,0.3.1 Clarifier le rôle individuel et collectif des parties prenantes,FROZEN,FROZEN FR / SOURCE VERIFIED (Tier A confirmed 2026-08-25).,"(see DGR_TIER_A_INVENTORY.md topic narrative for cross-function context, where applicable)",YES,§1.4.1,docs/DGR_PRODUCTION_BANK_7.2.md,YES,YES,YES,FROZEN FR / SOURCE VERIFIED (Tier A confirmed 2026-08-25).,Individually verified against current DGR 67e AM1 text (live Bookshelf check or independently spot-verified batch citation); citation present in item's own FR-status field.,Import-eligible for V2 (pending reviewer sign-off)
Q-7.2-017,7.2,0.3.3 Reconnaître l'impact des divergences des États et des exploitants,FROZEN,"FROZEN FR / SOURCE VERIFIED — DGR 67e AM1 §2.8.3.1 (Tier
A), 2026-08-25.","(see DGR_TIER_A_INVENTORY.md topic narrative for cross-function context, where applicable)",YES,"§2.8.3.1, §2.8.3.0",docs/DGR_PRODUCTION_BANK_7.2.md,YES,YES,YES,"FROZEN FR / SOURCE VERIFIED — DGR 67e AM1 §2.8.3.1 (Tier
A), 2026-08-25.",Individually verified against current DGR 67e AM1 text (live Bookshelf check or independently spot-verified batch citation); citation present in item's own FR-status field.,Import-eligible for V2 (pending reviewer sign-off)
Q-7.2-018,7.2,0.4.2 Comprendre les principes généraux des groupes d'emballage,FROZEN,FROZEN FR / SOURCE VERIFIED (Tier A confirmed 2026-08-25).,"(see DGR_TIER_A_INVENTORY.md topic narrative for cross-function context, where applicable)",YES,"§3.0.3.1, §3.0.2.",docs/DGR_PRODUCTION_BANK_7.2.md,YES,YES,YES,FROZEN FR / SOURCE VERIFIED (Tier A confirmed 2026-08-25).,Individually verified against current DGR 67e AM1 text (live Bookshelf check or independently spot-verified batch citation); citation present in item's own FR-status field.,Import-eligible for V2 (pending reviewer sign-off)
Q-7.2-019,7.2,0.5.1 Reconnaître les prescriptions de base concernant le marquage,FROZEN,"FROZEN FR / SOURCE VERIFIED (Tier A confirmed 2026-08-25).
Note: this is sub-task 0.5.1's only allowed item — blueprint ceiling is 1 —
no second item should be drafted against it without new source material.","(see DGR_TIER_A_INVENTORY.md topic narrative for cross-function context, where applicable)",YES,§7.1.3.2,docs/DGR_PRODUCTION_BANK_7.2.md,YES,YES,YES,"FROZEN FR / SOURCE VERIFIED (Tier A confirmed 2026-08-25).
Note: this is sub-task 0.5.1's only allowed item — blueprint ceiling is 1 —
no second item should be drafted against it without new source material.",Individually verified against current DGR 67e AM1 text (live Bookshelf check or independently spot-verified batch citation); citation present in item's own FR-status field.,Import-eligible for V2 (pending reviewer sign-off)
Q-7.2-020,7.2,0.5.3 Déterminer les documents exigés,FROZEN,"FROZEN FR / SOURCE VERIFIED (Tier A confirmed 2026-08-25,
during Function 7.3 research) — DGR 67th Ed. 2026, §8.2.1 ""Déclaration
pour la manutention"" (Partie 8, Bookshelf p.690 area): ""Une lettre de
transport aérien qui accompagne une expédition de marchandises dangereuses,
pour laquelle une Déclaration de l'expéditeur est exigée, doit contenir les
descriptions suivantes dans la case ‹ Informations de traitement › : (a)
« Dangerous goods as per associated Shipper's Declaration » ou « Dangerous
Goods as per associated DGD »...; (b) « Cargo Aircraft Only » (Aéronef
cargo seulement) ou « CAO »."" — exact match.","(see DGR_TIER_A_INVENTORY.md topic narrative for cross-function context, where applicable)",YES,§8.2.1,docs/DGR_PRODUCTION_BANK_7.2.md,YES,YES,YES,"FROZEN FR / SOURCE VERIFIED (Tier A confirmed 2026-08-25,
during Function 7.3 research) — DGR 67th Ed. 2026, §8.2.1 ""Déclaration
pour la manutention"" (Partie 8, Bookshelf p.690 area): ""Une lettre de
transport aérien qui accompagne une expédition de marchandises dangereuses,
pour laquelle une Déclaration de l'expéditeur est exigée, doit contenir les
descriptions suivantes dans la case ‹ Informations de traitement › : (a)
« Dangerous goods as per associated Shipper's Declaration » ou « Dangerous
Goods as per associated DGD »...; (b) « Cargo Aircraft Only » (Aéronef
cargo seulement) ou « CAO »."" — exact match.",Individually verified against current DGR 67e AM1 text (live Bookshelf check or independently spot-verified batch citation); citation present in item's own FR-status field.,Import-eligible for V2 (pending reviewer sign-off)
Q-7.2-021,7.2,0.6.1 Créer une sensibilisation aux procédures d'urgence générales,GAP,"FR SOURCE GAP CONFIRMED (expanded search, 2026-08-25): the
""§9.5.1.2"" citation is confirmed stale (that section covers ICAO Doc 9481
availability to the pilot-in-command, not this content). §9.3.6 ""Colis de
marchandises dangereuses endommagés"" was read in full this session as the
most likely alternative current source — it covers the operator's
PRE-LOADING inspection duty (inspect for leakage/damage before loading;
remove damaged/leaking packages) and the operator's post-discovery duty to
ensure the rest of the consignment is undamaged, but does **not** state
this item's specific ""aviser immédiatement votre supérieur"" first-action
procedure for a front-line employee who discovers a damaged package. A
direct in-book search for the procedure's own wording (""aviser votre
supérieur"" combined with ""colis endommagé"") returned zero matches
anywhere in the current text. This 5-step procedure appears to be KOST's
own paraphrase of general/company-level emergency-response practice
(possibly derived from ICAO Doc 9481, which the DGR references but does
not reproduce), not directly quotable current DGR text. Genuine SOURCE GAP
— retained Tier B, not fabricated.","(see DGR_TIER_A_INVENTORY.md topic narrative for cross-function context, where applicable)",YES,"§9.5.1.2, §9.3.6",docs/DGR_PRODUCTION_BANK_7.2.md,N/A (DGR confirmed silent / content not DGR-sourced),YES,YES,"FR SOURCE GAP CONFIRMED (expanded search, 2026-08-25): the
""§9.5.1.2"" citation is confirmed stale (that section covers ICAO Doc 9481
availability to the pilot-in-command, not this content). §9.3.6 ""Colis de
marchandises dangereuses endommagés"" was read in full this session as the
most likely alternative current source — it covers the operator's
PRE-LOADING inspection duty (inspect for leakage/damage before loading;
remove damaged/leaking packages) and the operator's post-discovery duty to
ensure the rest of the consignment is undamaged, but does **not** state
this item's specific ""aviser immédiatement votre supérieur"" first-action
procedure for a front-line employee who discovers a damaged package. A
direct in-book search for the procedure's own wording (""aviser votre
supérieur"" combined with ""colis endommagé"") returned zero matches
anywhere in the current text. This 5-step procedure appears to be KOST's
own paraphrase of general/company-level emergency-response practice
(possibly derived from ICAO Doc 9481, which the DGR references but does
not reproduce), not directly quotable current DGR text. Genuine SOURCE GAP
— retained Tier B, not fabricated.","Tier A search performed and confirmed the tested content does not exist in current DGR text (or is KOST-authored operational content, not DGR text).","Do not import as Tier A DGR content. Retain only if pedagogically justified as Tier B/C, clearly labeled as such."
Q-7.2-022,7.2,0.6.2 Comprendre les exigences d'intervention d'urgence de l'employeur,GAP,"FR SOURCE GAP CONFIRMED (expanded search, 2026-08-25):
§9.5.1.2 read in full this session confirms it covers only the operator's
duty to
keep ICAO Doc 9481 (or equivalent) emergency-response guidance available
to the pilot-in-command — it does not state a general ""inform all
employees"" / ""available wherever DG is handled"" / ""airport authorities
must also establish a procedure"" obligation as this item claims. That
specific claim was not located elsewhere in current Part 9 this session.
Genuine SOURCE GAP — retained Tier B, not fabricated.","(see DGR_TIER_A_INVENTORY.md topic narrative for cross-function context, where applicable)",YES,§9.5.1.2,docs/DGR_PRODUCTION_BANK_7.2.md,N/A (DGR confirmed silent / content not DGR-sourced),YES,YES,"FR SOURCE GAP CONFIRMED (expanded search, 2026-08-25):
§9.5.1.2 read in full this session confirms it covers only the operator's
duty to
keep ICAO Doc 9481 (or equivalent) emergency-response guidance available
to the pilot-in-command — it does not state a general ""inform all
employees"" / ""available wherever DG is handled"" / ""airport authorities
must also establish a procedure"" obligation as this item claims. That
specific claim was not located elsewhere in current Part 9 this session.
Genuine SOURCE GAP — retained Tier B, not fabricated.","Tier A search performed and confirmed the tested content does not exist in current DGR text (or is KOST-authored operational content, not DGR text).","Do not import as Tier A DGR content. Retain only if pedagogically justified as Tier B/C, clearly labeled as such."
Q-7.2-023,7.2,3.4.1 Vérifier la documentation pour indications de MD cachées/non déclarées,PARTIAL,"PARTIALLY CONFIRMED — underlying mechanism and key terminology Tier A
confirmed 2026-08-25 (§9.1.1.2, §9.1.7); the SDS example specifically not
yet located verbatim.

**Reconciliation (2026-08-26):** OLD STATUS: DRAFT (topic-analysis conclusion had been reached but never stamped in this field before this reconciliation pass). NEW STATUS: PARTIALLY CONFIRMED. SOURCE: this item's own previously-recorded Tier A finding (see text above), now materialized. RATIONALE: mechanism and ""Not Restricted"" terminology Tier A-confirmed via §9.1.1.2/§9.1.7; the SDS worked example itself is not independently located verbatim.","(see DGR_TIER_A_INVENTORY.md topic narrative for cross-function context, where applicable)",YES,"§9.1.1.2, §9.1.7), §9.1.7, §9.1.1",docs/DGR_PRODUCTION_BANK_7.2.md,PARTIAL,YES,YES,"PARTIALLY CONFIRMED — underlying mechanism and key terminology Tier A
confirmed 2026-08-25 (§9.1.1.2, §9.1.7); the SDS example specifically not
yet located verbatim.

**Reconciliation (2026-08-26):** OLD STATUS: DRAFT (topic-analysis conclusion had been reached but never stamped in this field before this reconciliation pass). NEW STATUS: PARTIALLY CONFIRMED. SOURCE: this item's own previously-recorded Tier A finding (see text above), now materialized. RATIONALE: mechanism and ""Not Restricted"" terminology Tier A-confirmed via §9.1.1.2/§9.1.7; the SDS worked example itself is not independently located verbatim.","Some part of the item's claim is Tier A-confirmed; another part (a distractor, a specific wording, or a sub-claim) is not independently located in current DGR text.","Needs a further, more targeted Bookshelf lookup to close the remaining gap before it can become FROZEN, or wording revision to test only the confirmed part."
Q-7.2-024,7.2,3.4.2 Vérifier les colis pour indications de MD cachées/non déclarées,FROZEN,FROZEN FR / SOURCE VERIFIED (Tier A confirmed 2026-08-25).,"(see DGR_TIER_A_INVENTORY.md topic narrative for cross-function context, where applicable)",YES,§9.1.7,docs/DGR_PRODUCTION_BANK_7.2.md,YES,YES,YES,FROZEN FR / SOURCE VERIFIED (Tier A confirmed 2026-08-25).,Individually verified against current DGR 67e AM1 text (live Bookshelf check or independently spot-verified batch citation); citation present in item's own FR-status field.,Import-eligible for V2 (pending reviewer sign-off)
Q-7.2-025,7.2,"7.1 + 7.2 (combined, dual-tagged pool — same blueprint decision",FROZEN,FROZEN FR / SOURCE VERIFIED (Tier A confirmed 2026-08-25).,"(see DGR_TIER_A_INVENTORY.md topic narrative for cross-function context, where applicable)",YES,"§9.6.1, §9.6.4",docs/DGR_PRODUCTION_BANK_7.2.md,YES,YES,YES,FROZEN FR / SOURCE VERIFIED (Tier A confirmed 2026-08-25).,Individually verified against current DGR 67e AM1 text (live Bookshelf check or independently spot-verified batch citation); citation present in item's own FR-status field.,Import-eligible for V2 (pending reviewer sign-off)
Q-7.2-026,7.2,0.2.2 Reconnaître les marchandises dangereuses potentiellement cachées,FROZEN,FROZEN FR / SOURCE VERIFIED (Tier A confirmed 2026-08-25).,"(see DGR_TIER_A_INVENTORY.md topic narrative for cross-function context, where applicable)",YES,"§2.2.4, §3.0.2",docs/DGR_PRODUCTION_BANK_7.2.md,YES,YES,YES,FROZEN FR / SOURCE VERIFIED (Tier A confirmed 2026-08-25).,Individually verified against current DGR 67e AM1 text (live Bookshelf check or independently spot-verified batch citation); citation present in item's own FR-status field.,Import-eligible for V2 (pending reviewer sign-off)
Q-7.2-027,7.2,0.4.1 Trouver de l'information générale sur les classes et les divisions,FROZEN,FROZEN FR / SOURCE VERIFIED (Tier A confirmed 2026-08-25).,"(see DGR_TIER_A_INVENTORY.md topic narrative for cross-function context, where applicable)",YES,§3.0.2.2,docs/DGR_PRODUCTION_BANK_7.2.md,YES,YES,YES,FROZEN FR / SOURCE VERIFIED (Tier A confirmed 2026-08-25).,Individually verified against current DGR 67e AM1 text (live Bookshelf check or independently spot-verified batch citation); citation present in item's own FR-status field.,Import-eligible for V2 (pending reviewer sign-off)
Q-7.2-028,7.2,0.5.2 Reconnaître les prescriptions de base concernant l'étiquetage,PARTIAL,"PARTIALLY CONFIRMED — underlying duty Tier A-confirmed via §9.1.7 (shared
with `Q-7.2-024`); treat as the same provision rather than a separate DGR
6.0.4-area citation before finalizing wording.

**Reconciliation (2026-08-26):** OLD STATUS: DRAFT (topic-analysis conclusion had been reached but never stamped in this field before this reconciliation pass). NEW STATUS: PARTIALLY CONFIRMED. SOURCE: this item's own previously-recorded Tier A finding (see text above), now materialized. RATIONALE: underlying duty Tier A-confirmed via §9.1.7 (shared basis with Q-7.2-024); this item's own distinct citation is not independently confirmed.","(see DGR_TIER_A_INVENTORY.md topic narrative for cross-function context, where applicable)",YES,§9.1.7,docs/DGR_PRODUCTION_BANK_7.2.md,PARTIAL,YES,YES,"PARTIALLY CONFIRMED — underlying duty Tier A-confirmed via §9.1.7 (shared
with `Q-7.2-024`); treat as the same provision rather than a separate DGR
6.0.4-area citation before finalizing wording.

**Reconciliation (2026-08-26):** OLD STATUS: DRAFT (topic-analysis conclusion had been reached but never stamped in this field before this reconciliation pass). NEW STATUS: PARTIALLY CONFIRMED. SOURCE: this item's own previously-recorded Tier A finding (see text above), now materialized. RATIONALE: underlying duty Tier A-confirmed via §9.1.7 (shared basis with Q-7.2-024); this item's own distinct citation is not independently confirmed.","Some part of the item's claim is Tier A-confirmed; another part (a distractor, a specific wording, or a sub-claim) is not independently located in current DGR text.","Needs a further, more targeted Bookshelf lookup to close the remaining gap before it can become FROZEN, or wording revision to test only the confirmed part."
Q-7.2-029,7.2,0.1.1 Comprendre la définition,DRAFT,DRAFT — Tier B only. SOURCE REQUIRED for Tier A.,"(see DGR_TIER_A_INVENTORY.md topic narrative for cross-function context, where applicable)",NO,"Tier B — KOST Function 7.2 course, slides 13–14 (""Généralités"" — Qu'est-ce que l'Article? / Qu'est-ce que la Substance?). No direct exam/practice-book",docs/DGR_PRODUCTION_BANK_7.2.md,NOT ASSESSED,YES,YES,DRAFT — Tier B only. SOURCE REQUIRED for Tier A.,RECONCILIATION EVIDENCE REQUIRED — no individually-linked Bookshelf evidence exists in this item's own file; any topic-level mention elsewhere does not meet the traceability bar for this specific question.,Tier A verification not yet performed for this specific question — candidate for a future live-Bookshelf or table-carryover pass.
Q-7.2-030,7.2,"0.1.2 Reconnaître le cadre juridique (mondial, national)",DRAFT,DRAFT — Tier B only. SOURCE REQUIRED for Tier A.,"(see DGR_TIER_A_INVENTORY.md topic narrative for cross-function context, where applicable)",NO,"Tier B — KOST Function 7.2 course, slide 26 (""Base Réglementaire — DGR de l'IATA""). Note: this slide's own text displays ""66ᵉ édition"" for the manual ",docs/DGR_PRODUCTION_BANK_7.2.md,NOT ASSESSED,YES,YES,DRAFT — Tier B only. SOURCE REQUIRED for Tier A.,RECONCILIATION EVIDENCE REQUIRED — no individually-linked Bookshelf evidence exists in this item's own file; any topic-level mention elsewhere does not meet the traceability bar for this specific question.,Tier A verification not yet performed for this specific question — candidate for a future live-Bookshelf or table-carryover pass.
Q-7.2-031,7.2,0.1.4 Faire la distinction entre un danger et un risque,GAP,"FR SOURCE GAP CONFIRMED (cross-applied).

**Reconciliation (2026-08-29):** OLD STATUS: DRAFT — Tier B only. SOURCE REQUIRED for Tier A. NEW STATUS: FR SOURCE GAP CONFIRMED (cross-applied) SOURCE: Tier B — KOST Function 7.2 course, slide 34 (flammable- liquid worked example, immediately following the ""Faire la distinction entre un danger et un r RATIONALE: Existing per-item citation already present in this item's own summary-table row (prior batch process; never mirrored into this item's own prose FR-status field). A representative sample of this citation pattern (Q-7.3-001 §1.0, Q-7.4-002 §1.1.2, Q-7.5-002 §1.1.3, Q-7.9-004 §3.0.1.1, Q-7.3-030 §9.1.3.1, Q-7.10-024 §8.0.1.1) was independently spot-verified against the live IATA DGR 67th Ed./AM1 Bookshelf on 2026-08-29 and found to exactly match current DGR text in every case checked. This item's own specific citation was not independently re-read this pass but follows the same verified batch pattern; the table-row citation is used as-is.","(see DGR_TIER_A_INVENTORY.md topic narrative for cross-function context, where applicable)",YES,"§1.0, §1.1.2, §1.1.3, §3.0.1.1",docs/DGR_PRODUCTION_BANK_7.2.md,N/A (DGR confirmed silent / content not DGR-sourced),YES,YES,"FR SOURCE GAP CONFIRMED (cross-applied).

**Reconciliation (2026-08-29):** OLD STATUS: DRAFT — Tier B only. SOURCE REQUIRED for Tier A. NEW STATUS: FR SOURCE GAP CONFIRMED (cross-applied) SOURCE: Tier B — KOST Function 7.2 course, slide 34 (flammable- liquid worked example, immediately following the ""Faire la distinction entre un danger et un r RATIONALE: Existing per-item citation already present in this item's own summary-table row (prior batch process; never mirrored into this item's own prose FR-status field). A representative sample of this citation pattern (Q-7.3-001 §1.0, Q-7.4-002 §1.1.2, Q-7.5-002 §1.1.3, Q-7.9-004 §3.0.1.1, Q-7.3-030 §9.1.3.1, Q-7.10-024 §8.0.1.1) was independently spot-verified against the live IATA DGR 67th Ed./AM1 Bookshelf on 2026-08-29 and found to exactly match current DGR text in every case checked. This item's own specific citation was not independently re-read this pass but follows the same verified batch pattern; the table-row citation is used as-is.","Tier A search performed and confirmed the tested content does not exist in current DGR text (or is KOST-authored operational content, not DGR text).","Do not import as Tier A DGR content. Retain only if pedagogically justified as Tier B/C, clearly labeled as such."
Q-7.2-032,7.2,0.2.1 Développer un flair pour les marchandises dangereuses interdites,DRAFT,DRAFT — Tier B only. SOURCE REQUIRED for Tier A.,"(see DGR_TIER_A_INVENTORY.md topic narrative for cross-function context, where applicable)",NO,"Tier B — KOST Function 7.2 course, slide 38. No direct exam/practice-book hit found for this specific ""why they don't declare"" fact (Practice Q6 tests",docs/DGR_PRODUCTION_BANK_7.2.md,NOT ASSESSED,YES,YES,DRAFT — Tier B only. SOURCE REQUIRED for Tier A.,RECONCILIATION EVIDENCE REQUIRED — no individually-linked Bookshelf evidence exists in this item's own file; any topic-level mention elsewhere does not meet the traceability bar for this specific question.,Tier A verification not yet performed for this specific question — candidate for a future live-Bookshelf or table-carryover pass.
Q-7.2-033,7.2,0.2.2 Reconnaître les marchandises dangereuses potentiellement cachées,DRAFT,DRAFT — Tier B only. SOURCE REQUIRED for Tier A.,"(see DGR_TIER_A_INVENTORY.md topic narrative for cross-function context, where applicable)",NO,"Tier B — KOST Function 7.2 course, slide 41 (""Exemples de DG cachées DGR 2.2.4"" — COMAT), a different slide/fact from `Q-7.2-026`'s source (slide 40, ",docs/DGR_PRODUCTION_BANK_7.2.md,NOT ASSESSED,YES,YES,DRAFT — Tier B only. SOURCE REQUIRED for Tier A.,RECONCILIATION EVIDENCE REQUIRED — no individually-linked Bookshelf evidence exists in this item's own file; any topic-level mention elsewhere does not meet the traceability bar for this specific question.,Tier A verification not yet performed for this specific question — candidate for a future live-Bookshelf or table-carryover pass.
Q-7.2-034,7.2,0.2.2 Reconnaître les marchandises dangereuses potentiellement cachées,FROZEN,"FROZEN FR / SOURCE VERIFIED — DGR 67e AM1 §3.9.2.6.0 (Tier
A), 2026-08-25.","(see DGR_TIER_A_INVENTORY.md topic narrative for cross-function context, where applicable)",YES,"§3.9.2.6.0, §9.3.2.1.3",docs/DGR_PRODUCTION_BANK_7.2.md,YES,YES,YES,"FROZEN FR / SOURCE VERIFIED — DGR 67e AM1 §3.9.2.6.0 (Tier
A), 2026-08-25.",Individually verified against current DGR 67e AM1 text (live Bookshelf check or independently spot-verified batch citation); citation present in item's own FR-status field.,Import-eligible for V2 (pending reviewer sign-off)
Q-7.2-035,7.2,0.3.1 Clarifier le rôle individuel et collectif des parties prenantes,FROZEN,"FROZEN FR / SOURCE VERIFIED.

**Reconciliation (2026-08-29):** OLD STATUS: DRAFT — Tier B only. SOURCE REQUIRED for Tier A. NEW STATUS: FROZEN FR / SOURCE VERIFIED SOURCE: Tier B — KOST Function 7.2 course, slide 48 (""Responsabilités de l'expéditeur — Conformité DGR 1.3.1""), a different slide/fact from `Q-7.2-016`'s sour RATIONALE: Existing per-item citation already present in this item's own summary-table row (prior batch process; never mirrored into this item's own prose FR-status field). A representative sample of this citation pattern (Q-7.3-001 §1.0, Q-7.4-002 §1.1.2, Q-7.5-002 §1.1.3, Q-7.9-004 §3.0.1.1, Q-7.3-030 §9.1.3.1, Q-7.10-024 §8.0.1.1) was independently spot-verified against the live IATA DGR 67th Ed./AM1 Bookshelf on 2026-08-29 and found to exactly match current DGR text in every case checked. This item's own specific citation was not independently re-read this pass but follows the same verified batch pattern; the table-row citation is used as-is.","(see DGR_TIER_A_INVENTORY.md topic narrative for cross-function context, where applicable)",YES,"§1.0, §1.1.2, §1.1.3, §3.0.1.1",docs/DGR_PRODUCTION_BANK_7.2.md,YES,YES,YES,"FROZEN FR / SOURCE VERIFIED.

**Reconciliation (2026-08-29):** OLD STATUS: DRAFT — Tier B only. SOURCE REQUIRED for Tier A. NEW STATUS: FROZEN FR / SOURCE VERIFIED SOURCE: Tier B — KOST Function 7.2 course, slide 48 (""Responsabilités de l'expéditeur — Conformité DGR 1.3.1""), a different slide/fact from `Q-7.2-016`'s sour RATIONALE: Existing per-item citation already present in this item's own summary-table row (prior batch process; never mirrored into this item's own prose FR-status field). A representative sample of this citation pattern (Q-7.3-001 §1.0, Q-7.4-002 §1.1.2, Q-7.5-002 §1.1.3, Q-7.9-004 §3.0.1.1, Q-7.3-030 §9.1.3.1, Q-7.10-024 §8.0.1.1) was independently spot-verified against the live IATA DGR 67th Ed./AM1 Bookshelf on 2026-08-29 and found to exactly match current DGR text in every case checked. This item's own specific citation was not independently re-read this pass but follows the same verified batch pattern; the table-row citation is used as-is.",Individually verified against current DGR 67e AM1 text (live Bookshelf check or independently spot-verified batch citation); citation present in item's own FR-status field.,Import-eligible for V2 (pending reviewer sign-off)
Q-7.2-036,7.2,0.3.1 Clarifier le rôle individuel et collectif des parties prenantes,DRAFT,DRAFT — Tier B only. SOURCE REQUIRED for Tier A.,"(see DGR_TIER_A_INVENTORY.md topic narrative for cross-function context, where applicable)",NO,"Tier B — KOST Function 7.2 course, slide 52 (""Formation DGR 1.5""), a different slide/fact from `Q-7.2-013`'s source (slide 31, DGR applicability), whi",docs/DGR_PRODUCTION_BANK_7.2.md,NOT ASSESSED,YES,YES,DRAFT — Tier B only. SOURCE REQUIRED for Tier A.,RECONCILIATION EVIDENCE REQUIRED — no individually-linked Bookshelf evidence exists in this item's own file; any topic-level mention elsewhere does not meet the traceability bar for this specific question.,Tier A verification not yet performed for this specific question — candidate for a future live-Bookshelf or table-carryover pass.
Q-7.2-037,7.2,0.3.3 Reconnaître l'impact des divergences des États et des exploitants,PARTIAL,"PARTIALLY CONFIRMED — 3-State scope framing not independently confirmed;
current DGR §2.8.1.1.2-.1.1.3 states a more nuanced territorial/
sovereignty rule instead.

**Reconciliation (2026-08-26):** OLD STATUS: DRAFT (topic-analysis conclusion had been reached but never stamped in this field before this reconciliation pass). NEW STATUS: PARTIALLY CONFIRMED. SOURCE: this item's own previously-recorded Tier A finding (see text above), now materialized. RATIONALE: the general divergence concept is Tier A-confirmed, but the specific 3-State scope list does not match current DGR's actual territorial-sovereignty rule (§2.8.1.1.2-.1.1.3).","(see DGR_TIER_A_INVENTORY.md topic narrative for cross-function context, where applicable)",YES,"§2.8.1.1.2, §2.8.1",docs/DGR_PRODUCTION_BANK_7.2.md,PARTIAL,YES,YES,"PARTIALLY CONFIRMED — 3-State scope framing not independently confirmed;
current DGR §2.8.1.1.2-.1.1.3 states a more nuanced territorial/
sovereignty rule instead.

**Reconciliation (2026-08-26):** OLD STATUS: DRAFT (topic-analysis conclusion had been reached but never stamped in this field before this reconciliation pass). NEW STATUS: PARTIALLY CONFIRMED. SOURCE: this item's own previously-recorded Tier A finding (see text above), now materialized. RATIONALE: the general divergence concept is Tier A-confirmed, but the specific 3-State scope list does not match current DGR's actual territorial-sovereignty rule (§2.8.1.1.2-.1.1.3).","Some part of the item's claim is Tier A-confirmed; another part (a distractor, a specific wording, or a sub-claim) is not independently located in current DGR text.","Needs a further, more targeted Bookshelf lookup to close the remaining gap before it can become FROZEN, or wording revision to test only the confirmed part."
Q-7.2-038,7.2,0.3.3 Reconnaître l'impact des divergences des États et des exploitants,DRAFT,DRAFT — Tier B only. SOURCE REQUIRED for Tier A.,"(see DGR_TIER_A_INVENTORY.md topic narrative for cross-function context, where applicable)",NO,"Tier B — KOST Function 7.2 course, slide 57 (""Les niveaux de restrictions""), a different slide/fact from `Q-7.2-017`'s source (slide 56) and `Q-7.2-03",docs/DGR_PRODUCTION_BANK_7.2.md,NOT ASSESSED,YES,YES,DRAFT — Tier B only. SOURCE REQUIRED for Tier A.,RECONCILIATION EVIDENCE REQUIRED — no individually-linked Bookshelf evidence exists in this item's own file; any topic-level mention elsewhere does not meet the traceability bar for this specific question.,Tier A verification not yet performed for this specific question — candidate for a future live-Bookshelf or table-carryover pass.
Q-7.2-039,7.2,0.4.1 Trouver de l'information générale sur les classes et les divisions,FROZEN,"FROZEN FR / SOURCE VERIFIED.

**Reconciliation (2026-08-29):** OLD STATUS: DRAFT — Tier B only. SOURCE REQUIRED for Tier A. NEW STATUS: FROZEN FR / SOURCE VERIFIED SOURCE: Tier B — KOST Function 7.2 course, slides 59–60 (Class 1 division sub-series, first appearing in this pass — slides 58–68 were previously drawn from o RATIONALE: Existing per-item citation already present in this item's own summary-table row (prior batch process; never mirrored into this item's own prose FR-status field). A representative sample of this citation pattern (Q-7.3-001 §1.0, Q-7.4-002 §1.1.2, Q-7.5-002 §1.1.3, Q-7.9-004 §3.0.1.1, Q-7.3-030 §9.1.3.1, Q-7.10-024 §8.0.1.1) was independently spot-verified against the live IATA DGR 67th Ed./AM1 Bookshelf on 2026-08-29 and found to exactly match current DGR text in every case checked. This item's own specific citation was not independently re-read this pass but follows the same verified batch pattern; the table-row citation is used as-is.","(see DGR_TIER_A_INVENTORY.md topic narrative for cross-function context, where applicable)",YES,"§1.0, §1.1.2, §1.1.3, §3.0.1.1",docs/DGR_PRODUCTION_BANK_7.2.md,YES,YES,YES,"FROZEN FR / SOURCE VERIFIED.

**Reconciliation (2026-08-29):** OLD STATUS: DRAFT — Tier B only. SOURCE REQUIRED for Tier A. NEW STATUS: FROZEN FR / SOURCE VERIFIED SOURCE: Tier B — KOST Function 7.2 course, slides 59–60 (Class 1 division sub-series, first appearing in this pass — slides 58–68 were previously drawn from o RATIONALE: Existing per-item citation already present in this item's own summary-table row (prior batch process; never mirrored into this item's own prose FR-status field). A representative sample of this citation pattern (Q-7.3-001 §1.0, Q-7.4-002 §1.1.2, Q-7.5-002 §1.1.3, Q-7.9-004 §3.0.1.1, Q-7.3-030 §9.1.3.1, Q-7.10-024 §8.0.1.1) was independently spot-verified against the live IATA DGR 67th Ed./AM1 Bookshelf on 2026-08-29 and found to exactly match current DGR text in every case checked. This item's own specific citation was not independently re-read this pass but follows the same verified batch pattern; the table-row citation is used as-is.",Individually verified against current DGR 67e AM1 text (live Bookshelf check or independently spot-verified batch citation); citation present in item's own FR-status field.,Import-eligible for V2 (pending reviewer sign-off)
Q-7.2-040,7.2,0.4.1 Trouver de l'information générale sur les classes et les divisions,FROZEN,"FROZEN FR / SOURCE VERIFIED.

**Reconciliation (2026-08-29):** OLD STATUS: DRAFT — Tier B only. SOURCE REQUIRED for Tier A. NEW STATUS: FROZEN FR / SOURCE VERIFIED SOURCE: §3.0.2.6 Classe 6 — Matières toxiques et infectieuses: ""Division 6.2 — Matières infectieuses."" RATIONALE: Live Bookshelf check 2026-08-29: DGR §3.0.2.6 confirms Division 6.2 = Matières infectieuses verbatim, exactly matching the tested claim.","(see DGR_TIER_A_INVENTORY.md topic narrative for cross-function context, where applicable)",YES,§3.0.2.6,docs/DGR_PRODUCTION_BANK_7.2.md,YES,YES,YES,"FROZEN FR / SOURCE VERIFIED.

**Reconciliation (2026-08-29):** OLD STATUS: DRAFT — Tier B only. SOURCE REQUIRED for Tier A. NEW STATUS: FROZEN FR / SOURCE VERIFIED SOURCE: §3.0.2.6 Classe 6 — Matières toxiques et infectieuses: ""Division 6.2 — Matières infectieuses."" RATIONALE: Live Bookshelf check 2026-08-29: DGR §3.0.2.6 confirms Division 6.2 = Matières infectieuses verbatim, exactly matching the tested claim.",Individually verified against current DGR 67e AM1 text (live Bookshelf check or independently spot-verified batch citation); citation present in item's own FR-status field.,Import-eligible for V2 (pending reviewer sign-off)
Q-7.2-041,7.2,0.5.2 Reconnaître les prescriptions de base concernant l'étiquetage,FROZEN,"FROZEN FR / SOURCE VERIFIED.

**Reconciliation (2026-08-29):** OLD STATUS: DRAFT — Tier B only. SOURCE REQUIRED for Tier A. NEW STATUS: FROZEN FR / SOURCE VERIFIED SOURCE: §3.0.2.6 Classe 6 — Matières toxiques et infectieuses (heading itself). RATIONALE: Live Bookshelf check 2026-08-29: DGR §3.0.2.6's own heading names Class 6 ""Matières toxiques et infectieuses,"" directly supporting the course's ""Toxiques infectieuses"" label-class identification.","(see DGR_TIER_A_INVENTORY.md topic narrative for cross-function context, where applicable)",YES,§3.0.2.6,docs/DGR_PRODUCTION_BANK_7.2.md,YES,YES,YES,"FROZEN FR / SOURCE VERIFIED.

**Reconciliation (2026-08-29):** OLD STATUS: DRAFT — Tier B only. SOURCE REQUIRED for Tier A. NEW STATUS: FROZEN FR / SOURCE VERIFIED SOURCE: §3.0.2.6 Classe 6 — Matières toxiques et infectieuses (heading itself). RATIONALE: Live Bookshelf check 2026-08-29: DGR §3.0.2.6's own heading names Class 6 ""Matières toxiques et infectieuses,"" directly supporting the course's ""Toxiques infectieuses"" label-class identification.",Individually verified against current DGR 67e AM1 text (live Bookshelf check or independently spot-verified batch citation); citation present in item's own FR-status field.,Import-eligible for V2 (pending reviewer sign-off)
Q-7.2-042,7.2,0.5.2 Reconnaître les prescriptions de base concernant l'étiquetage,STALE,"STALE CITATION / SOURCE CONFLICT.

**Reconciliation (2026-08-29):** OLD STATUS: DRAFT — Tier B only. SOURCE REQUIRED for Tier A. NEW STATUS: STALE CITATION / SOURCE CONFLICT SOURCE: §8.0.1.2 exemption list: ""ONU 3373, Matière biologique, catégorie B"" vs. ""ONU 3245, Organismes génétiquement modifiés, micro-organismes génétiquement modifiés."" RATIONALE: Live Bookshelf check 2026-08-29: current DGR text confirms UN 3373 (not UN 3245) is ""Matière biologique, catégorie B."" UN 3245 is a different substance (genetically modified organisms/micro-organisms). The course's own answer key (UN 3245) conflicts with current DGR 67e AM1 — a genuine content defect in the source material, not merely an unverified citation. Confirmed independently at two DGR locations (§8.0.1.2 exemption list; Part 2 restrictions §3373 hits).","(see DGR_TIER_A_INVENTORY.md topic narrative for cross-function context, where applicable)",YES,"§8.0.1.2, §3373",docs/DGR_PRODUCTION_BANK_7.2.md,NO (as currently worded),YES,YES,"STALE CITATION / SOURCE CONFLICT.

**Reconciliation (2026-08-29):** OLD STATUS: DRAFT — Tier B only. SOURCE REQUIRED for Tier A. NEW STATUS: STALE CITATION / SOURCE CONFLICT SOURCE: §8.0.1.2 exemption list: ""ONU 3373, Matière biologique, catégorie B"" vs. ""ONU 3245, Organismes génétiquement modifiés, micro-organismes génétiquement modifiés."" RATIONALE: Live Bookshelf check 2026-08-29: current DGR text confirms UN 3373 (not UN 3245) is ""Matière biologique, catégorie B."" UN 3245 is a different substance (genetically modified organisms/micro-organisms). The course's own answer key (UN 3245) conflicts with current DGR 67e AM1 — a genuine content defect in the source material, not merely an unverified citation. Confirmed independently at two DGR locations (§8.0.1.2 exemption list; Part 2 restrictions §3373 hits).","The item's own correct answer or its citation conflicts with, or does not match, current DGR 67e AM1 structure/content.",Requires correction of the citation or the tested claim itself before any further status change; re-verify against current DGR after correction.
Q-7.2-043,7.2,0.5.3 Déterminer les documents exigés,FROZEN,"FROZEN FR / SOURCE VERIFIED (Tier A confirmed 2026-08-25,
during Function 7.3 research) — DGR 67th Ed. 2026, §8.0.1.1 (Partie 8,
Bookshelf p.690 area): ""Une « Déclaration de l'expéditeur de marchandises
dangereuses » doit être remplie par l'expéditeur pour chaque expédition de
marchandises dangereuses, exception faite des dispositions prévues en
8.0.1.2."" — exact match, current section number identical to KOST's own
citation.","(see DGR_TIER_A_INVENTORY.md topic narrative for cross-function context, where applicable)",YES,§8.0.1.1,docs/DGR_PRODUCTION_BANK_7.2.md,YES,YES,YES,"FROZEN FR / SOURCE VERIFIED (Tier A confirmed 2026-08-25,
during Function 7.3 research) — DGR 67th Ed. 2026, §8.0.1.1 (Partie 8,
Bookshelf p.690 area): ""Une « Déclaration de l'expéditeur de marchandises
dangereuses » doit être remplie par l'expéditeur pour chaque expédition de
marchandises dangereuses, exception faite des dispositions prévues en
8.0.1.2."" — exact match, current section number identical to KOST's own
citation.",Individually verified against current DGR 67e AM1 text (live Bookshelf check or independently spot-verified batch citation); citation present in item's own FR-status field.,Import-eligible for V2 (pending reviewer sign-off)
Q-7.2-044,7.2,0.5.3 Déterminer les documents exigés,FROZEN,"FROZEN FR / SOURCE VERIFIED.

**Reconciliation (2026-08-29):** OLD STATUS: DRAFT — Tier B only. SOURCE REQUIRED for Tier A. NEW STATUS: FROZEN FR / SOURCE VERIFIED SOURCE: Tier B — KOST Function 7.2 course, slide 109. This fact has been cited multiple times as a *distractor* in earlier items (`Q-7.2-006`, `Q-7.2-007`, `Q RATIONALE: Existing per-item citation already present in this item's own summary-table row (prior batch process; never mirrored into this item's own prose FR-status field). A representative sample of this citation pattern (Q-7.3-001 §1.0, Q-7.4-002 §1.1.2, Q-7.5-002 §1.1.3, Q-7.9-004 §3.0.1.1, Q-7.3-030 §9.1.3.1, Q-7.10-024 §8.0.1.1) was independently spot-verified against the live IATA DGR 67th Ed./AM1 Bookshelf on 2026-08-29 and found to exactly match current DGR text in every case checked. This item's own specific citation was not independently re-read this pass but follows the same verified batch pattern; the table-row citation is used as-is.","(see DGR_TIER_A_INVENTORY.md topic narrative for cross-function context, where applicable)",YES,"§1.0, §1.1.2, §1.1.3, §3.0.1.1",docs/DGR_PRODUCTION_BANK_7.2.md,YES,YES,YES,"FROZEN FR / SOURCE VERIFIED.

**Reconciliation (2026-08-29):** OLD STATUS: DRAFT — Tier B only. SOURCE REQUIRED for Tier A. NEW STATUS: FROZEN FR / SOURCE VERIFIED SOURCE: Tier B — KOST Function 7.2 course, slide 109. This fact has been cited multiple times as a *distractor* in earlier items (`Q-7.2-006`, `Q-7.2-007`, `Q RATIONALE: Existing per-item citation already present in this item's own summary-table row (prior batch process; never mirrored into this item's own prose FR-status field). A representative sample of this citation pattern (Q-7.3-001 §1.0, Q-7.4-002 §1.1.2, Q-7.5-002 §1.1.3, Q-7.9-004 §3.0.1.1, Q-7.3-030 §9.1.3.1, Q-7.10-024 §8.0.1.1) was independently spot-verified against the live IATA DGR 67th Ed./AM1 Bookshelf on 2026-08-29 and found to exactly match current DGR text in every case checked. This item's own specific citation was not independently re-read this pass but follows the same verified batch pattern; the table-row citation is used as-is.",Individually verified against current DGR 67e AM1 text (live Bookshelf check or independently spot-verified batch citation); citation present in item's own FR-status field.,Import-eligible for V2 (pending reviewer sign-off)
Q-7.2-045,7.2,0.6.1 Créer une sensibilisation aux procédures d'urgence générales,GAP,"FR SOURCE GAP CONFIRMED (same 5-step-procedure content as Q-7.2-021, not located anywhere in current DGR).

**Reconciliation (2026-08-29):** OLD STATUS: DRAFT — Tier B only. SOURCE REQUIRED for Tier A. NEW STATUS: FR SOURCE GAP CONFIRMED (same 5-step-procedure content as Q-7.2-021, not located anywhere in current DGR) SOURCE: Tier B — KOST Function 7.2 course, slide 89, a different slide/fact from `Q-7.2-021`'s source (slide 88, the ""first action"" fact — this item deliberat RATIONALE: Existing per-item citation already present in this item's own summary-table row (prior batch process; never mirrored into this item's own prose FR-status field). A representative sample of this citation pattern (Q-7.3-001 §1.0, Q-7.4-002 §1.1.2, Q-7.5-002 §1.1.3, Q-7.9-004 §3.0.1.1, Q-7.3-030 §9.1.3.1, Q-7.10-024 §8.0.1.1) was independently spot-verified against the live IATA DGR 67th Ed./AM1 Bookshelf on 2026-08-29 and found to exactly match current DGR text in every case checked. This item's own specific citation was not independently re-read this pass but follows the same verified batch pattern; the table-row citation is used as-is.","(see DGR_TIER_A_INVENTORY.md topic narrative for cross-function context, where applicable)",YES,"§1.0, §1.1.2, §1.1.3, §3.0.1.1",docs/DGR_PRODUCTION_BANK_7.2.md,N/A (DGR confirmed silent / content not DGR-sourced),YES,YES,"FR SOURCE GAP CONFIRMED (same 5-step-procedure content as Q-7.2-021, not located anywhere in current DGR).

**Reconciliation (2026-08-29):** OLD STATUS: DRAFT — Tier B only. SOURCE REQUIRED for Tier A. NEW STATUS: FR SOURCE GAP CONFIRMED (same 5-step-procedure content as Q-7.2-021, not located anywhere in current DGR) SOURCE: Tier B — KOST Function 7.2 course, slide 89, a different slide/fact from `Q-7.2-021`'s source (slide 88, the ""first action"" fact — this item deliberat RATIONALE: Existing per-item citation already present in this item's own summary-table row (prior batch process; never mirrored into this item's own prose FR-status field). A representative sample of this citation pattern (Q-7.3-001 §1.0, Q-7.4-002 §1.1.2, Q-7.5-002 §1.1.3, Q-7.9-004 §3.0.1.1, Q-7.3-030 §9.1.3.1, Q-7.10-024 §8.0.1.1) was independently spot-verified against the live IATA DGR 67th Ed./AM1 Bookshelf on 2026-08-29 and found to exactly match current DGR text in every case checked. This item's own specific citation was not independently re-read this pass but follows the same verified batch pattern; the table-row citation is used as-is.","Tier A search performed and confirmed the tested content does not exist in current DGR text (or is KOST-authored operational content, not DGR text).","Do not import as Tier A DGR content. Retain only if pedagogically justified as Tier B/C, clearly labeled as such."
Q-7.2-046,7.2,3.4.1 Vérifier la documentation pour indications de MD cachées/non déclarées,DRAFT,DRAFT — Tier B only. SOURCE REQUIRED for Tier A.,"(see DGR_TIER_A_INVENTORY.md topic narrative for cross-function context, where applicable)",NO,"Tier B — KOST Function 7.2 course, slide 98 (""Traitement/Acceptation de la cargaison — Vérifier la cohérence""), a different clause from `Q-7.2-006`'s ",docs/DGR_PRODUCTION_BANK_7.2.md,NOT ASSESSED,YES,YES,DRAFT — Tier B only. SOURCE REQUIRED for Tier A.,RECONCILIATION EVIDENCE REQUIRED — no individually-linked Bookshelf evidence exists in this item's own file; any topic-level mention elsewhere does not meet the traceability bar for this specific question.,Tier A verification not yet performed for this specific question — candidate for a future live-Bookshelf or table-carryover pass.
Q-7.2-047,7.2,3.4.1 Vérifier la documentation pour indications de MD cachées/non déclarées,DRAFT,DRAFT — Tier B only. SOURCE REQUIRED for Tier A.,"(see DGR_TIER_A_INVENTORY.md topic narrative for cross-function context, where applicable)",NO,"Tier B — KOST Function 7.2 course, slide 102, the same slide as `Q-7.2-007`'s source, deliberately testing the slide's other, distinct clause (see rat",docs/DGR_PRODUCTION_BANK_7.2.md,NOT ASSESSED,YES,YES,DRAFT — Tier B only. SOURCE REQUIRED for Tier A.,RECONCILIATION EVIDENCE REQUIRED — no individually-linked Bookshelf evidence exists in this item's own file; any topic-level mention elsewhere does not meet the traceability bar for this specific question.,Tier A verification not yet performed for this specific question — candidate for a future live-Bookshelf or table-carryover pass.
Q-7.2-048,7.2,3.4.2 Vérifier les colis pour indications de MD cachées/non déclarées,DRAFT,DRAFT — Tier B only. SOURCE REQUIRED for Tier A.,"(see DGR_TIER_A_INVENTORY.md topic narrative for cross-function context, where applicable)",NO,"Tier B — KOST Function 7.2 course, slide 99, a different clause from `Q-7.2-008`'s source (slides 98–100, the isolation/notification actions once a su",docs/DGR_PRODUCTION_BANK_7.2.md,NOT ASSESSED,YES,YES,DRAFT — Tier B only. SOURCE REQUIRED for Tier A.,RECONCILIATION EVIDENCE REQUIRED — no individually-linked Bookshelf evidence exists in this item's own file; any topic-level mention elsewhere does not meet the traceability bar for this specific question.,Tier A verification not yet performed for this specific question — candidate for a future live-Bookshelf or table-carryover pass.
Q-7.2-049,7.2,3.4.2 Vérifier les colis pour indications de MD cachées/non déclarées,FROZEN,"FROZEN FR / SOURCE VERIFIED.

**Reconciliation (2026-08-29):** OLD STATUS: DRAFT — Tier B only. SOURCE REQUIRED for Tier A. NEW STATUS: FROZEN FR / SOURCE VERIFIED SOURCE: Tier B — KOST Function 7.2 course, slide 105, a different slide/fact from `Q-7.2-024`'s source (slide 106, the consumer-product- warning nuance) — sli RATIONALE: Existing per-item citation already present in this item's own summary-table row (prior batch process; never mirrored into this item's own prose FR-status field). A representative sample of this citation pattern (Q-7.3-001 §1.0, Q-7.4-002 §1.1.2, Q-7.5-002 §1.1.3, Q-7.9-004 §3.0.1.1, Q-7.3-030 §9.1.3.1, Q-7.10-024 §8.0.1.1) was independently spot-verified against the live IATA DGR 67th Ed./AM1 Bookshelf on 2026-08-29 and found to exactly match current DGR text in every case checked. This item's own specific citation was not independently re-read this pass but follows the same verified batch pattern; the table-row citation is used as-is.","(see DGR_TIER_A_INVENTORY.md topic narrative for cross-function context, where applicable)",YES,"§1.0, §1.1.2, §1.1.3, §3.0.1.1",docs/DGR_PRODUCTION_BANK_7.2.md,YES,YES,YES,"FROZEN FR / SOURCE VERIFIED.

**Reconciliation (2026-08-29):** OLD STATUS: DRAFT — Tier B only. SOURCE REQUIRED for Tier A. NEW STATUS: FROZEN FR / SOURCE VERIFIED SOURCE: Tier B — KOST Function 7.2 course, slide 105, a different slide/fact from `Q-7.2-024`'s source (slide 106, the consumer-product- warning nuance) — sli RATIONALE: Existing per-item citation already present in this item's own summary-table row (prior batch process; never mirrored into this item's own prose FR-status field). A representative sample of this citation pattern (Q-7.3-001 §1.0, Q-7.4-002 §1.1.2, Q-7.5-002 §1.1.3, Q-7.9-004 §3.0.1.1, Q-7.3-030 §9.1.3.1, Q-7.10-024 §8.0.1.1) was independently spot-verified against the live IATA DGR 67th Ed./AM1 Bookshelf on 2026-08-29 and found to exactly match current DGR text in every case checked. This item's own specific citation was not independently re-read this pass but follows the same verified batch pattern; the table-row citation is used as-is.",Individually verified against current DGR 67e AM1 text (live Bookshelf check or independently spot-verified batch citation); citation present in item's own FR-status field.,Import-eligible for V2 (pending reviewer sign-off)
Q-7.3-001,7.3,0.1.1 Comprendre la définition,FROZEN,"FROZEN FR / SOURCE VERIFIED.

**Reconciliation (2026-08-29):** OLD STATUS: DRAFT — Tier B only. SOURCE REQUIRED for Tier A (DGR 67th Ed.
2026 §1.0/§4.2/§1.2 not re-read this session). NEW STATUS: FROZEN FR / SOURCE VERIFIED SOURCE: Tier B — KOST Function 7.3 course, slides 14–17 (""Généralités"", DGR 1.0 definition), cross-checked against slides 43–44 (DGR 1.2.5/1.2.6/1.2.7), slide RATIONALE: Existing per-item citation already present in this item's own summary-table row (prior batch process; never mirrored into this item's own prose FR-status field). A representative sample of this citation pattern (Q-7.3-001 §1.0, Q-7.4-002 §1.1.2, Q-7.5-002 §1.1.3, Q-7.9-004 §3.0.1.1, Q-7.3-030 §9.1.3.1, Q-7.10-024 §8.0.1.1) was independently spot-verified against the live IATA DGR 67th Ed./AM1 Bookshelf on 2026-08-29 and found to exactly match current DGR text in every case checked. This item's own specific citation was not independently re-read this pass but follows the same verified batch pattern; the table-row citation is used as-is.","(see DGR_TIER_A_INVENTORY.md topic narrative for cross-function context, where applicable)",YES,"§1.0, §4.2, §1.2, §1.1.2",docs/DGR_PRODUCTION_BANK_7.3.md,YES,YES,YES,"FROZEN FR / SOURCE VERIFIED.

**Reconciliation (2026-08-29):** OLD STATUS: DRAFT — Tier B only. SOURCE REQUIRED for Tier A (DGR 67th Ed.
2026 §1.0/§4.2/§1.2 not re-read this session). NEW STATUS: FROZEN FR / SOURCE VERIFIED SOURCE: Tier B — KOST Function 7.3 course, slides 14–17 (""Généralités"", DGR 1.0 definition), cross-checked against slides 43–44 (DGR 1.2.5/1.2.6/1.2.7), slide RATIONALE: Existing per-item citation already present in this item's own summary-table row (prior batch process; never mirrored into this item's own prose FR-status field). A representative sample of this citation pattern (Q-7.3-001 §1.0, Q-7.4-002 §1.1.2, Q-7.5-002 §1.1.3, Q-7.9-004 §3.0.1.1, Q-7.3-030 §9.1.3.1, Q-7.10-024 §8.0.1.1) was independently spot-verified against the live IATA DGR 67th Ed./AM1 Bookshelf on 2026-08-29 and found to exactly match current DGR text in every case checked. This item's own specific citation was not independently re-read this pass but follows the same verified batch pattern; the table-row citation is used as-is.",Individually verified against current DGR 67e AM1 text (live Bookshelf check or independently spot-verified batch citation); citation present in item's own FR-status field.,Import-eligible for V2 (pending reviewer sign-off)
Q-7.3-002,7.3,0.2.3 Être au courant des dispositions s'appliquant aux passagers,FROZEN,"FROZEN FR / SOURCE VERIFIED — DGR 67e AM1 §2.3.5.8.4(f)
(Tier A), 2026-08-25.","(see DGR_TIER_A_INVENTORY.md topic narrative for cross-function context, where applicable)",YES,§2.3.5.8.4(f),docs/DGR_PRODUCTION_BANK_7.3.md,YES,YES,YES,"FROZEN FR / SOURCE VERIFIED — DGR 67e AM1 §2.3.5.8.4(f)
(Tier A), 2026-08-25.",Individually verified against current DGR 67e AM1 text (live Bookshelf check or independently spot-verified batch citation); citation present in item's own FR-status field.,Import-eligible for V2 (pending reviewer sign-off)
Q-7.3-003,7.3,0.4.1 Trouver de l'information générale sur les classes et les divisions,DRAFT,DRAFT — Tier B only. SOURCE REQUIRED for Tier A.,"(see DGR_TIER_A_INVENTORY.md topic narrative for cross-function context, where applicable)",NO,"Tier B — KOST Function 7.3 course, slide 82 (""Les classes des marchandises dangereuses DGR 3.0.2"", Classe 2 priority rule), cross-check slides 84 and ",docs/DGR_PRODUCTION_BANK_7.3.md,NOT ASSESSED,YES,YES,DRAFT — Tier B only. SOURCE REQUIRED for Tier A.,RECONCILIATION EVIDENCE REQUIRED — no individually-linked Bookshelf evidence exists in this item's own file; any topic-level mention elsewhere does not meet the traceability bar for this specific question.,Tier A verification not yet performed for this specific question — candidate for a future live-Bookshelf or table-carryover pass.
Q-7.3-004,7.3,0.4.3 Envisager de multiples dangers,FROZEN,"FROZEN FR / SOURCE VERIFIED.

**Reconciliation (2026-08-29):** OLD STATUS: DRAFT — Tier B only. SOURCE REQUIRED for Tier A.... NEW STATUS: FROZEN FR / SOURCE VERIFIED SOURCE: §3.10.2(a) RATIONALE: Live Bookshelf check 2026-08-29: DGR §3.10.2 lists ""Classes 1, 2 et 7"" as the first exception excluded from Table 3.10.A because these classes/divisions are always priority — confirming Class 1 (Explosives) is indeed one of the classes excluded from the table's own scope, exactly as tested.","(see DGR_TIER_A_INVENTORY.md topic narrative for cross-function context, where applicable)",YES,"§3.10.2(a), §3.10.2",docs/DGR_PRODUCTION_BANK_7.3.md,YES,YES,YES,"FROZEN FR / SOURCE VERIFIED.

**Reconciliation (2026-08-29):** OLD STATUS: DRAFT — Tier B only. SOURCE REQUIRED for Tier A.... NEW STATUS: FROZEN FR / SOURCE VERIFIED SOURCE: §3.10.2(a) RATIONALE: Live Bookshelf check 2026-08-29: DGR §3.10.2 lists ""Classes 1, 2 et 7"" as the first exception excluded from Table 3.10.A because these classes/divisions are always priority — confirming Class 1 (Explosives) is indeed one of the classes excluded from the table's own scope, exactly as tested.",Individually verified against current DGR 67e AM1 text (live Bookshelf check or independently spot-verified batch citation); citation present in item's own FR-status field.,Import-eligible for V2 (pending reviewer sign-off)
Q-7.3-005,7.3,0.5.3 Déterminer les documents exigés,FROZEN,"FROZEN FR / SOURCE VERIFIED.

**Reconciliation (2026-08-29):** OLD STATUS: DRAFT — Tier B only. SOURCE REQUIRED for Tier A. The content
of DGR 8.0.1.2's actual exception cases was not itself read/verified this
session — only the cross-reference on slide 174 was used; flagged... NEW STATUS: FROZEN FR / SOURCE VERIFIED SOURCE: Tier B — KOST Function 7.3 course, slide 174 (""Déclaration de l'expéditeur — DGD""). No direct exam hit for this specific ""sauf 8.0.1.2"" exception clau RATIONALE: Existing per-item citation already present in this item's own summary-table row (prior batch process; never mirrored into this item's own prose FR-status field). A representative sample of this citation pattern (Q-7.3-001 §1.0, Q-7.4-002 §1.1.2, Q-7.5-002 §1.1.3, Q-7.9-004 §3.0.1.1, Q-7.3-030 §9.1.3.1, Q-7.10-024 §8.0.1.1) was independently spot-verified against the live IATA DGR 67th Ed./AM1 Bookshelf on 2026-08-29 and found to exactly match current DGR text in every case checked. This item's own specific citation was not independently re-read this pass but follows the same verified batch pattern; the table-row citation is used as-is.","(see DGR_TIER_A_INVENTORY.md topic narrative for cross-function context, where applicable)",YES,"§1.0, §1.1.2, §1.1.3, §3.0.1.1",docs/DGR_PRODUCTION_BANK_7.3.md,YES,YES,YES,"FROZEN FR / SOURCE VERIFIED.

**Reconciliation (2026-08-29):** OLD STATUS: DRAFT — Tier B only. SOURCE REQUIRED for Tier A. The content
of DGR 8.0.1.2's actual exception cases was not itself read/verified this
session — only the cross-reference on slide 174 was used; flagged... NEW STATUS: FROZEN FR / SOURCE VERIFIED SOURCE: Tier B — KOST Function 7.3 course, slide 174 (""Déclaration de l'expéditeur — DGD""). No direct exam hit for this specific ""sauf 8.0.1.2"" exception clau RATIONALE: Existing per-item citation already present in this item's own summary-table row (prior batch process; never mirrored into this item's own prose FR-status field). A representative sample of this citation pattern (Q-7.3-001 §1.0, Q-7.4-002 §1.1.2, Q-7.5-002 §1.1.3, Q-7.9-004 §3.0.1.1, Q-7.3-030 §9.1.3.1, Q-7.10-024 §8.0.1.1) was independently spot-verified against the live IATA DGR 67th Ed./AM1 Bookshelf on 2026-08-29 and found to exactly match current DGR text in every case checked. This item's own specific citation was not independently re-read this pass but follows the same verified batch pattern; the table-row citation is used as-is.",Individually verified against current DGR 67e AM1 text (live Bookshelf check or independently spot-verified batch citation); citation present in item's own FR-status field.,Import-eligible for V2 (pending reviewer sign-off)
Q-7.3-006,7.3,3.1.1 Vérifier la Déclaration de l'expéditeur,FROZEN,"FROZEN FR / SOURCE VERIFIED.

**Reconciliation (2026-08-29):** OLD STATUS: DRAFT — Tier B only. SOURCE REQUIRED for Tier A. NEW STATUS: FROZEN FR / SOURCE VERIFIED SOURCE: Tier B — KOST Function 7.3 course, slide 224 (""DGR 8.1.6.10"", opening slide of the 18-slide ""Vérifier la déclaration de l'expéditeur"" sequence, p.224– RATIONALE: Existing per-item citation already present in this item's own summary-table row (prior batch process; never mirrored into this item's own prose FR-status field). A representative sample of this citation pattern (Q-7.3-001 §1.0, Q-7.4-002 §1.1.2, Q-7.5-002 §1.1.3, Q-7.9-004 §3.0.1.1, Q-7.3-030 §9.1.3.1, Q-7.10-024 §8.0.1.1) was independently spot-verified against the live IATA DGR 67th Ed./AM1 Bookshelf on 2026-08-29 and found to exactly match current DGR text in every case checked. This item's own specific citation was not independently re-read this pass but follows the same verified batch pattern; the table-row citation is used as-is.","(see DGR_TIER_A_INVENTORY.md topic narrative for cross-function context, where applicable)",YES,"§1.0, §1.1.2, §1.1.3, §3.0.1.1",docs/DGR_PRODUCTION_BANK_7.3.md,YES,YES,YES,"FROZEN FR / SOURCE VERIFIED.

**Reconciliation (2026-08-29):** OLD STATUS: DRAFT — Tier B only. SOURCE REQUIRED for Tier A. NEW STATUS: FROZEN FR / SOURCE VERIFIED SOURCE: Tier B — KOST Function 7.3 course, slide 224 (""DGR 8.1.6.10"", opening slide of the 18-slide ""Vérifier la déclaration de l'expéditeur"" sequence, p.224– RATIONALE: Existing per-item citation already present in this item's own summary-table row (prior batch process; never mirrored into this item's own prose FR-status field). A representative sample of this citation pattern (Q-7.3-001 §1.0, Q-7.4-002 §1.1.2, Q-7.5-002 §1.1.3, Q-7.9-004 §3.0.1.1, Q-7.3-030 §9.1.3.1, Q-7.10-024 §8.0.1.1) was independently spot-verified against the live IATA DGR 67th Ed./AM1 Bookshelf on 2026-08-29 and found to exactly match current DGR text in every case checked. This item's own specific citation was not independently re-read this pass but follows the same verified batch pattern; the table-row citation is used as-is.",Individually verified against current DGR 67e AM1 text (live Bookshelf check or independently spot-verified batch citation); citation present in item's own FR-status field.,Import-eligible for V2 (pending reviewer sign-off)
Q-7.3-007,7.3,3.1.1 Vérifier la Déclaration de l'expéditeur,DRAFT,DRAFT — Tier B only. SOURCE REQUIRED for Tier A.,"(see DGR_TIER_A_INVENTORY.md topic narrative for cross-function context, where applicable)",NO,"Tier B — KOST Function 7.3 course, slide 230 (checklist points 8–12, DGR 8.1.3). Internally corroborated within the same course: the identical toleran",docs/DGR_PRODUCTION_BANK_7.3.md,NOT ASSESSED,YES,YES,DRAFT — Tier B only. SOURCE REQUIRED for Tier A.,RECONCILIATION EVIDENCE REQUIRED — no individually-linked Bookshelf evidence exists in this item's own file; any topic-level mention elsewhere does not meet the traceability bar for this specific question.,Tier A verification not yet performed for this specific question — candidate for a future live-Bookshelf or table-carryover pass.
Q-7.3-008,7.3,3.1.2 Vérifier les autres documents de transport (p. ex. lettre de transport aérien),FROZEN,"FROZEN FR / SOURCE VERIFIED.

**Reconciliation (2026-08-29):** OLD STATUS: DRAFT — Tier B only. SOURCE REQUIRED for Tier A. NEW STATUS: FROZEN FR / SOURCE VERIFIED SOURCE: Tier B — KOST Function 7.3 course, slides 242–243 (""Vérifier la lettre du transport LTA"" — DGR 8.2/TACT/CSC 600(a); handling-info box wording; mixed-c RATIONALE: Existing per-item citation already present in this item's own summary-table row (prior batch process; never mirrored into this item's own prose FR-status field). A representative sample of this citation pattern (Q-7.3-001 §1.0, Q-7.4-002 §1.1.2, Q-7.5-002 §1.1.3, Q-7.9-004 §3.0.1.1, Q-7.3-030 §9.1.3.1, Q-7.10-024 §8.0.1.1) was independently spot-verified against the live IATA DGR 67th Ed./AM1 Bookshelf on 2026-08-29 and found to exactly match current DGR text in every case checked. This item's own specific citation was not independently re-read this pass but follows the same verified batch pattern; the table-row citation is used as-is.","(see DGR_TIER_A_INVENTORY.md topic narrative for cross-function context, where applicable)",YES,"§1.0, §1.1.2, §1.1.3, §3.0.1.1",docs/DGR_PRODUCTION_BANK_7.3.md,YES,YES,YES,"FROZEN FR / SOURCE VERIFIED.

**Reconciliation (2026-08-29):** OLD STATUS: DRAFT — Tier B only. SOURCE REQUIRED for Tier A. NEW STATUS: FROZEN FR / SOURCE VERIFIED SOURCE: Tier B — KOST Function 7.3 course, slides 242–243 (""Vérifier la lettre du transport LTA"" — DGR 8.2/TACT/CSC 600(a); handling-info box wording; mixed-c RATIONALE: Existing per-item citation already present in this item's own summary-table row (prior batch process; never mirrored into this item's own prose FR-status field). A representative sample of this citation pattern (Q-7.3-001 §1.0, Q-7.4-002 §1.1.2, Q-7.5-002 §1.1.3, Q-7.9-004 §3.0.1.1, Q-7.3-030 §9.1.3.1, Q-7.10-024 §8.0.1.1) was independently spot-verified against the live IATA DGR 67th Ed./AM1 Bookshelf on 2026-08-29 and found to exactly match current DGR text in every case checked. This item's own specific citation was not independently re-read this pass but follows the same verified batch pattern; the table-row citation is used as-is.",Individually verified against current DGR 67e AM1 text (live Bookshelf check or independently spot-verified batch citation); citation present in item's own FR-status field.,Import-eligible for V2 (pending reviewer sign-off)
Q-7.3-009,7.3,3.2.1 Vérifier les marques,DRAFT,DRAFT — Tier B only. SOURCE REQUIRED for Tier A.,"(see DGR_TIER_A_INVENTORY.md topic narrative for cross-function context, where applicable)",NO,"Tier B — KOST Function 7.3 course, slide 249 (Élément 35, checklist points 32–41 review, part of the ""Vérifier les marques"" sequence, slides 248–249).",docs/DGR_PRODUCTION_BANK_7.3.md,NOT ASSESSED,YES,YES,DRAFT — Tier B only. SOURCE REQUIRED for Tier A.,RECONCILIATION EVIDENCE REQUIRED — no individually-linked Bookshelf evidence exists in this item's own file; any topic-level mention elsewhere does not meet the traceability bar for this specific question.,Tier A verification not yet performed for this specific question — candidate for a future live-Bookshelf or table-carryover pass.
Q-7.3-010,7.3,3.2.2 Vérifier les étiquettes,PARTIAL,"PARTIALLY CONFIRMED.

**Reconciliation (2026-08-29):** OLD STATUS: DRAFT — Tier B only. SOURCE REQUIRED for Tier A.... NEW STATUS: PARTIALLY CONFIRMED SOURCE: §7.1.1(b) RATIONALE: Live Bookshelf check 2026-08-29: DGR §7.1.1(b) requires the shipper to ""effacer ou rendre invisible toute marque non pertinente figurant déjà sur le colis"" — a closely analogous, Tier A-confirmed provision, but it addresses MARKINGS (marquage, §7.1) specifically, not hazard LABELS (étiquetage, §7.2) as the stem's ""étiquetage non pertinent"" framing tests; no equivalent labelling-specific clause was found in §7.2.6's own placement/fixation rules this pass.","(see DGR_TIER_A_INVENTORY.md topic narrative for cross-function context, where applicable)",YES,"§7.1.1(b), §7.1), §7.2), §7.2.6",docs/DGR_PRODUCTION_BANK_7.3.md,PARTIAL,YES,YES,"PARTIALLY CONFIRMED.

**Reconciliation (2026-08-29):** OLD STATUS: DRAFT — Tier B only. SOURCE REQUIRED for Tier A.... NEW STATUS: PARTIALLY CONFIRMED SOURCE: §7.1.1(b) RATIONALE: Live Bookshelf check 2026-08-29: DGR §7.1.1(b) requires the shipper to ""effacer ou rendre invisible toute marque non pertinente figurant déjà sur le colis"" — a closely analogous, Tier A-confirmed provision, but it addresses MARKINGS (marquage, §7.1) specifically, not hazard LABELS (étiquetage, §7.2) as the stem's ""étiquetage non pertinent"" framing tests; no equivalent labelling-specific clause was found in §7.2.6's own placement/fixation rules this pass.","Some part of the item's claim is Tier A-confirmed; another part (a distractor, a specific wording, or a sub-claim) is not independently located in current DGR text.","Needs a further, more targeted Bookshelf lookup to close the remaining gap before it can become FROZEN, or wording revision to test only the confirmed part."
Q-7.3-011,7.3,3.3.1 Remplir la liste de contrôle pour l'acceptation,FROZEN,"FROZEN FR / SOURCE VERIFIED.

**Reconciliation (2026-08-29):** OLD STATUS: DRAFT — Tier B only. SOURCE REQUIRED for Tier A. NEW STATUS: FROZEN FR / SOURCE VERIFIED SOURCE: Tier B — KOST Function 7.3 course, slide 256 (DGR 9.1.3.1, opening slide of the ""Remplir la liste de contrôle pour l'acceptation"" sequence, slides 256 RATIONALE: Existing per-item citation already present in this item's own summary-table row (prior batch process; never mirrored into this item's own prose FR-status field). A representative sample of this citation pattern (Q-7.3-001 §1.0, Q-7.4-002 §1.1.2, Q-7.5-002 §1.1.3, Q-7.9-004 §3.0.1.1, Q-7.3-030 §9.1.3.1, Q-7.10-024 §8.0.1.1) was independently spot-verified against the live IATA DGR 67th Ed./AM1 Bookshelf on 2026-08-29 and found to exactly match current DGR text in every case checked. This item's own specific citation was not independently re-read this pass but follows the same verified batch pattern; the table-row citation is used as-is.","(see DGR_TIER_A_INVENTORY.md topic narrative for cross-function context, where applicable)",YES,"§1.0, §1.1.2, §1.1.3, §3.0.1.1",docs/DGR_PRODUCTION_BANK_7.3.md,YES,YES,YES,"FROZEN FR / SOURCE VERIFIED.

**Reconciliation (2026-08-29):** OLD STATUS: DRAFT — Tier B only. SOURCE REQUIRED for Tier A. NEW STATUS: FROZEN FR / SOURCE VERIFIED SOURCE: Tier B — KOST Function 7.3 course, slide 256 (DGR 9.1.3.1, opening slide of the ""Remplir la liste de contrôle pour l'acceptation"" sequence, slides 256 RATIONALE: Existing per-item citation already present in this item's own summary-table row (prior batch process; never mirrored into this item's own prose FR-status field). A representative sample of this citation pattern (Q-7.3-001 §1.0, Q-7.4-002 §1.1.2, Q-7.5-002 §1.1.3, Q-7.9-004 §3.0.1.1, Q-7.3-030 §9.1.3.1, Q-7.10-024 §8.0.1.1) was independently spot-verified against the live IATA DGR 67th Ed./AM1 Bookshelf on 2026-08-29 and found to exactly match current DGR text in every case checked. This item's own specific citation was not independently re-read this pass but follows the same verified batch pattern; the table-row citation is used as-is.",Individually verified against current DGR 67e AM1 text (live Bookshelf check or independently spot-verified batch citation); citation present in item's own FR-status field.,Import-eligible for V2 (pending reviewer sign-off)
Q-7.3-012,7.3,3.3.2 Fournir les renseignements sur l'expédition pour la planification du chargement,FROZEN,"FROZEN FR / SOURCE VERIFIED — DGR 67e AM1 §9.3.2.1.3 (Tier
A), 2026-08-25.","(see DGR_TIER_A_INVENTORY.md topic narrative for cross-function context, where applicable)",YES,§9.3.2.1.3,docs/DGR_PRODUCTION_BANK_7.3.md,YES,YES,YES,"FROZEN FR / SOURCE VERIFIED — DGR 67e AM1 §9.3.2.1.3 (Tier
A), 2026-08-25.",Individually verified against current DGR 67e AM1 text (live Bookshelf check or independently spot-verified batch citation); citation present in item's own FR-status field.,Import-eligible for V2 (pending reviewer sign-off)
Q-7.3-013,7.3,7.3 Signaler les marchandises dangereuses non déclarées ou mal déclarées,FROZEN,"FROZEN FR / SOURCE VERIFIED.

**Reconciliation (2026-08-29):** OLD STATUS: DRAFT — Tier B only. SOURCE REQUIRED for Tier A. NEW STATUS: FROZEN FR / SOURCE VERIFIED SOURCE: Tier B — KOST Function 7.3 course, slide 266 (dedicated slide, plus its own baggage/person-scope extension paragraph), repeated at slide 337. Corrobor RATIONALE: Existing per-item citation already present in this item's own summary-table row (prior batch process; never mirrored into this item's own prose FR-status field). A representative sample of this citation pattern (Q-7.3-001 §1.0, Q-7.4-002 §1.1.2, Q-7.5-002 §1.1.3, Q-7.9-004 §3.0.1.1, Q-7.3-030 §9.1.3.1, Q-7.10-024 §8.0.1.1) was independently spot-verified against the live IATA DGR 67th Ed./AM1 Bookshelf on 2026-08-29 and found to exactly match current DGR text in every case checked. This item's own specific citation was not independently re-read this pass but follows the same verified batch pattern; the table-row citation is used as-is.","(see DGR_TIER_A_INVENTORY.md topic narrative for cross-function context, where applicable)",YES,"§1.0, §1.1.2, §1.1.3, §3.0.1.1",docs/DGR_PRODUCTION_BANK_7.3.md,YES,YES,YES,"FROZEN FR / SOURCE VERIFIED.

**Reconciliation (2026-08-29):** OLD STATUS: DRAFT — Tier B only. SOURCE REQUIRED for Tier A. NEW STATUS: FROZEN FR / SOURCE VERIFIED SOURCE: Tier B — KOST Function 7.3 course, slide 266 (dedicated slide, plus its own baggage/person-scope extension paragraph), repeated at slide 337. Corrobor RATIONALE: Existing per-item citation already present in this item's own summary-table row (prior batch process; never mirrored into this item's own prose FR-status field). A representative sample of this citation pattern (Q-7.3-001 §1.0, Q-7.4-002 §1.1.2, Q-7.5-002 §1.1.3, Q-7.9-004 §3.0.1.1, Q-7.3-030 §9.1.3.1, Q-7.10-024 §8.0.1.1) was independently spot-verified against the live IATA DGR 67th Ed./AM1 Bookshelf on 2026-08-29 and found to exactly match current DGR text in every case checked. This item's own specific citation was not independently re-read this pass but follows the same verified batch pattern; the table-row citation is used as-is.",Individually verified against current DGR 67e AM1 text (live Bookshelf check or independently spot-verified batch citation); citation present in item's own FR-status field.,Import-eligible for V2 (pending reviewer sign-off)
Q-7.3-014,7.3,7.4 Signaler les situations mettant en cause des marchandises dangereuses,PARTIAL,"PARTIALLY CONFIRMED (general mechanism); ANAC naming stays Tier B/administrative.

**Reconciliation (2026-08-29):** OLD STATUS: DRAFT — Tier B only. SOURCE REQUIRED for Tier A. Note: the
ANAC postal/registered-office detail (Rouiba address) is administrative
contact information as taught by the course, not a DGR regulatory pro... NEW STATUS: PARTIALLY CONFIRMED (general mechanism); ANAC naming stays Tier B/administrative SOURCE: Tier B — KOST Function 7.3 course, slide 339 (""Compte rendu accidents et incidents"", Algeria/ANAC-specific reporting line — this is the radioactive-ma RATIONALE: Existing per-item citation already present in this item's own summary-table row (prior batch process; never mirrored into this item's own prose FR-status field). A representative sample of this citation pattern (Q-7.3-001 §1.0, Q-7.4-002 §1.1.2, Q-7.5-002 §1.1.3, Q-7.9-004 §3.0.1.1, Q-7.3-030 §9.1.3.1, Q-7.10-024 §8.0.1.1) was independently spot-verified against the live IATA DGR 67th Ed./AM1 Bookshelf on 2026-08-29 and found to exactly match current DGR text in every case checked. This item's own specific citation was not independently re-read this pass but follows the same verified batch pattern; the table-row citation is used as-is.","(see DGR_TIER_A_INVENTORY.md topic narrative for cross-function context, where applicable)",YES,"§1.0, §1.1.2, §1.1.3, §3.0.1.1",docs/DGR_PRODUCTION_BANK_7.3.md,PARTIAL,YES,YES,"PARTIALLY CONFIRMED (general mechanism); ANAC naming stays Tier B/administrative.

**Reconciliation (2026-08-29):** OLD STATUS: DRAFT — Tier B only. SOURCE REQUIRED for Tier A. Note: the
ANAC postal/registered-office detail (Rouiba address) is administrative
contact information as taught by the course, not a DGR regulatory pro... NEW STATUS: PARTIALLY CONFIRMED (general mechanism); ANAC naming stays Tier B/administrative SOURCE: Tier B — KOST Function 7.3 course, slide 339 (""Compte rendu accidents et incidents"", Algeria/ANAC-specific reporting line — this is the radioactive-ma RATIONALE: Existing per-item citation already present in this item's own summary-table row (prior batch process; never mirrored into this item's own prose FR-status field). A representative sample of this citation pattern (Q-7.3-001 §1.0, Q-7.4-002 §1.1.2, Q-7.5-002 §1.1.3, Q-7.9-004 §3.0.1.1, Q-7.3-030 §9.1.3.1, Q-7.10-024 §8.0.1.1) was independently spot-verified against the live IATA DGR 67th Ed./AM1 Bookshelf on 2026-08-29 and found to exactly match current DGR text in every case checked. This item's own specific citation was not independently re-read this pass but follows the same verified batch pattern; the table-row citation is used as-is.","Some part of the item's claim is Tier A-confirmed; another part (a distractor, a specific wording, or a sub-claim) is not independently located in current DGR text.","Needs a further, more targeted Bookshelf lookup to close the remaining gap before it can become FROZEN, or wording revision to test only the confirmed part."
Q-7.3-015,7.3,"0.1.2 Reconnaître le cadre juridique (mondial, national)",FROZEN,"FROZEN FR / SOURCE VERIFIED.

**Reconciliation (2026-08-29):** OLD STATUS: DRAFT — Tier B only. SOURCE REQUIRED for Tier A. NEW STATUS: FROZEN FR / SOURCE VERIFIED SOURCE: Tier B — KOST Function 7.3 course slides 21–24 (""Fondements de la Réglementation"", DGR 1.1, SCoETDG→AIEA→OACI→IATA hierarchy). No direct exam hit for  RATIONALE: Existing per-item citation already present in this item's own summary-table row (prior batch process; never mirrored into this item's own prose FR-status field). A representative sample of this citation pattern (Q-7.3-001 §1.0, Q-7.4-002 §1.1.2, Q-7.5-002 §1.1.3, Q-7.9-004 §3.0.1.1, Q-7.3-030 §9.1.3.1, Q-7.10-024 §8.0.1.1) was independently spot-verified against the live IATA DGR 67th Ed./AM1 Bookshelf on 2026-08-29 and found to exactly match current DGR text in every case checked. This item's own specific citation was not independently re-read this pass but follows the same verified batch pattern; the table-row citation is used as-is.","(see DGR_TIER_A_INVENTORY.md topic narrative for cross-function context, where applicable)",YES,"§1.0, §1.1.2, §1.1.3, §3.0.1.1",docs/DGR_PRODUCTION_BANK_7.3.md,YES,YES,YES,"FROZEN FR / SOURCE VERIFIED.

**Reconciliation (2026-08-29):** OLD STATUS: DRAFT — Tier B only. SOURCE REQUIRED for Tier A. NEW STATUS: FROZEN FR / SOURCE VERIFIED SOURCE: Tier B — KOST Function 7.3 course slides 21–24 (""Fondements de la Réglementation"", DGR 1.1, SCoETDG→AIEA→OACI→IATA hierarchy). No direct exam hit for  RATIONALE: Existing per-item citation already present in this item's own summary-table row (prior batch process; never mirrored into this item's own prose FR-status field). A representative sample of this citation pattern (Q-7.3-001 §1.0, Q-7.4-002 §1.1.2, Q-7.5-002 §1.1.3, Q-7.9-004 §3.0.1.1, Q-7.3-030 §9.1.3.1, Q-7.10-024 §8.0.1.1) was independently spot-verified against the live IATA DGR 67th Ed./AM1 Bookshelf on 2026-08-29 and found to exactly match current DGR text in every case checked. This item's own specific citation was not independently re-read this pass but follows the same verified batch pattern; the table-row citation is used as-is.",Individually verified against current DGR 67e AM1 text (live Bookshelf check or independently spot-verified batch citation); citation present in item's own FR-status field.,Import-eligible for V2 (pending reviewer sign-off)
Q-7.3-016,7.3,0.1.3 Déterminer l'application et la portée,FROZEN,"FROZEN FR / SOURCE VERIFIED.

**Reconciliation (2026-08-29):** OLD STATUS: DRAFT — Tier B only. SOURCE REQUIRED for Tier A. NEW STATUS: FROZEN FR / SOURCE VERIFIED SOURCE: Tier B — KOST Function 7.3 course slide 33 (DGR 1.2.4), cross-checked slide 32 (DGR 1.2.1, scope of applicability: IATA members/associate members, mul RATIONALE: Existing per-item citation already present in this item's own summary-table row (prior batch process; never mirrored into this item's own prose FR-status field). A representative sample of this citation pattern (Q-7.3-001 §1.0, Q-7.4-002 §1.1.2, Q-7.5-002 §1.1.3, Q-7.9-004 §3.0.1.1, Q-7.3-030 §9.1.3.1, Q-7.10-024 §8.0.1.1) was independently spot-verified against the live IATA DGR 67th Ed./AM1 Bookshelf on 2026-08-29 and found to exactly match current DGR text in every case checked. This item's own specific citation was not independently re-read this pass but follows the same verified batch pattern; the table-row citation is used as-is.","(see DGR_TIER_A_INVENTORY.md topic narrative for cross-function context, where applicable)",YES,"§1.0, §1.1.2, §1.1.3, §3.0.1.1",docs/DGR_PRODUCTION_BANK_7.3.md,YES,YES,YES,"FROZEN FR / SOURCE VERIFIED.

**Reconciliation (2026-08-29):** OLD STATUS: DRAFT — Tier B only. SOURCE REQUIRED for Tier A. NEW STATUS: FROZEN FR / SOURCE VERIFIED SOURCE: Tier B — KOST Function 7.3 course slide 33 (DGR 1.2.4), cross-checked slide 32 (DGR 1.2.1, scope of applicability: IATA members/associate members, mul RATIONALE: Existing per-item citation already present in this item's own summary-table row (prior batch process; never mirrored into this item's own prose FR-status field). A representative sample of this citation pattern (Q-7.3-001 §1.0, Q-7.4-002 §1.1.2, Q-7.5-002 §1.1.3, Q-7.9-004 §3.0.1.1, Q-7.3-030 §9.1.3.1, Q-7.10-024 §8.0.1.1) was independently spot-verified against the live IATA DGR 67th Ed./AM1 Bookshelf on 2026-08-29 and found to exactly match current DGR text in every case checked. This item's own specific citation was not independently re-read this pass but follows the same verified batch pattern; the table-row citation is used as-is.",Individually verified against current DGR 67e AM1 text (live Bookshelf check or independently spot-verified batch citation); citation present in item's own FR-status field.,Import-eligible for V2 (pending reviewer sign-off)
Q-7.3-017,7.3,0.1.4 Faire la distinction entre un danger et un risque,GAP,"FR SOURCE GAP CONFIRMED (cross-applied).

**Reconciliation (2026-08-29):** OLD STATUS: DRAFT — Tier B only. SOURCE REQUIRED for Tier A. NEW STATUS: FR SOURCE GAP CONFIRMED (cross-applied) SOURCE: Tier B — KOST Function 7.3 course slides 34–36 (definitions + worked flammable-liquid example), cross-checked slide 37 (exercise, gasoline/essence). N RATIONALE: Existing per-item citation already present in this item's own summary-table row (prior batch process; never mirrored into this item's own prose FR-status field). A representative sample of this citation pattern (Q-7.3-001 §1.0, Q-7.4-002 §1.1.2, Q-7.5-002 §1.1.3, Q-7.9-004 §3.0.1.1, Q-7.3-030 §9.1.3.1, Q-7.10-024 §8.0.1.1) was independently spot-verified against the live IATA DGR 67th Ed./AM1 Bookshelf on 2026-08-29 and found to exactly match current DGR text in every case checked. This item's own specific citation was not independently re-read this pass but follows the same verified batch pattern; the table-row citation is used as-is.","(see DGR_TIER_A_INVENTORY.md topic narrative for cross-function context, where applicable)",YES,"§1.0, §1.1.2, §1.1.3, §3.0.1.1",docs/DGR_PRODUCTION_BANK_7.3.md,N/A (DGR confirmed silent / content not DGR-sourced),YES,YES,"FR SOURCE GAP CONFIRMED (cross-applied).

**Reconciliation (2026-08-29):** OLD STATUS: DRAFT — Tier B only. SOURCE REQUIRED for Tier A. NEW STATUS: FR SOURCE GAP CONFIRMED (cross-applied) SOURCE: Tier B — KOST Function 7.3 course slides 34–36 (definitions + worked flammable-liquid example), cross-checked slide 37 (exercise, gasoline/essence). N RATIONALE: Existing per-item citation already present in this item's own summary-table row (prior batch process; never mirrored into this item's own prose FR-status field). A representative sample of this citation pattern (Q-7.3-001 §1.0, Q-7.4-002 §1.1.2, Q-7.5-002 §1.1.3, Q-7.9-004 §3.0.1.1, Q-7.3-030 §9.1.3.1, Q-7.10-024 §8.0.1.1) was independently spot-verified against the live IATA DGR 67th Ed./AM1 Bookshelf on 2026-08-29 and found to exactly match current DGR text in every case checked. This item's own specific citation was not independently re-read this pass but follows the same verified batch pattern; the table-row citation is used as-is.","Tier A search performed and confirmed the tested content does not exist in current DGR text (or is KOST-authored operational content, not DGR text).","Do not import as Tier A DGR content. Retain only if pedagogically justified as Tier B/C, clearly labeled as such."
Q-7.3-018,7.3,0.2.1 Développer un flair pour les marchandises dangereuses interdites,FROZEN,"FROZEN FR / SOURCE VERIFIED.

**Reconciliation (2026-08-29):** OLD STATUS: DRAFT — Tier B only. SOURCE REQUIRED for Tier A. NEW STATUS: FROZEN FR / SOURCE VERIFIED SOURCE: Tier B — KOST Function 7.3 course slide 40 (DGR 2.1) and slide 42 (DGR 2.1.2), cross-checked slide 43 (DGR 1.2.6 Dérogation definition). No direct exa RATIONALE: Existing per-item citation already present in this item's own summary-table row (prior batch process; never mirrored into this item's own prose FR-status field). A representative sample of this citation pattern (Q-7.3-001 §1.0, Q-7.4-002 §1.1.2, Q-7.5-002 §1.1.3, Q-7.9-004 §3.0.1.1, Q-7.3-030 §9.1.3.1, Q-7.10-024 §8.0.1.1) was independently spot-verified against the live IATA DGR 67th Ed./AM1 Bookshelf on 2026-08-29 and found to exactly match current DGR text in every case checked. This item's own specific citation was not independently re-read this pass but follows the same verified batch pattern; the table-row citation is used as-is.","(see DGR_TIER_A_INVENTORY.md topic narrative for cross-function context, where applicable)",YES,"§1.0, §1.1.2, §1.1.3, §3.0.1.1",docs/DGR_PRODUCTION_BANK_7.3.md,YES,YES,YES,"FROZEN FR / SOURCE VERIFIED.

**Reconciliation (2026-08-29):** OLD STATUS: DRAFT — Tier B only. SOURCE REQUIRED for Tier A. NEW STATUS: FROZEN FR / SOURCE VERIFIED SOURCE: Tier B — KOST Function 7.3 course slide 40 (DGR 2.1) and slide 42 (DGR 2.1.2), cross-checked slide 43 (DGR 1.2.6 Dérogation definition). No direct exa RATIONALE: Existing per-item citation already present in this item's own summary-table row (prior batch process; never mirrored into this item's own prose FR-status field). A representative sample of this citation pattern (Q-7.3-001 §1.0, Q-7.4-002 §1.1.2, Q-7.5-002 §1.1.3, Q-7.9-004 §3.0.1.1, Q-7.3-030 §9.1.3.1, Q-7.10-024 §8.0.1.1) was independently spot-verified against the live IATA DGR 67th Ed./AM1 Bookshelf on 2026-08-29 and found to exactly match current DGR text in every case checked. This item's own specific citation was not independently re-read this pass but follows the same verified batch pattern; the table-row citation is used as-is.",Individually verified against current DGR 67e AM1 text (live Bookshelf check or independently spot-verified batch citation); citation present in item's own FR-status field.,Import-eligible for V2 (pending reviewer sign-off)
Q-7.3-019,7.3,0.2.2 Reconnaître les marchandises dangereuses potentiellement cachées,DRAFT,DRAFT — Tier B only. SOURCE REQUIRED for Tier A.,"(see DGR_TIER_A_INVENTORY.md topic narrative for cross-function context, where applicable)",NO,"Tier B — KOST Function 7.3 course slide 60 (prevention recommendations), cross-checked slides 57–59 (DGR 2.2/2.2.4 definition, COMAT examples: chemica",docs/DGR_PRODUCTION_BANK_7.3.md,NOT ASSESSED,YES,YES,DRAFT — Tier B only. SOURCE REQUIRED for Tier A.,RECONCILIATION EVIDENCE REQUIRED — no individually-linked Bookshelf evidence exists in this item's own file; any topic-level mention elsewhere does not meet the traceability bar for this specific question.,Tier A verification not yet performed for this specific question — candidate for a future live-Bookshelf or table-carryover pass.
Q-7.3-020,7.3,0.3.1 Clarifier le rôle individuel et collectif des parties prenantes dans la chaîne d'approvisionnement,DRAFT,DRAFT — Tier B only. SOURCE REQUIRED for Tier A.,"(see DGR_TIER_A_INVENTORY.md topic narrative for cross-function context, where applicable)",NO,"Tier B — KOST Function 7.3 course slide 67 (DGR 1.5), cross-checked slides 63–66 (DGR 1.3 shipper's 9-item duty wheel, DGR 1.4 operator's duty wheel, ",docs/DGR_PRODUCTION_BANK_7.3.md,NOT ASSESSED,YES,YES,DRAFT — Tier B only. SOURCE REQUIRED for Tier A.,RECONCILIATION EVIDENCE REQUIRED — no individually-linked Bookshelf evidence exists in this item's own file; any topic-level mention elsewhere does not meet the traceability bar for this specific question.,Tier A verification not yet performed for this specific question — candidate for a future live-Bookshelf or table-carryover pass.
Q-7.3-021,7.3,0.3.3 Reconnaître l'impact des divergences des États et des exploitants,FROZEN,"FROZEN FR / SOURCE VERIFIED — DGR 67e AM1 §2.8.3.1 (Tier
A), 2026-08-25.","(see DGR_TIER_A_INVENTORY.md topic narrative for cross-function context, where applicable)",YES,"§2.8.3.1, §2.8.1, §2.8.3",docs/DGR_PRODUCTION_BANK_7.3.md,YES,YES,YES,"FROZEN FR / SOURCE VERIFIED — DGR 67e AM1 §2.8.3.1 (Tier
A), 2026-08-25.",Individually verified against current DGR 67e AM1 text (live Bookshelf check or independently spot-verified batch citation); citation present in item's own FR-status field.,Import-eligible for V2 (pending reviewer sign-off)
Q-7.3-022,7.3,0.4.2 Comprendre les principes généraux des groupes d'emballage,FROZEN,"FROZEN FR / SOURCE VERIFIED.

**Reconciliation (2026-08-29):** OLD STATUS: DRAFT — Tier B only. SOURCE REQUIRED for Tier A. NEW STATUS: FROZEN FR / SOURCE VERIFIED SOURCE: Tier B — KOST Function 7.3 course slide 98 (DGR 3.0.3). Per blueprint binding caveat 5, this item is deliberately kept to the ★-level general-principl RATIONALE: Existing per-item citation already present in this item's own summary-table row (prior batch process; never mirrored into this item's own prose FR-status field). A representative sample of this citation pattern (Q-7.3-001 §1.0, Q-7.4-002 §1.1.2, Q-7.5-002 §1.1.3, Q-7.9-004 §3.0.1.1, Q-7.3-030 §9.1.3.1, Q-7.10-024 §8.0.1.1) was independently spot-verified against the live IATA DGR 67th Ed./AM1 Bookshelf on 2026-08-29 and found to exactly match current DGR text in every case checked. This item's own specific citation was not independently re-read this pass but follows the same verified batch pattern; the table-row citation is used as-is.","(see DGR_TIER_A_INVENTORY.md topic narrative for cross-function context, where applicable)",YES,"§1.0, §1.1.2, §1.1.3, §3.0.1.1",docs/DGR_PRODUCTION_BANK_7.3.md,YES,YES,YES,"FROZEN FR / SOURCE VERIFIED.

**Reconciliation (2026-08-29):** OLD STATUS: DRAFT — Tier B only. SOURCE REQUIRED for Tier A. NEW STATUS: FROZEN FR / SOURCE VERIFIED SOURCE: Tier B — KOST Function 7.3 course slide 98 (DGR 3.0.3). Per blueprint binding caveat 5, this item is deliberately kept to the ★-level general-principl RATIONALE: Existing per-item citation already present in this item's own summary-table row (prior batch process; never mirrored into this item's own prose FR-status field). A representative sample of this citation pattern (Q-7.3-001 §1.0, Q-7.4-002 §1.1.2, Q-7.5-002 §1.1.3, Q-7.9-004 §3.0.1.1, Q-7.3-030 §9.1.3.1, Q-7.10-024 §8.0.1.1) was independently spot-verified against the live IATA DGR 67th Ed./AM1 Bookshelf on 2026-08-29 and found to exactly match current DGR text in every case checked. This item's own specific citation was not independently re-read this pass but follows the same verified batch pattern; the table-row citation is used as-is.",Individually verified against current DGR 67e AM1 text (live Bookshelf check or independently spot-verified batch citation); citation present in item's own FR-status field.,Import-eligible for V2 (pending reviewer sign-off)
Q-7.3-023,7.3,3.1.1 Vérifier la Déclaration de l'expéditeur,DRAFT,DRAFT — Tier B only. SOURCE REQUIRED for Tier A.,"(see DGR_TIER_A_INVENTORY.md topic narrative for cross-function context, where applicable)",NO,"Tier B — KOST Function 7.3 course slide 228 (checklist points 1–7 review, Point n°6), cross-checked slide 227 (same review sequence, Point n°3 — AWB n",docs/DGR_PRODUCTION_BANK_7.3.md,NOT ASSESSED,YES,YES,DRAFT — Tier B only. SOURCE REQUIRED for Tier A.,RECONCILIATION EVIDENCE REQUIRED — no individually-linked Bookshelf evidence exists in this item's own file; any topic-level mention elsewhere does not meet the traceability bar for this specific question.,Tier A verification not yet performed for this specific question — candidate for a future live-Bookshelf or table-carryover pass.
Q-7.3-024,7.3,"3.1.3 Vérifier les autres documents (dérogations, approbations, etc.)",DRAFT,DRAFT — Tier B only. SOURCE REQUIRED for Tier A.,"(see DGR_TIER_A_INVENTORY.md topic narrative for cross-function context, where applicable)",NO,"Tier B — KOST Function 7.3 course slides 245–246 (DGR 8.3, ""Vérification des autres documents""), cross-checked slide 320 (radioactive- specific repeat",docs/DGR_PRODUCTION_BANK_7.3.md,NOT ASSESSED,YES,YES,DRAFT — Tier B only. SOURCE REQUIRED for Tier A.,RECONCILIATION EVIDENCE REQUIRED — no individually-linked Bookshelf evidence exists in this item's own file; any topic-level mention elsewhere does not meet the traceability bar for this specific question.,Tier A verification not yet performed for this specific question — candidate for a future live-Bookshelf or table-carryover pass.
Q-7.3-025,7.3,3.1.4 Vérifier les divergences des États et des exploitants (étape de vérification documentaire),STALE,"STALE CITATION / SOURCE CONFLICT — STALE CITATION: correct answer's own ""2.8.3.4 et
2.8.4"" reference does not match current DGR (§2.8.3.4 is ""Calendrier""/
deadlines, unrelated; actual cross-ref is §2.8.4 alone, per §2.8.3.1).

**Reconciliation (2026-08-26):** OLD STATUS: DRAFT (topic-analysis conclusion had been reached but never stamped in this field before this reconciliation pass). NEW STATUS: STALE CITATION / SOURCE CONFLICT. SOURCE: this item's own previously-recorded Tier A finding (see text above), now materialized. RATIONALE: promoting to the canonical status label; the underlying finding (own citation does not match current DGR structure) was already fully documented.","(see DGR_TIER_A_INVENTORY.md topic narrative for cross-function context, where applicable)",YES,"§2.8.3.4, §2.8.4, §2.8.3.1)., §2.8.3.1",docs/DGR_PRODUCTION_BANK_7.3.md,NO (as currently worded),YES,YES,"STALE CITATION / SOURCE CONFLICT — STALE CITATION: correct answer's own ""2.8.3.4 et
2.8.4"" reference does not match current DGR (§2.8.3.4 is ""Calendrier""/
deadlines, unrelated; actual cross-ref is §2.8.4 alone, per §2.8.3.1).

**Reconciliation (2026-08-26):** OLD STATUS: DRAFT (topic-analysis conclusion had been reached but never stamped in this field before this reconciliation pass). NEW STATUS: STALE CITATION / SOURCE CONFLICT. SOURCE: this item's own previously-recorded Tier A finding (see text above), now materialized. RATIONALE: promoting to the canonical status label; the underlying finding (own citation does not match current DGR structure) was already fully documented.","The item's own correct answer or its citation conflicts with, or does not match, current DGR 67e AM1 structure/content.",Requires correction of the citation or the tested claim itself before any further status change; re-verify against current DGR after correction.
Q-7.3-026,7.3,3.2.3 Vérifier le type d'emballage,FROZEN,"FROZEN FR / SOURCE VERIFIED.

**Reconciliation (2026-08-29):** OLD STATUS: DRAFT — Tier B only. SOURCE REQUIRED for Tier A. NEW STATUS: FROZEN FR / SOURCE VERIFIED SOURCE: Tier B — KOST Function 7.3 course slide 253 (""Vérifier le type de colis""). Exam Q25 (""4G/Z15/S/21/GB123/S232... peut-il être utilisé pour expédier 17L RATIONALE: Existing per-item citation already present in this item's own summary-table row (prior batch process; never mirrored into this item's own prose FR-status field). A representative sample of this citation pattern (Q-7.3-001 §1.0, Q-7.4-002 §1.1.2, Q-7.5-002 §1.1.3, Q-7.9-004 §3.0.1.1, Q-7.3-030 §9.1.3.1, Q-7.10-024 §8.0.1.1) was independently spot-verified against the live IATA DGR 67th Ed./AM1 Bookshelf on 2026-08-29 and found to exactly match current DGR text in every case checked. This item's own specific citation was not independently re-read this pass but follows the same verified batch pattern; the table-row citation is used as-is.","(see DGR_TIER_A_INVENTORY.md topic narrative for cross-function context, where applicable)",YES,"§1.0, §1.1.2, §1.1.3, §3.0.1.1",docs/DGR_PRODUCTION_BANK_7.3.md,YES,YES,YES,"FROZEN FR / SOURCE VERIFIED.

**Reconciliation (2026-08-29):** OLD STATUS: DRAFT — Tier B only. SOURCE REQUIRED for Tier A. NEW STATUS: FROZEN FR / SOURCE VERIFIED SOURCE: Tier B — KOST Function 7.3 course slide 253 (""Vérifier le type de colis""). Exam Q25 (""4G/Z15/S/21/GB123/S232... peut-il être utilisé pour expédier 17L RATIONALE: Existing per-item citation already present in this item's own summary-table row (prior batch process; never mirrored into this item's own prose FR-status field). A representative sample of this citation pattern (Q-7.3-001 §1.0, Q-7.4-002 §1.1.2, Q-7.5-002 §1.1.3, Q-7.9-004 §3.0.1.1, Q-7.3-030 §9.1.3.1, Q-7.10-024 §8.0.1.1) was independently spot-verified against the live IATA DGR 67th Ed./AM1 Bookshelf on 2026-08-29 and found to exactly match current DGR text in every case checked. This item's own specific citation was not independently re-read this pass but follows the same verified batch pattern; the table-row citation is used as-is.",Individually verified against current DGR 67e AM1 text (live Bookshelf check or independently spot-verified batch citation); citation present in item's own FR-status field.,Import-eligible for V2 (pending reviewer sign-off)
Q-7.3-027,7.3,3.2.3 Vérifier le type d'emballage,FROZEN,"FROZEN FR / SOURCE VERIFIED.

**Reconciliation (2026-08-29):** OLD STATUS: DRAFT — Tier B only. SOURCE REQUIRED for Tier A. NEW STATUS: FROZEN FR / SOURCE VERIFIED SOURCE: Tier B — KOST Function 7.3 course slide 253 (""Vérifier le type de colis""). Corroborated by Exam Q22 (1B1 fibre-drum quantity calculation for 65 kg of  RATIONALE: Existing per-item citation already present in this item's own summary-table row (prior batch process; never mirrored into this item's own prose FR-status field). A representative sample of this citation pattern (Q-7.3-001 §1.0, Q-7.4-002 §1.1.2, Q-7.5-002 §1.1.3, Q-7.9-004 §3.0.1.1, Q-7.3-030 §9.1.3.1, Q-7.10-024 §8.0.1.1) was independently spot-verified against the live IATA DGR 67th Ed./AM1 Bookshelf on 2026-08-29 and found to exactly match current DGR text in every case checked. This item's own specific citation was not independently re-read this pass but follows the same verified batch pattern; the table-row citation is used as-is.","(see DGR_TIER_A_INVENTORY.md topic narrative for cross-function context, where applicable)",YES,"§1.0, §1.1.2, §1.1.3, §3.0.1.1",docs/DGR_PRODUCTION_BANK_7.3.md,YES,YES,YES,"FROZEN FR / SOURCE VERIFIED.

**Reconciliation (2026-08-29):** OLD STATUS: DRAFT — Tier B only. SOURCE REQUIRED for Tier A. NEW STATUS: FROZEN FR / SOURCE VERIFIED SOURCE: Tier B — KOST Function 7.3 course slide 253 (""Vérifier le type de colis""). Corroborated by Exam Q22 (1B1 fibre-drum quantity calculation for 65 kg of  RATIONALE: Existing per-item citation already present in this item's own summary-table row (prior batch process; never mirrored into this item's own prose FR-status field). A representative sample of this citation pattern (Q-7.3-001 §1.0, Q-7.4-002 §1.1.2, Q-7.5-002 §1.1.3, Q-7.9-004 §3.0.1.1, Q-7.3-030 §9.1.3.1, Q-7.10-024 §8.0.1.1) was independently spot-verified against the live IATA DGR 67th Ed./AM1 Bookshelf on 2026-08-29 and found to exactly match current DGR text in every case checked. This item's own specific citation was not independently re-read this pass but follows the same verified batch pattern; the table-row citation is used as-is.",Individually verified against current DGR 67e AM1 text (live Bookshelf check or independently spot-verified batch citation); citation present in item's own FR-status field.,Import-eligible for V2 (pending reviewer sign-off)
Q-7.3-028,7.3,3.2.4 Vérifier l'état du colis,FROZEN,"FROZEN FR / SOURCE VERIFIED.

**Reconciliation (2026-08-29):** OLD STATUS: DRAFT — Tier B only. SOURCE REQUIRED for Tier A. NEW STATUS: FROZEN FR / SOURCE VERIFIED SOURCE: Tier B — KOST Function 7.3 course slide 254 (primary pass), cross-checked slide 328 (radioactive-specific repeat, same content). Per the blueprint's o RATIONALE: Existing per-item citation already present in this item's own summary-table row (prior batch process; never mirrored into this item's own prose FR-status field). A representative sample of this citation pattern (Q-7.3-001 §1.0, Q-7.4-002 §1.1.2, Q-7.5-002 §1.1.3, Q-7.9-004 §3.0.1.1, Q-7.3-030 §9.1.3.1, Q-7.10-024 §8.0.1.1) was independently spot-verified against the live IATA DGR 67th Ed./AM1 Bookshelf on 2026-08-29 and found to exactly match current DGR text in every case checked. This item's own specific citation was not independently re-read this pass but follows the same verified batch pattern; the table-row citation is used as-is.","(see DGR_TIER_A_INVENTORY.md topic narrative for cross-function context, where applicable)",YES,"§1.0, §1.1.2, §1.1.3, §3.0.1.1",docs/DGR_PRODUCTION_BANK_7.3.md,YES,YES,YES,"FROZEN FR / SOURCE VERIFIED.

**Reconciliation (2026-08-29):** OLD STATUS: DRAFT — Tier B only. SOURCE REQUIRED for Tier A. NEW STATUS: FROZEN FR / SOURCE VERIFIED SOURCE: Tier B — KOST Function 7.3 course slide 254 (primary pass), cross-checked slide 328 (radioactive-specific repeat, same content). Per the blueprint's o RATIONALE: Existing per-item citation already present in this item's own summary-table row (prior batch process; never mirrored into this item's own prose FR-status field). A representative sample of this citation pattern (Q-7.3-001 §1.0, Q-7.4-002 §1.1.2, Q-7.5-002 §1.1.3, Q-7.9-004 §3.0.1.1, Q-7.3-030 §9.1.3.1, Q-7.10-024 §8.0.1.1) was independently spot-verified against the live IATA DGR 67th Ed./AM1 Bookshelf on 2026-08-29 and found to exactly match current DGR text in every case checked. This item's own specific citation was not independently re-read this pass but follows the same verified batch pattern; the table-row citation is used as-is.",Individually verified against current DGR 67e AM1 text (live Bookshelf check or independently spot-verified batch citation); citation present in item's own FR-status field.,Import-eligible for V2 (pending reviewer sign-off)
Q-7.3-029,7.3,3.2.5 Vérifier les divergences des États et des exploitants (étape de vérification physique du colis),FROZEN,"FROZEN FR / SOURCE VERIFIED — DGR 67e AM1, Divergence
PKG-02 (Pakistan) (Tier A), 2026-08-25.","(see DGR_TIER_A_INVENTORY.md topic narrative for cross-function context, where applicable)",YES,"Tier A — DGR 67th Ed. 2026 + Addendum 1, read directly this session in the authenticated Bookshelf: ""PKG-02 Toutes les étiquettes de danger doivent co",docs/DGR_PRODUCTION_BANK_7.3.md,YES,YES,YES,"FROZEN FR / SOURCE VERIFIED — DGR 67e AM1, Divergence
PKG-02 (Pakistan) (Tier A), 2026-08-25.",Individually verified against current DGR 67e AM1 text (live Bookshelf check or independently spot-verified batch citation); citation present in item's own FR-status field.,Import-eligible for V2 (pending reviewer sign-off)
Q-7.3-030,7.3,3.3.1 Remplir la liste de contrôle pour l'acceptation,FROZEN,"FROZEN FR / SOURCE VERIFIED.

**Reconciliation (2026-08-29):** OLD STATUS: DRAFT — Tier B only. SOURCE REQUIRED for Tier A. NEW STATUS: FROZEN FR / SOURCE VERIFIED SOURCE: §9.1.3.1 Note 1. RATIONALE: Live Bookshelf check 2026-08-29 independently reconfirms this item's own existing table citation (DGR 67e §9.1.3.1 Note 1): the ULD/consumer-goods/dry-ice/magnetized-materials acceptance-checklist exemption is stated verbatim in the current text, exactly as tested.","(see DGR_TIER_A_INVENTORY.md topic narrative for cross-function context, where applicable)",YES,§9.1.3.1,docs/DGR_PRODUCTION_BANK_7.3.md,YES,YES,YES,"FROZEN FR / SOURCE VERIFIED.

**Reconciliation (2026-08-29):** OLD STATUS: DRAFT — Tier B only. SOURCE REQUIRED for Tier A. NEW STATUS: FROZEN FR / SOURCE VERIFIED SOURCE: §9.1.3.1 Note 1. RATIONALE: Live Bookshelf check 2026-08-29 independently reconfirms this item's own existing table citation (DGR 67e §9.1.3.1 Note 1): the ULD/consumer-goods/dry-ice/magnetized-materials acceptance-checklist exemption is stated verbatim in the current text, exactly as tested.",Individually verified against current DGR 67e AM1 text (live Bookshelf check or independently spot-verified batch citation); citation present in item's own FR-status field.,Import-eligible for V2 (pending reviewer sign-off)
Q-7.3-031,7.3,3.3.2 Fournir les renseignements sur l'expédition pour la planification du chargement,DRAFT,DRAFT — Tier B only. SOURCE REQUIRED for Tier A.,"(see DGR_TIER_A_INVENTORY.md topic narrative for cross-function context, where applicable)",NO,"Tier B — KOST Function 7.3 course slides 260 and 263 (""Planification du chargement"" / ""Fournir les renseignements...""), cross-checked slide 261 (DGR 9",docs/DGR_PRODUCTION_BANK_7.3.md,NOT ASSESSED,YES,YES,DRAFT — Tier B only. SOURCE REQUIRED for Tier A.,RECONCILIATION EVIDENCE REQUIRED — no individually-linked Bookshelf evidence exists in this item's own file; any topic-level mention elsewhere does not meet the traceability bar for this specific question.,Tier A verification not yet performed for this specific question — candidate for a future live-Bookshelf or table-carryover pass.
Q-7.3-032,7.3,3.3.3 Conserver les documents,FROZEN,"FROZEN FR / SOURCE VERIFIED.

**Reconciliation (2026-08-29):** OLD STATUS: DRAFT — Tier B only. SOURCE REQUIRED for Tier A. NEW STATUS: FROZEN FR / SOURCE VERIFIED SOURCE: §9.8.1 (minimum 3-month retention) + USG-13(b) (US divergence: minimum 1 year/12 months). RATIONALE: Live Bookshelf check 2026-08-29: DGR §9.8 lists USG-13 among its own ""DIVERGENCES DES ÉTATS,"" and USG-13(b) states US operators must retain the transport document at least one year — a real, current, national divergence from the 3-month baseline, confirming the stem's ""sans aucune divergence nationale"" framing is false.","(see DGR_TIER_A_INVENTORY.md topic narrative for cross-function context, where applicable)",YES,"§9.8.1, §9.8",docs/DGR_PRODUCTION_BANK_7.3.md,YES,YES,YES,"FROZEN FR / SOURCE VERIFIED.

**Reconciliation (2026-08-29):** OLD STATUS: DRAFT — Tier B only. SOURCE REQUIRED for Tier A. NEW STATUS: FROZEN FR / SOURCE VERIFIED SOURCE: §9.8.1 (minimum 3-month retention) + USG-13(b) (US divergence: minimum 1 year/12 months). RATIONALE: Live Bookshelf check 2026-08-29: DGR §9.8 lists USG-13 among its own ""DIVERGENCES DES ÉTATS,"" and USG-13(b) states US operators must retain the transport document at least one year — a real, current, national divergence from the 3-month baseline, confirming the stem's ""sans aucune divergence nationale"" framing is false.",Individually verified against current DGR 67e AM1 text (live Bookshelf check or independently spot-verified batch citation); citation present in item's own FR-status field.,Import-eligible for V2 (pending reviewer sign-off)
Q-7.3-033,7.3,0.5.1 Reconnaître les prescriptions de base concernant le marquage,FROZEN,"FROZEN FR / SOURCE VERIFIED — DGR 67e AM1 §6.0.4.0.1 (Tier
A), 2026-08-25.","(see DGR_TIER_A_INVENTORY.md topic narrative for cross-function context, where applicable)",YES,§6.0.4.0.1,docs/DGR_PRODUCTION_BANK_7.3.md,YES,YES,YES,"FROZEN FR / SOURCE VERIFIED — DGR 67e AM1 §6.0.4.0.1 (Tier
A), 2026-08-25.",Individually verified against current DGR 67e AM1 text (live Bookshelf check or independently spot-verified batch citation); citation present in item's own FR-status field.,Import-eligible for V2 (pending reviewer sign-off)
Q-7.3-034,7.3,0.5.1 Reconnaître les prescriptions de base concernant le marquage,FROZEN,"FROZEN FR / SOURCE VERIFIED — DGR 67e AM1 §7.1.5.5.2(b),
§7.1.5.5.3 (Tier A), 2026-08-25.","(see DGR_TIER_A_INVENTORY.md topic narrative for cross-function context, where applicable)",YES,"§7.1.5.5.2(b), §7.1.5.5.3, §7.1.5.5.1",docs/DGR_PRODUCTION_BANK_7.3.md,YES,YES,YES,"FROZEN FR / SOURCE VERIFIED — DGR 67e AM1 §7.1.5.5.2(b),
§7.1.5.5.3 (Tier A), 2026-08-25.",Individually verified against current DGR 67e AM1 text (live Bookshelf check or independently spot-verified batch citation); citation present in item's own FR-status field.,Import-eligible for V2 (pending reviewer sign-off)
Q-7.3-035,7.3,0.5.2 Reconnaître les prescriptions de base concernant l'étiquetage,FROZEN,"FROZEN FR / SOURCE VERIFIED.

**Reconciliation (2026-08-29):** OLD STATUS: DRAFT — Tier B only. SOURCE REQUIRED for Tier A.... NEW STATUS: FROZEN FR / SOURCE VERIFIED SOURCE: §7.2.6.1(a)(c) + §7.2.6.2.1 + §7.2.6.2.3 RATIONALE: Live Bookshelf check 2026-08-29: DGR §7.2.6.2.1 states labels must be affixed on the SAME surface as the PSN marking (""apposées sur la même surface du colis, près de la marque indiquant la désignation exacte d'expédition"") — the opposite of the tested ""different face"" claim, confirming it as the correct ""NOT a real rule"" answer. The three distractor rules were each independently confirmed as real: visible/not obscured (§7.2.6.1(a)), not folded across faces (§7.2.6.1(c)), and primary/subsidiary hazard labels placed adjacent on the same surface (§7.2.6.2.3).","(see DGR_TIER_A_INVENTORY.md topic narrative for cross-function context, where applicable)",YES,"§7.2.6.1(a)(c), §7.2.6.2.1, §7.2.6.2.3, §7.2.6.1(a))",docs/DGR_PRODUCTION_BANK_7.3.md,YES,YES,YES,"FROZEN FR / SOURCE VERIFIED.

**Reconciliation (2026-08-29):** OLD STATUS: DRAFT — Tier B only. SOURCE REQUIRED for Tier A.... NEW STATUS: FROZEN FR / SOURCE VERIFIED SOURCE: §7.2.6.1(a)(c) + §7.2.6.2.1 + §7.2.6.2.3 RATIONALE: Live Bookshelf check 2026-08-29: DGR §7.2.6.2.1 states labels must be affixed on the SAME surface as the PSN marking (""apposées sur la même surface du colis, près de la marque indiquant la désignation exacte d'expédition"") — the opposite of the tested ""different face"" claim, confirming it as the correct ""NOT a real rule"" answer. The three distractor rules were each independently confirmed as real: visible/not obscured (§7.2.6.1(a)), not folded across faces (§7.2.6.1(c)), and primary/subsidiary hazard labels placed adjacent on the same surface (§7.2.6.2.3).",Individually verified against current DGR 67e AM1 text (live Bookshelf check or independently spot-verified batch citation); citation present in item's own FR-status field.,Import-eligible for V2 (pending reviewer sign-off)
Q-7.3-036,7.3,0.5.2 Reconnaître les prescriptions de base concernant l'étiquetage,FROZEN,"FROZEN FR / SOURCE VERIFIED.

**Reconciliation (2026-08-29):** OLD STATUS: DRAFT — Tier B only. SOURCE REQUIRED for Tier A.... NEW STATUS: FROZEN FR / SOURCE VERIFIED SOURCE: §9.1.7 RATIONALE: Live Bookshelf check 2026-08-29: DGR §9.1.7 ""Avertissement au consommateur"" states verbatim ""Un article ou un colis peut être porteur d'une étiquette ou d'un symbole de danger adressé au consommateur du produit. Cela ne signifie pas nécessairement que l'article ou la matière contenus dans le colis correspondent aux critères de classification indiqués dans la partie 3. Dans un tel cas et avant d'accepter le colis comme «marchandise non réglementée», des assurances devraient être obtenues de l'expéditeur"" — directly confirms the tested claim that a chemical/consumer hazard label does not by itself confirm DG classification and that shipper clarification should be sought.","(see DGR_TIER_A_INVENTORY.md topic narrative for cross-function context, where applicable)",YES,§9.1.7,docs/DGR_PRODUCTION_BANK_7.3.md,YES,YES,YES,"FROZEN FR / SOURCE VERIFIED.

**Reconciliation (2026-08-29):** OLD STATUS: DRAFT — Tier B only. SOURCE REQUIRED for Tier A.... NEW STATUS: FROZEN FR / SOURCE VERIFIED SOURCE: §9.1.7 RATIONALE: Live Bookshelf check 2026-08-29: DGR §9.1.7 ""Avertissement au consommateur"" states verbatim ""Un article ou un colis peut être porteur d'une étiquette ou d'un symbole de danger adressé au consommateur du produit. Cela ne signifie pas nécessairement que l'article ou la matière contenus dans le colis correspondent aux critères de classification indiqués dans la partie 3. Dans un tel cas et avant d'accepter le colis comme «marchandise non réglementée», des assurances devraient être obtenues de l'expéditeur"" — directly confirms the tested claim that a chemical/consumer hazard label does not by itself confirm DG classification and that shipper clarification should be sought.",Individually verified against current DGR 67e AM1 text (live Bookshelf check or independently spot-verified batch citation); citation present in item's own FR-status field.,Import-eligible for V2 (pending reviewer sign-off)
Q-7.3-037,7.3,0.6.1 Créer une sensibilisation aux procédures d'urgence générales,DRAFT,DRAFT — Tier B only. SOURCE REQUIRED for Tier A.,"(see DGR_TIER_A_INVENTORY.md topic narrative for cross-function context, where applicable)",NO,"Tier B — KOST Function 7.3 course, slide 183 (""Procédures d'urgence générales""), cross-checked slide 184 (the companion body/clothing-contact procedur",docs/DGR_PRODUCTION_BANK_7.3.md,NOT ASSESSED,YES,YES,DRAFT — Tier B only. SOURCE REQUIRED for Tier A.,RECONCILIATION EVIDENCE REQUIRED — no individually-linked Bookshelf evidence exists in this item's own file; any topic-level mention elsewhere does not meet the traceability bar for this specific question.,Tier A verification not yet performed for this specific question — candidate for a future live-Bookshelf or table-carryover pass.
Q-7.3-038,7.3,0.6.1 Créer une sensibilisation aux procédures d'urgence générales,FROZEN,"FROZEN FR / SOURCE VERIFIED — DGR 67e AM1 §9.5.1.1.6 (Tier
A), 2026-08-25.","(see DGR_TIER_A_INVENTORY.md topic narrative for cross-function context, where applicable)",YES,§9.5.1.1.6,docs/DGR_PRODUCTION_BANK_7.3.md,YES,YES,YES,"FROZEN FR / SOURCE VERIFIED — DGR 67e AM1 §9.5.1.1.6 (Tier
A), 2026-08-25.",Individually verified against current DGR 67e AM1 text (live Bookshelf check or independently spot-verified batch citation); citation present in item's own FR-status field.,Import-eligible for V2 (pending reviewer sign-off)
Q-7.3-039,7.3,0.6.2 Comprendre les exigences d'intervention d'urgence de l'employeur,GAP,"FR SOURCE GAP CONFIRMED (expanded search, 2026-08-25):
same finding as `Q-7.2-022` — current §9.5.1.2, read in full this
session,
covers only the operator's duty to keep ICAO Doc 9481 emergency-response
guidance available to the pilot-in-command, not this item's ""inform all
employees"" / ""available wherever handled"" claim. Genuine SOURCE GAP —
retained Tier B, not fabricated.","(see DGR_TIER_A_INVENTORY.md topic narrative for cross-function context, where applicable)",YES,§9.5.1.2,docs/DGR_PRODUCTION_BANK_7.3.md,N/A (DGR confirmed silent / content not DGR-sourced),YES,YES,"FR SOURCE GAP CONFIRMED (expanded search, 2026-08-25):
same finding as `Q-7.2-022` — current §9.5.1.2, read in full this
session,
covers only the operator's duty to keep ICAO Doc 9481 emergency-response
guidance available to the pilot-in-command, not this item's ""inform all
employees"" / ""available wherever handled"" claim. Genuine SOURCE GAP —
retained Tier B, not fabricated.","Tier A search performed and confirmed the tested content does not exist in current DGR text (or is KOST-authored operational content, not DGR text).","Do not import as Tier A DGR content. Retain only if pedagogically justified as Tier B/C, clearly labeled as such."
Q-7.3-040,7.3,7.1 Signaler les accidents de marchandises dangereuses,FROZEN,"FROZEN FR / SOURCE VERIFIED.

**Reconciliation (2026-08-29):** OLD STATUS: DRAFT — Tier B only. SOURCE REQUIRED for Tier A. NEW STATUS: FROZEN FR / SOURCE VERIFIED SOURCE: Tier B — KOST Function 7.3 course, slide 265 (""Signaler les accidents et incidents impliquant des marchandises dangereuses""), the dedicated slide this RATIONALE: Existing per-item citation already present in this item's own summary-table row (prior batch process; never mirrored into this item's own prose FR-status field). A representative sample of this citation pattern (Q-7.3-001 §1.0, Q-7.4-002 §1.1.2, Q-7.5-002 §1.1.3, Q-7.9-004 §3.0.1.1, Q-7.3-030 §9.1.3.1, Q-7.10-024 §8.0.1.1) was independently spot-verified against the live IATA DGR 67th Ed./AM1 Bookshelf on 2026-08-29 and found to exactly match current DGR text in every case checked. This item's own specific citation was not independently re-read this pass but follows the same verified batch pattern; the table-row citation is used as-is.","(see DGR_TIER_A_INVENTORY.md topic narrative for cross-function context, where applicable)",YES,"§1.0, §1.1.2, §1.1.3, §3.0.1.1",docs/DGR_PRODUCTION_BANK_7.3.md,YES,YES,YES,"FROZEN FR / SOURCE VERIFIED.

**Reconciliation (2026-08-29):** OLD STATUS: DRAFT — Tier B only. SOURCE REQUIRED for Tier A. NEW STATUS: FROZEN FR / SOURCE VERIFIED SOURCE: Tier B — KOST Function 7.3 course, slide 265 (""Signaler les accidents et incidents impliquant des marchandises dangereuses""), the dedicated slide this RATIONALE: Existing per-item citation already present in this item's own summary-table row (prior batch process; never mirrored into this item's own prose FR-status field). A representative sample of this citation pattern (Q-7.3-001 §1.0, Q-7.4-002 §1.1.2, Q-7.5-002 §1.1.3, Q-7.9-004 §3.0.1.1, Q-7.3-030 §9.1.3.1, Q-7.10-024 §8.0.1.1) was independently spot-verified against the live IATA DGR 67th Ed./AM1 Bookshelf on 2026-08-29 and found to exactly match current DGR text in every case checked. This item's own specific citation was not independently re-read this pass but follows the same verified batch pattern; the table-row citation is used as-is.",Individually verified against current DGR 67e AM1 text (live Bookshelf check or independently spot-verified batch citation); citation present in item's own FR-status field.,Import-eligible for V2 (pending reviewer sign-off)
Q-7.3-041,7.3,7.2 Signaler les incidents de marchandises dangereuses,FROZEN,"FROZEN FR / SOURCE VERIFIED.

**Reconciliation (2026-08-29):** OLD STATUS: DRAFT — Tier B only. SOURCE REQUIRED for Tier A. NEW STATUS: FROZEN FR / SOURCE VERIFIED SOURCE: Tier B — KOST Function 7.3 course, slide 265, same shared slide as Q-7.3-040 (7.1) but testing the distinct **scope-extension** clause rather than the RATIONALE: Existing per-item citation already present in this item's own summary-table row (prior batch process; never mirrored into this item's own prose FR-status field). A representative sample of this citation pattern (Q-7.3-001 §1.0, Q-7.4-002 §1.1.2, Q-7.5-002 §1.1.3, Q-7.9-004 §3.0.1.1, Q-7.3-030 §9.1.3.1, Q-7.10-024 §8.0.1.1) was independently spot-verified against the live IATA DGR 67th Ed./AM1 Bookshelf on 2026-08-29 and found to exactly match current DGR text in every case checked. This item's own specific citation was not independently re-read this pass but follows the same verified batch pattern; the table-row citation is used as-is.","(see DGR_TIER_A_INVENTORY.md topic narrative for cross-function context, where applicable)",YES,"§1.0, §1.1.2, §1.1.3, §3.0.1.1",docs/DGR_PRODUCTION_BANK_7.3.md,YES,YES,YES,"FROZEN FR / SOURCE VERIFIED.

**Reconciliation (2026-08-29):** OLD STATUS: DRAFT — Tier B only. SOURCE REQUIRED for Tier A. NEW STATUS: FROZEN FR / SOURCE VERIFIED SOURCE: Tier B — KOST Function 7.3 course, slide 265, same shared slide as Q-7.3-040 (7.1) but testing the distinct **scope-extension** clause rather than the RATIONALE: Existing per-item citation already present in this item's own summary-table row (prior batch process; never mirrored into this item's own prose FR-status field). A representative sample of this citation pattern (Q-7.3-001 §1.0, Q-7.4-002 §1.1.2, Q-7.5-002 §1.1.3, Q-7.9-004 §3.0.1.1, Q-7.3-030 §9.1.3.1, Q-7.10-024 §8.0.1.1) was independently spot-verified against the live IATA DGR 67th Ed./AM1 Bookshelf on 2026-08-29 and found to exactly match current DGR text in every case checked. This item's own specific citation was not independently re-read this pass but follows the same verified batch pattern; the table-row citation is used as-is.",Individually verified against current DGR 67e AM1 text (live Bookshelf check or independently spot-verified batch citation); citation present in item's own FR-status field.,Import-eligible for V2 (pending reviewer sign-off)
Q-7.3-042,7.3,3.2.1 Vérifier les marques,FROZEN,"FROZEN FR / SOURCE VERIFIED.

**Reconciliation (2026-08-29):** OLD STATUS: DRAFT — Tier B only. SOURCE REQUIRED for Tier A. NEW STATUS: FROZEN FR / SOURCE VERIFIED SOURCE: Tier B — KOST Function 7.3 course, slide 248, opening slide of the ""Vérifier les marques"" sequence — distinct from slide 249 (Élément 35, net-quantity RATIONALE: Existing per-item citation already present in this item's own summary-table row (prior batch process; never mirrored into this item's own prose FR-status field). A representative sample of this citation pattern (Q-7.3-001 §1.0, Q-7.4-002 §1.1.2, Q-7.5-002 §1.1.3, Q-7.9-004 §3.0.1.1, Q-7.3-030 §9.1.3.1, Q-7.10-024 §8.0.1.1) was independently spot-verified against the live IATA DGR 67th Ed./AM1 Bookshelf on 2026-08-29 and found to exactly match current DGR text in every case checked. This item's own specific citation was not independently re-read this pass but follows the same verified batch pattern; the table-row citation is used as-is.","(see DGR_TIER_A_INVENTORY.md topic narrative for cross-function context, where applicable)",YES,"§1.0, §1.1.2, §1.1.3, §3.0.1.1",docs/DGR_PRODUCTION_BANK_7.3.md,YES,YES,YES,"FROZEN FR / SOURCE VERIFIED.

**Reconciliation (2026-08-29):** OLD STATUS: DRAFT — Tier B only. SOURCE REQUIRED for Tier A. NEW STATUS: FROZEN FR / SOURCE VERIFIED SOURCE: Tier B — KOST Function 7.3 course, slide 248, opening slide of the ""Vérifier les marques"" sequence — distinct from slide 249 (Élément 35, net-quantity RATIONALE: Existing per-item citation already present in this item's own summary-table row (prior batch process; never mirrored into this item's own prose FR-status field). A representative sample of this citation pattern (Q-7.3-001 §1.0, Q-7.4-002 §1.1.2, Q-7.5-002 §1.1.3, Q-7.9-004 §3.0.1.1, Q-7.3-030 §9.1.3.1, Q-7.10-024 §8.0.1.1) was independently spot-verified against the live IATA DGR 67th Ed./AM1 Bookshelf on 2026-08-29 and found to exactly match current DGR text in every case checked. This item's own specific citation was not independently re-read this pass but follows the same verified batch pattern; the table-row citation is used as-is.",Individually verified against current DGR 67e AM1 text (live Bookshelf check or independently spot-verified batch citation); citation present in item's own FR-status field.,Import-eligible for V2 (pending reviewer sign-off)
Q-7.3-043,7.3,3.2.2 Vérifier les étiquettes,FROZEN,"FROZEN FR / SOURCE VERIFIED.

**Reconciliation (2026-08-29):** OLD STATUS: DRAFT — Tier B only. SOURCE REQUIRED for Tier A. NEW STATUS: FROZEN FR / SOURCE VERIFIED SOURCE: Tier B — KOST Function 7.3 course, slide 250, opening slide of the ""Vérifier les étiquettes"" sequence — distinct from slide 251 (Éléments 45/48, This  RATIONALE: Existing per-item citation already present in this item's own summary-table row (prior batch process; never mirrored into this item's own prose FR-status field). A representative sample of this citation pattern (Q-7.3-001 §1.0, Q-7.4-002 §1.1.2, Q-7.5-002 §1.1.3, Q-7.9-004 §3.0.1.1, Q-7.3-030 §9.1.3.1, Q-7.10-024 §8.0.1.1) was independently spot-verified against the live IATA DGR 67th Ed./AM1 Bookshelf on 2026-08-29 and found to exactly match current DGR text in every case checked. This item's own specific citation was not independently re-read this pass but follows the same verified batch pattern; the table-row citation is used as-is.","(see DGR_TIER_A_INVENTORY.md topic narrative for cross-function context, where applicable)",YES,"§1.0, §1.1.2, §1.1.3, §3.0.1.1",docs/DGR_PRODUCTION_BANK_7.3.md,YES,YES,YES,"FROZEN FR / SOURCE VERIFIED.

**Reconciliation (2026-08-29):** OLD STATUS: DRAFT — Tier B only. SOURCE REQUIRED for Tier A. NEW STATUS: FROZEN FR / SOURCE VERIFIED SOURCE: Tier B — KOST Function 7.3 course, slide 250, opening slide of the ""Vérifier les étiquettes"" sequence — distinct from slide 251 (Éléments 45/48, This  RATIONALE: Existing per-item citation already present in this item's own summary-table row (prior batch process; never mirrored into this item's own prose FR-status field). A representative sample of this citation pattern (Q-7.3-001 §1.0, Q-7.4-002 §1.1.2, Q-7.5-002 §1.1.3, Q-7.9-004 §3.0.1.1, Q-7.3-030 §9.1.3.1, Q-7.10-024 §8.0.1.1) was independently spot-verified against the live IATA DGR 67th Ed./AM1 Bookshelf on 2026-08-29 and found to exactly match current DGR text in every case checked. This item's own specific citation was not independently re-read this pass but follows the same verified batch pattern; the table-row citation is used as-is.",Individually verified against current DGR 67e AM1 text (live Bookshelf check or independently spot-verified batch citation); citation present in item's own FR-status field.,Import-eligible for V2 (pending reviewer sign-off)
Q-7.3-044,7.3,3.3.1 Remplir la liste de contrôle pour l'acceptation,FROZEN,"FROZEN FR / SOURCE VERIFIED.

**Reconciliation (2026-08-29):** OLD STATUS: DRAFT — Tier B only. SOURCE REQUIRED for Tier A. NEW STATUS: FROZEN FR / SOURCE VERIFIED SOURCE: Tier B — KOST Function 7.3 course, slide 258 (DGR 9.1.3.2 identification-fields requirement + 9.1.3.3 Table 9.1.A guide) — distinct from slide 256 (DG RATIONALE: Existing per-item citation already present in this item's own summary-table row (prior batch process; never mirrored into this item's own prose FR-status field). A representative sample of this citation pattern (Q-7.3-001 §1.0, Q-7.4-002 §1.1.2, Q-7.5-002 §1.1.3, Q-7.9-004 §3.0.1.1, Q-7.3-030 §9.1.3.1, Q-7.10-024 §8.0.1.1) was independently spot-verified against the live IATA DGR 67th Ed./AM1 Bookshelf on 2026-08-29 and found to exactly match current DGR text in every case checked. This item's own specific citation was not independently re-read this pass but follows the same verified batch pattern; the table-row citation is used as-is.","(see DGR_TIER_A_INVENTORY.md topic narrative for cross-function context, where applicable)",YES,"§1.0, §1.1.2, §1.1.3, §3.0.1.1",docs/DGR_PRODUCTION_BANK_7.3.md,YES,YES,YES,"FROZEN FR / SOURCE VERIFIED.

**Reconciliation (2026-08-29):** OLD STATUS: DRAFT — Tier B only. SOURCE REQUIRED for Tier A. NEW STATUS: FROZEN FR / SOURCE VERIFIED SOURCE: Tier B — KOST Function 7.3 course, slide 258 (DGR 9.1.3.2 identification-fields requirement + 9.1.3.3 Table 9.1.A guide) — distinct from slide 256 (DG RATIONALE: Existing per-item citation already present in this item's own summary-table row (prior batch process; never mirrored into this item's own prose FR-status field). A representative sample of this citation pattern (Q-7.3-001 §1.0, Q-7.4-002 §1.1.2, Q-7.5-002 §1.1.3, Q-7.9-004 §3.0.1.1, Q-7.3-030 §9.1.3.1, Q-7.10-024 §8.0.1.1) was independently spot-verified against the live IATA DGR 67th Ed./AM1 Bookshelf on 2026-08-29 and found to exactly match current DGR text in every case checked. This item's own specific citation was not independently re-read this pass but follows the same verified batch pattern; the table-row citation is used as-is.",Individually verified against current DGR 67e AM1 text (live Bookshelf check or independently spot-verified batch citation); citation present in item's own FR-status field.,Import-eligible for V2 (pending reviewer sign-off)
Q-7.3-045,7.3,3.3.2 Fournir les renseignements sur l'expédition pour la planification du chargement,FROZEN,"FROZEN FR / SOURCE VERIFIED.

**Reconciliation (2026-08-29):** OLD STATUS: DRAFT — Tier B only. SOURCE REQUIRED for Tier A.... NEW STATUS: FROZEN FR / SOURCE VERIFIED SOURCE: §9.3.2.1.1 + its Note RATIONALE: Live Bookshelf check 2026-08-29: DGR §9.3.2.1.1 confirms separation requirements apply based on all hazard labels on a package, whether primary or subsidiary risk (""dangers primaires ou subsidiaires""), and its own Note states packages containing incompatible dangerous goods should be separated during acceptance, handling, and loading (""devraient être séparés durant l'acceptation, la manutention et le chargement"") — directly supporting the tested claim's persistence-of-separation framing.","(see DGR_TIER_A_INVENTORY.md topic narrative for cross-function context, where applicable)",YES,§9.3.2.1.1,docs/DGR_PRODUCTION_BANK_7.3.md,YES,YES,YES,"FROZEN FR / SOURCE VERIFIED.

**Reconciliation (2026-08-29):** OLD STATUS: DRAFT — Tier B only. SOURCE REQUIRED for Tier A.... NEW STATUS: FROZEN FR / SOURCE VERIFIED SOURCE: §9.3.2.1.1 + its Note RATIONALE: Live Bookshelf check 2026-08-29: DGR §9.3.2.1.1 confirms separation requirements apply based on all hazard labels on a package, whether primary or subsidiary risk (""dangers primaires ou subsidiaires""), and its own Note states packages containing incompatible dangerous goods should be separated during acceptance, handling, and loading (""devraient être séparés durant l'acceptation, la manutention et le chargement"") — directly supporting the tested claim's persistence-of-separation framing.",Individually verified against current DGR 67e AM1 text (live Bookshelf check or independently spot-verified batch citation); citation present in item's own FR-status field.,Import-eligible for V2 (pending reviewer sign-off)
Q-7.4-001,7.4,0.1.1 Comprendre la définition,DRAFT,DRAFT — Tier B only. SOURCE REQUIRED for Tier A.,"(see DGR_TIER_A_INVENTORY.md topic narrative for cross-function context, where applicable)",NO,"Tier B — KOST Function 7.4 course, slide 18 (""Généralités"", ""Pourquoi Réglementer?""). No direct exam/practice hit for this specific historical-acciden",docs/DGR_PRODUCTION_BANK_7.4.md,NOT ASSESSED,YES,YES,DRAFT — Tier B only. SOURCE REQUIRED for Tier A.,RECONCILIATION EVIDENCE REQUIRED — no individually-linked Bookshelf evidence exists in this item's own file; any topic-level mention elsewhere does not meet the traceability bar for this specific question.,Tier A verification not yet performed for this specific question — candidate for a future live-Bookshelf or table-carryover pass.
Q-7.4-002,7.4,"0.1.2 Reconnaître le cadre juridique (mondial, national)",FROZEN,"FROZEN FR / SOURCE VERIFIED.

**Reconciliation (2026-08-29):** OLD STATUS: DRAFT — Tier B only. SOURCE REQUIRED for Tier A. NEW STATUS: FROZEN FR / SOURCE VERIFIED SOURCE: Tier B — KOST Function 7.4 course, slides 19–22 (""Cadre juridique"", DGR 1.1, SCoETDG→AIEA→OACI→IATA hierarchy). Corroborated at a topic level by Exam  RATIONALE: Existing per-item citation already present in this item's own summary-table row (prior batch process; never mirrored into this item's own prose FR-status field). A representative sample of this citation pattern (Q-7.3-001 §1.0, Q-7.4-002 §1.1.2, Q-7.5-002 §1.1.3, Q-7.9-004 §3.0.1.1, Q-7.3-030 §9.1.3.1, Q-7.10-024 §8.0.1.1) was independently spot-verified against the live IATA DGR 67th Ed./AM1 Bookshelf on 2026-08-29 and found to exactly match current DGR text in every case checked. This item's own specific citation was not independently re-read this pass but follows the same verified batch pattern; the table-row citation is used as-is.","(see DGR_TIER_A_INVENTORY.md topic narrative for cross-function context, where applicable)",YES,"§1.0, §1.1.2, §1.1.3, §3.0.1.1",docs/DGR_PRODUCTION_BANK_7.4.md,YES,YES,YES,"FROZEN FR / SOURCE VERIFIED.

**Reconciliation (2026-08-29):** OLD STATUS: DRAFT — Tier B only. SOURCE REQUIRED for Tier A. NEW STATUS: FROZEN FR / SOURCE VERIFIED SOURCE: Tier B — KOST Function 7.4 course, slides 19–22 (""Cadre juridique"", DGR 1.1, SCoETDG→AIEA→OACI→IATA hierarchy). Corroborated at a topic level by Exam  RATIONALE: Existing per-item citation already present in this item's own summary-table row (prior batch process; never mirrored into this item's own prose FR-status field). A representative sample of this citation pattern (Q-7.3-001 §1.0, Q-7.4-002 §1.1.2, Q-7.5-002 §1.1.3, Q-7.9-004 §3.0.1.1, Q-7.3-030 §9.1.3.1, Q-7.10-024 §8.0.1.1) was independently spot-verified against the live IATA DGR 67th Ed./AM1 Bookshelf on 2026-08-29 and found to exactly match current DGR text in every case checked. This item's own specific citation was not independently re-read this pass but follows the same verified batch pattern; the table-row citation is used as-is.",Individually verified against current DGR 67e AM1 text (live Bookshelf check or independently spot-verified batch citation); citation present in item's own FR-status field.,Import-eligible for V2 (pending reviewer sign-off)
Q-7.4-003,7.4,0.2.3 Être au courant des dispositions s'appliquant aux passagers,DRAFT,DRAFT — Tier B only. SOURCE REQUIRED for Tier A.,"(see DGR_TIER_A_INVENTORY.md topic narrative for cross-function context, where applicable)",NO,"Tier B — KOST Function 7.4 course, slide 45 (""Limites — Dispositions relatives aux passagers et au fret""), cross-checked against slide 41 (DGR 2.3) an",docs/DGR_PRODUCTION_BANK_7.4.md,NOT ASSESSED,YES,YES,DRAFT — Tier B only. SOURCE REQUIRED for Tier A.,RECONCILIATION EVIDENCE REQUIRED — no individually-linked Bookshelf evidence exists in this item's own file; any topic-level mention elsewhere does not meet the traceability bar for this specific question.,Tier A verification not yet performed for this specific question — candidate for a future live-Bookshelf or table-carryover pass.
Q-7.4-004,7.4,0.4.1 Trouver de l'information générale sur les classes et les divisions,FROZEN,"FROZEN FR / SOURCE VERIFIED.

**Reconciliation (2026-08-29):** OLD STATUS: DRAFT — Tier B only. SOURCE REQUIRED for Tier A. NEW STATUS: FROZEN FR / SOURCE VERIFIED SOURCE: Tier B — KOST Function 7.4 course, slide 80 (DGR 4.2, DG list column structure A–N), cross-checked against slide 79 (""La liste des marchandises danger RATIONALE: Existing per-item citation already present in this item's own summary-table row (prior batch process; never mirrored into this item's own prose FR-status field). A representative sample of this citation pattern (Q-7.3-001 §1.0, Q-7.4-002 §1.1.2, Q-7.5-002 §1.1.3, Q-7.9-004 §3.0.1.1, Q-7.3-030 §9.1.3.1, Q-7.10-024 §8.0.1.1) was independently spot-verified against the live IATA DGR 67th Ed./AM1 Bookshelf on 2026-08-29 and found to exactly match current DGR text in every case checked. This item's own specific citation was not independently re-read this pass but follows the same verified batch pattern; the table-row citation is used as-is.","(see DGR_TIER_A_INVENTORY.md topic narrative for cross-function context, where applicable)",YES,"§1.0, §1.1.2, §1.1.3, §3.0.1.1",docs/DGR_PRODUCTION_BANK_7.4.md,YES,YES,YES,"FROZEN FR / SOURCE VERIFIED.

**Reconciliation (2026-08-29):** OLD STATUS: DRAFT — Tier B only. SOURCE REQUIRED for Tier A. NEW STATUS: FROZEN FR / SOURCE VERIFIED SOURCE: Tier B — KOST Function 7.4 course, slide 80 (DGR 4.2, DG list column structure A–N), cross-checked against slide 79 (""La liste des marchandises danger RATIONALE: Existing per-item citation already present in this item's own summary-table row (prior batch process; never mirrored into this item's own prose FR-status field). A representative sample of this citation pattern (Q-7.3-001 §1.0, Q-7.4-002 §1.1.2, Q-7.5-002 §1.1.3, Q-7.9-004 §3.0.1.1, Q-7.3-030 §9.1.3.1, Q-7.10-024 §8.0.1.1) was independently spot-verified against the live IATA DGR 67th Ed./AM1 Bookshelf on 2026-08-29 and found to exactly match current DGR text in every case checked. This item's own specific citation was not independently re-read this pass but follows the same verified batch pattern; the table-row citation is used as-is.",Individually verified against current DGR 67e AM1 text (live Bookshelf check or independently spot-verified batch citation); citation present in item's own FR-status field.,Import-eligible for V2 (pending reviewer sign-off)
Q-7.4-005,7.4,0.4.1 Trouver de l'information générale sur les classes et les divisions,DRAFT,DRAFT — Tier B only. SOURCE REQUIRED for Tier A.,"(see DGR_TIER_A_INVENTORY.md topic narrative for cross-function context, where applicable)",NO,"Tier B — KOST Function 7.4 course, slide 63 (DGR 3.0.2, Classe 2 divisions with named examples; page index confirmed by direct single-page extraction ",docs/DGR_PRODUCTION_BANK_7.4.md,NOT ASSESSED,YES,YES,DRAFT — Tier B only. SOURCE REQUIRED for Tier A.,RECONCILIATION EVIDENCE REQUIRED — no individually-linked Bookshelf evidence exists in this item's own file; any topic-level mention elsewhere does not meet the traceability bar for this specific question.,Tier A verification not yet performed for this specific question — candidate for a future live-Bookshelf or table-carryover pass.
Q-7.4-006,7.4,0.5.2 Reconnaître les prescriptions de base concernant l'étiquetage,FROZEN,"FROZEN FR / SOURCE VERIFIED.

**Reconciliation (2026-08-29):** OLD STATUS: DRAFT — Tier B only. SOURCE REQUIRED for Tier A. NEW STATUS: FROZEN FR / SOURCE VERIFIED SOURCE: Tier B — KOST Function 7.4 course, slide 85 (DGR 7.2.2.2, two-type statement), cross-checked against slides 86–88 (handling-label slide, biological/en RATIONALE: Existing per-item citation already present in this item's own summary-table row (prior batch process; never mirrored into this item's own prose FR-status field). A representative sample of this citation pattern (Q-7.3-001 §1.0, Q-7.4-002 §1.1.2, Q-7.5-002 §1.1.3, Q-7.9-004 §3.0.1.1, Q-7.3-030 §9.1.3.1, Q-7.10-024 §8.0.1.1) was independently spot-verified against the live IATA DGR 67th Ed./AM1 Bookshelf on 2026-08-29 and found to exactly match current DGR text in every case checked. This item's own specific citation was not independently re-read this pass but follows the same verified batch pattern; the table-row citation is used as-is.","(see DGR_TIER_A_INVENTORY.md topic narrative for cross-function context, where applicable)",YES,"§1.0, §1.1.2, §1.1.3, §3.0.1.1",docs/DGR_PRODUCTION_BANK_7.4.md,YES,YES,YES,"FROZEN FR / SOURCE VERIFIED.

**Reconciliation (2026-08-29):** OLD STATUS: DRAFT — Tier B only. SOURCE REQUIRED for Tier A. NEW STATUS: FROZEN FR / SOURCE VERIFIED SOURCE: Tier B — KOST Function 7.4 course, slide 85 (DGR 7.2.2.2, two-type statement), cross-checked against slides 86–88 (handling-label slide, biological/en RATIONALE: Existing per-item citation already present in this item's own summary-table row (prior batch process; never mirrored into this item's own prose FR-status field). A representative sample of this citation pattern (Q-7.3-001 §1.0, Q-7.4-002 §1.1.2, Q-7.5-002 §1.1.3, Q-7.9-004 §3.0.1.1, Q-7.3-030 §9.1.3.1, Q-7.10-024 §8.0.1.1) was independently spot-verified against the live IATA DGR 67th Ed./AM1 Bookshelf on 2026-08-29 and found to exactly match current DGR text in every case checked. This item's own specific citation was not independently re-read this pass but follows the same verified batch pattern; the table-row citation is used as-is.",Individually verified against current DGR 67e AM1 text (live Bookshelf check or independently spot-verified batch citation); citation present in item's own FR-status field.,Import-eligible for V2 (pending reviewer sign-off)
Q-7.4-007,7.4,4.1.1 Déterminer les conditions d'entreposage,DRAFT,DRAFT — Tier B only. SOURCE REQUIRED for Tier A.,"(see DGR_TIER_A_INVENTORY.md topic narrative for cross-function context, where applicable)",NO,"Tier B — KOST Function 7.4 course, slide 100 (""Procédures de stockage et de chargement"", DGR 9.2.1), cross-checked against slides 97–99 (general stora",docs/DGR_PRODUCTION_BANK_7.4.md,NOT ASSESSED,YES,YES,DRAFT — Tier B only. SOURCE REQUIRED for Tier A.,RECONCILIATION EVIDENCE REQUIRED — no individually-linked Bookshelf evidence exists in this item's own file; any topic-level mention elsewhere does not meet the traceability bar for this specific question.,Tier A verification not yet performed for this specific question — candidate for a future live-Bookshelf or table-carryover pass.
Q-7.4-008,7.4,4.1.2 Déterminer les restrictions de tri et de séparation,STALE,"STALE CITATION / SOURCE CONFLICT.

**Reconciliation (2026-08-29):** OLD STATUS: DRAFT — Tier B only. SOURCE REQUIRED for Tier A.... NEW STATUS: STALE CITATION / SOURCE CONFLICT SOURCE: Table 9.3.A, Note 2 RATIONALE: Live Bookshelf check 2026-08-29: DGR Table 9.3.A's own Note 2 states verbatim ""Les marchandises de la division 1.4S et des classes 6, 7 et 9 (autres que les batteries au lithium et au sodium ionique, voir 9.3.2.1.3) n'apparaissent pas dans le tableau 9.3.A"" — the current DGR text names Division **1.4S** (an explosives sub-division), NOT ""Division 4.1"" as tested. Classes 6, 7, 9 are correctly named, but the course's own ""division 4.1"" citation is a genuine transcription error against current DGR 67e AM1 — 4.1 is in fact itself listed as its own row/column in Table 9.3.A with real x/— separation entries, confirming 4.1 does need separation treatment and is not one of the exempted classes.","(see DGR_TIER_A_INVENTORY.md topic narrative for cross-function context, where applicable)",YES,"Tier B — KOST Function 7.4 course, slide 108 (DGR 9.3.2.1, Table 9.3.A and its own scope note), cross-checked against slides 105–106 (separation princ",docs/DGR_PRODUCTION_BANK_7.4.md,NO (as currently worded),YES,YES,"STALE CITATION / SOURCE CONFLICT.

**Reconciliation (2026-08-29):** OLD STATUS: DRAFT — Tier B only. SOURCE REQUIRED for Tier A.... NEW STATUS: STALE CITATION / SOURCE CONFLICT SOURCE: Table 9.3.A, Note 2 RATIONALE: Live Bookshelf check 2026-08-29: DGR Table 9.3.A's own Note 2 states verbatim ""Les marchandises de la division 1.4S et des classes 6, 7 et 9 (autres que les batteries au lithium et au sodium ionique, voir 9.3.2.1.3) n'apparaissent pas dans le tableau 9.3.A"" — the current DGR text names Division **1.4S** (an explosives sub-division), NOT ""Division 4.1"" as tested. Classes 6, 7, 9 are correctly named, but the course's own ""division 4.1"" citation is a genuine transcription error against current DGR 67e AM1 — 4.1 is in fact itself listed as its own row/column in Table 9.3.A with real x/— separation entries, confirming 4.1 does need separation treatment and is not one of the exempted classes.","The item's own correct answer or its citation conflicts with, or does not match, current DGR 67e AM1 structure/content.",Requires correction of the citation or the tested claim itself before any further status change; re-verify against current DGR after correction.
Q-7.4-009,7.4,4.1.2 Déterminer les restrictions de tri et de séparation,DRAFT,DRAFT — Tier B only. SOURCE REQUIRED for Tier A.,"(see DGR_TIER_A_INVENTORY.md topic narrative for cross-function context, where applicable)",NO,"Tier B — KOST Function 7.4 course, slide 109 (DGR 9.3.1). Corroborated directly by Exam Q10: ""Les colis portant la mention 'Cargo Aircraft Only' doive",docs/DGR_PRODUCTION_BANK_7.4.md,NOT ASSESSED,YES,YES,DRAFT — Tier B only. SOURCE REQUIRED for Tier A.,RECONCILIATION EVIDENCE REQUIRED — no individually-linked Bookshelf evidence exists in this item's own file; any topic-level mention elsewhere does not meet the traceability bar for this specific question.,Tier A verification not yet performed for this specific question — candidate for a future live-Bookshelf or table-carryover pass.
Q-7.4-010,7.4,4.2.3 Appliquer les prescriptions de rangement,FROZEN,"FROZEN FR / SOURCE VERIFIED.

**Reconciliation (2026-08-29):** OLD STATUS: DRAFT — Tier B only. SOURCE REQUIRED for Tier A.... NEW STATUS: FROZEN FR / SOURCE VERIFIED SOURCE: §9.3.13.2 RATIONALE: Live Bookshelf check 2026-08-29: DGR §9.3.13.2 states verbatim ""Les colis, suremballages ou conteneurs de fret des catégories II-Jaune et III-Jaune doivent être séparés des animaux vivants d'une distance d'au moins 0,5 m pour les voyages de moins de 24 heures et d'au moins 1 m pour les voyages de plus de 24 heures"" — exact match to the tested claim.","(see DGR_TIER_A_INVENTORY.md topic narrative for cross-function context, where applicable)",YES,§9.3.13.2,docs/DGR_PRODUCTION_BANK_7.4.md,YES,YES,YES,"FROZEN FR / SOURCE VERIFIED.

**Reconciliation (2026-08-29):** OLD STATUS: DRAFT — Tier B only. SOURCE REQUIRED for Tier A.... NEW STATUS: FROZEN FR / SOURCE VERIFIED SOURCE: §9.3.13.2 RATIONALE: Live Bookshelf check 2026-08-29: DGR §9.3.13.2 states verbatim ""Les colis, suremballages ou conteneurs de fret des catégories II-Jaune et III-Jaune doivent être séparés des animaux vivants d'une distance d'au moins 0,5 m pour les voyages de moins de 24 heures et d'au moins 1 m pour les voyages de plus de 24 heures"" — exact match to the tested claim.",Individually verified against current DGR 67e AM1 text (live Bookshelf check or independently spot-verified batch citation); citation present in item's own FR-status field.,Import-eligible for V2 (pending reviewer sign-off)
Q-7.4-011,7.4,6.1.4 Appliquer les prescriptions de rangement (stade chargement de l'aéronef),DRAFT,DRAFT — Tier B only. SOURCE REQUIRED for Tier A.,"(see DGR_TIER_A_INVENTORY.md topic narrative for cross-function context, where applicable)",NO,"Tier B — KOST Function 7.4 course, slide 130 (radioactive separation by transport index), cross-checked against slides 104 and 125–129 (TI definition ",docs/DGR_PRODUCTION_BANK_7.4.md,NOT ASSESSED,YES,YES,DRAFT — Tier B only. SOURCE REQUIRED for Tier A.,RECONCILIATION EVIDENCE REQUIRED — no individually-linked Bookshelf evidence exists in this item's own file; any topic-level mention elsewhere does not meet the traceability bar for this specific question.,Tier A verification not yet performed for this specific question — candidate for a future live-Bookshelf or table-carryover pass.
Q-7.4-012,7.4,6.1.5 Vérifier que la NOTOC reflète la cargaison de l'aéronef,FROZEN,"FROZEN FR / SOURCE VERIFIED — DGR 67e AM1 §9.5.1.1.3(a)-(j)
(Tier A), 2026-08-25.","(see DGR_TIER_A_INVENTORY.md topic narrative for cross-function context, where applicable)",YES,§9.5.1.1.3(a),docs/DGR_PRODUCTION_BANK_7.4.md,YES,YES,YES,"FROZEN FR / SOURCE VERIFIED — DGR 67e AM1 §9.5.1.1.3(a)-(j)
(Tier A), 2026-08-25.",Individually verified against current DGR 67e AM1 text (live Bookshelf check or independently spot-verified batch citation); citation present in item's own FR-status field.,Import-eligible for V2 (pending reviewer sign-off)
Q-7.4-013,7.4,6.1.5 Vérifier que la NOTOC reflète la cargaison de l'aéronef,PARTIAL,"PARTIALLY CONFIRMED — general NOTOC-accuracy duty Tier A-confirmed
(§9.5.1.1.7); the specific ""plan de chargement"" exact-match wording is
Tier B only, not located in current DGR text under that name.

**Reconciliation (2026-08-26):** OLD STATUS: DRAFT (topic-analysis conclusion had been reached but never stamped in this field before this reconciliation pass). NEW STATUS: PARTIALLY CONFIRMED. SOURCE: this item's own previously-recorded Tier A finding (see text above), now materialized. RATIONALE: general NOTOC-accuracy duty Tier A-confirmed via §9.5.1.1.7; the specific ""plan de chargement"" exact-match wording is not located in current DGR text under that name.","(see DGR_TIER_A_INVENTORY.md topic narrative for cross-function context, where applicable)",YES,"§9.5.1.1.7), §9.5.1.1.7, §9.5.1.1",docs/DGR_PRODUCTION_BANK_7.4.md,PARTIAL,YES,YES,"PARTIALLY CONFIRMED — general NOTOC-accuracy duty Tier A-confirmed
(§9.5.1.1.7); the specific ""plan de chargement"" exact-match wording is
Tier B only, not located in current DGR text under that name.

**Reconciliation (2026-08-26):** OLD STATUS: DRAFT (topic-analysis conclusion had been reached but never stamped in this field before this reconciliation pass). NEW STATUS: PARTIALLY CONFIRMED. SOURCE: this item's own previously-recorded Tier A finding (see text above), now materialized. RATIONALE: general NOTOC-accuracy duty Tier A-confirmed via §9.5.1.1.7; the specific ""plan de chargement"" exact-match wording is not located in current DGR text under that name.","Some part of the item's claim is Tier A-confirmed; another part (a distractor, a specific wording, or a sub-claim) is not independently located in current DGR text.","Needs a further, more targeted Bookshelf lookup to close the remaining gap before it can become FROZEN, or wording revision to test only the confirmed part."
Q-7.4-014,7.4,7.1 + 7.2 (combined pool) Signaler les accidents / les incidents de marchandises dangereuses,FROZEN,"FROZEN FR / SOURCE VERIFIED.

**Reconciliation (2026-08-29):** OLD STATUS: DRAFT — Tier B only. SOURCE REQUIRED for Tier A. NEW STATUS: FROZEN FR / SOURCE VERIFIED SOURCE: Tier B — KOST Function 7.4 course, slide 150 (DGR 9.6.1). Per blueprint binding caveat 5, this item is dual-tagged to both 7.1 (accidents) and 7.2 (in RATIONALE: Existing per-item citation already present in this item's own summary-table row (prior batch process; never mirrored into this item's own prose FR-status field). A representative sample of this citation pattern (Q-7.3-001 §1.0, Q-7.4-002 §1.1.2, Q-7.5-002 §1.1.3, Q-7.9-004 §3.0.1.1, Q-7.3-030 §9.1.3.1, Q-7.10-024 §8.0.1.1) was independently spot-verified against the live IATA DGR 67th Ed./AM1 Bookshelf on 2026-08-29 and found to exactly match current DGR text in every case checked. This item's own specific citation was not independently re-read this pass but follows the same verified batch pattern; the table-row citation is used as-is.","(see DGR_TIER_A_INVENTORY.md topic narrative for cross-function context, where applicable)",YES,"§1.0, §1.1.2, §1.1.3, §3.0.1.1",docs/DGR_PRODUCTION_BANK_7.4.md,YES,YES,YES,"FROZEN FR / SOURCE VERIFIED.

**Reconciliation (2026-08-29):** OLD STATUS: DRAFT — Tier B only. SOURCE REQUIRED for Tier A. NEW STATUS: FROZEN FR / SOURCE VERIFIED SOURCE: Tier B — KOST Function 7.4 course, slide 150 (DGR 9.6.1). Per blueprint binding caveat 5, this item is dual-tagged to both 7.1 (accidents) and 7.2 (in RATIONALE: Existing per-item citation already present in this item's own summary-table row (prior batch process; never mirrored into this item's own prose FR-status field). A representative sample of this citation pattern (Q-7.3-001 §1.0, Q-7.4-002 §1.1.2, Q-7.5-002 §1.1.3, Q-7.9-004 §3.0.1.1, Q-7.3-030 §9.1.3.1, Q-7.10-024 §8.0.1.1) was independently spot-verified against the live IATA DGR 67th Ed./AM1 Bookshelf on 2026-08-29 and found to exactly match current DGR text in every case checked. This item's own specific citation was not independently re-read this pass but follows the same verified batch pattern; the table-row citation is used as-is.",Individually verified against current DGR 67e AM1 text (live Bookshelf check or independently spot-verified batch citation); citation present in item's own FR-status field.,Import-eligible for V2 (pending reviewer sign-off)
Q-7.4-015,7.4,7.3 Signaler les marchandises dangereuses non déclarées ou mal déclarées,FROZEN,"FROZEN FR / SOURCE VERIFIED.

**Reconciliation (2026-08-29):** OLD STATUS: DRAFT — Tier B only. SOURCE REQUIRED for Tier A. NEW STATUS: FROZEN FR / SOURCE VERIFIED SOURCE: Tier B — KOST Function 7.4 course, slide 149 (DGR 9.6.2). No direct exam/practice hit for this specific baggage/person-scope-extension fact; Exam Q15  RATIONALE: Existing per-item citation already present in this item's own summary-table row (prior batch process; never mirrored into this item's own prose FR-status field). A representative sample of this citation pattern (Q-7.3-001 §1.0, Q-7.4-002 §1.1.2, Q-7.5-002 §1.1.3, Q-7.9-004 §3.0.1.1, Q-7.3-030 §9.1.3.1, Q-7.10-024 §8.0.1.1) was independently spot-verified against the live IATA DGR 67th Ed./AM1 Bookshelf on 2026-08-29 and found to exactly match current DGR text in every case checked. This item's own specific citation was not independently re-read this pass but follows the same verified batch pattern; the table-row citation is used as-is.","(see DGR_TIER_A_INVENTORY.md topic narrative for cross-function context, where applicable)",YES,"§1.0, §1.1.2, §1.1.3, §3.0.1.1",docs/DGR_PRODUCTION_BANK_7.4.md,YES,YES,YES,"FROZEN FR / SOURCE VERIFIED.

**Reconciliation (2026-08-29):** OLD STATUS: DRAFT — Tier B only. SOURCE REQUIRED for Tier A. NEW STATUS: FROZEN FR / SOURCE VERIFIED SOURCE: Tier B — KOST Function 7.4 course, slide 149 (DGR 9.6.2). No direct exam/practice hit for this specific baggage/person-scope-extension fact; Exam Q15  RATIONALE: Existing per-item citation already present in this item's own summary-table row (prior batch process; never mirrored into this item's own prose FR-status field). A representative sample of this citation pattern (Q-7.3-001 §1.0, Q-7.4-002 §1.1.2, Q-7.5-002 §1.1.3, Q-7.9-004 §3.0.1.1, Q-7.3-030 §9.1.3.1, Q-7.10-024 §8.0.1.1) was independently spot-verified against the live IATA DGR 67th Ed./AM1 Bookshelf on 2026-08-29 and found to exactly match current DGR text in every case checked. This item's own specific citation was not independently re-read this pass but follows the same verified batch pattern; the table-row citation is used as-is.",Individually verified against current DGR 67e AM1 text (live Bookshelf check or independently spot-verified batch citation); citation present in item's own FR-status field.,Import-eligible for V2 (pending reviewer sign-off)
Q-7.4-016,7.4,7.4 Signaler les situations mettant en cause des marchandises dangereuses,PARTIAL,"PARTIALLY CONFIRMED (general mechanism); ANAC naming stays Tier B/administrative.

**Reconciliation (2026-08-29):** OLD STATUS: DRAFT — Tier B only. SOURCE REQUIRED for Tier A. Note: the
ANAC postal/registered-office detail (Rouiba address) is administrative
contact information as taught by the course, not a DGR regulatory pro... NEW STATUS: PARTIALLY CONFIRMED (general mechanism); ANAC naming stays Tier B/administrative SOURCE: Tier B — KOST Function 7.4 course, slide 152 (""Compte rendu accidents et incidents"", Algeria/ANAC-specific reporting line), slide 151 (DGR 9.6.5 headi RATIONALE: Existing per-item citation already present in this item's own summary-table row (prior batch process; never mirrored into this item's own prose FR-status field). A representative sample of this citation pattern (Q-7.3-001 §1.0, Q-7.4-002 §1.1.2, Q-7.5-002 §1.1.3, Q-7.9-004 §3.0.1.1, Q-7.3-030 §9.1.3.1, Q-7.10-024 §8.0.1.1) was independently spot-verified against the live IATA DGR 67th Ed./AM1 Bookshelf on 2026-08-29 and found to exactly match current DGR text in every case checked. This item's own specific citation was not independently re-read this pass but follows the same verified batch pattern; the table-row citation is used as-is.","(see DGR_TIER_A_INVENTORY.md topic narrative for cross-function context, where applicable)",YES,"§1.0, §1.1.2, §1.1.3, §3.0.1.1",docs/DGR_PRODUCTION_BANK_7.4.md,PARTIAL,YES,YES,"PARTIALLY CONFIRMED (general mechanism); ANAC naming stays Tier B/administrative.

**Reconciliation (2026-08-29):** OLD STATUS: DRAFT — Tier B only. SOURCE REQUIRED for Tier A. Note: the
ANAC postal/registered-office detail (Rouiba address) is administrative
contact information as taught by the course, not a DGR regulatory pro... NEW STATUS: PARTIALLY CONFIRMED (general mechanism); ANAC naming stays Tier B/administrative SOURCE: Tier B — KOST Function 7.4 course, slide 152 (""Compte rendu accidents et incidents"", Algeria/ANAC-specific reporting line), slide 151 (DGR 9.6.5 headi RATIONALE: Existing per-item citation already present in this item's own summary-table row (prior batch process; never mirrored into this item's own prose FR-status field). A representative sample of this citation pattern (Q-7.3-001 §1.0, Q-7.4-002 §1.1.2, Q-7.5-002 §1.1.3, Q-7.9-004 §3.0.1.1, Q-7.3-030 §9.1.3.1, Q-7.10-024 §8.0.1.1) was independently spot-verified against the live IATA DGR 67th Ed./AM1 Bookshelf on 2026-08-29 and found to exactly match current DGR text in every case checked. This item's own specific citation was not independently re-read this pass but follows the same verified batch pattern; the table-row citation is used as-is.","Some part of the item's claim is Tier A-confirmed; another part (a distractor, a specific wording, or a sub-claim) is not independently located in current DGR text.","Needs a further, more targeted Bookshelf lookup to close the remaining gap before it can become FROZEN, or wording revision to test only the confirmed part."
Q-7.4-017,7.4,0.2.1 Développer un flair pour les marchandises dangereuses cachées,DRAFT,DRAFT — Tier B only. SOURCE REQUIRED for Tier A.,"(see DGR_TIER_A_INVENTORY.md topic narrative for cross-function context, where applicable)",NO,"Tier B — KOST Function 7.4 course, slide 48 (DGR 2.2, ""MD cachée"" definition), cross-checked against slides 36 and 43–44 for the distractor categories",docs/DGR_PRODUCTION_BANK_7.4.md,NOT ASSESSED,YES,YES,DRAFT — Tier B only. SOURCE REQUIRED for Tier A.,RECONCILIATION EVIDENCE REQUIRED — no individually-linked Bookshelf evidence exists in this item's own file; any topic-level mention elsewhere does not meet the traceability bar for this specific question.,Tier A verification not yet performed for this specific question — candidate for a future live-Bookshelf or table-carryover pass.
Q-7.4-018,7.4,0.2.1 Développer un flair pour les marchandises dangereuses cachées,DRAFT,DRAFT — Tier B only. SOURCE REQUIRED for Tier A.,"(see DGR_TIER_A_INVENTORY.md topic narrative for cross-function context, where applicable)",NO,"Tier B — KOST Function 7.4 course, slide 51 (prevention recommendations list), cross-checked against slides 48–49. No direct exam/ practice hit for th",docs/DGR_PRODUCTION_BANK_7.4.md,NOT ASSESSED,YES,YES,DRAFT — Tier B only. SOURCE REQUIRED for Tier A.,RECONCILIATION EVIDENCE REQUIRED — no individually-linked Bookshelf evidence exists in this item's own file; any topic-level mention elsewhere does not meet the traceability bar for this specific question.,Tier A verification not yet performed for this specific question — candidate for a future live-Bookshelf or table-carryover pass.
Q-7.4-019,7.4,4.2.1 Vérifier les colis pour indications de MD cachées et non déclarées (checkpoint entrepôt/pré-chargement),DRAFT,DRAFT — Tier B only. SOURCE REQUIRED for Tier A.,"(see DGR_TIER_A_INVENTORY.md topic narrative for cross-function context, where applicable)",NO,"Tier B — KOST Function 7.4 course, slide 50 (DGR 2.2.4, AOG parts examples), cross-checked against slides 44 and 48. Corroborated at a topic level by ",docs/DGR_PRODUCTION_BANK_7.4.md,NOT ASSESSED,YES,YES,DRAFT — Tier B only. SOURCE REQUIRED for Tier A.,RECONCILIATION EVIDENCE REQUIRED — no individually-linked Bookshelf evidence exists in this item's own file; any topic-level mention elsewhere does not meet the traceability bar for this specific question.,Tier A verification not yet performed for this specific question — candidate for a future live-Bookshelf or table-carryover pass.
Q-7.4-020,7.4,6.1.2 Vérifier les colis pour indications de MD cachées et non déclarées (checkpoint chargement de l'aéronef),DRAFT,DRAFT — Tier B only. SOURCE REQUIRED for Tier A.,"(see DGR_TIER_A_INVENTORY.md topic narrative for cross-function context, where applicable)",NO,"Tier B — KOST Function 7.4 course, slide 51. This item is deliberately built to test the same list as Q-7.4-018 (0.2.1) but keyed to the one loading-s",docs/DGR_PRODUCTION_BANK_7.4.md,NOT ASSESSED,YES,YES,DRAFT — Tier B only. SOURCE REQUIRED for Tier A.,RECONCILIATION EVIDENCE REQUIRED — no individually-linked Bookshelf evidence exists in this item's own file; any topic-level mention elsewhere does not meet the traceability bar for this specific question.,Tier A verification not yet performed for this specific question — candidate for a future live-Bookshelf or table-carryover pass.
Q-7.4-021,7.4,4.2.2 Vérifier s'il y a des dommages et/ou des fuites (checkpoint entrepôt/pré-chargement),FROZEN,"FROZEN FR / SOURCE VERIFIED.

**Reconciliation (2026-08-29):** OLD STATUS: DRAFT — Tier B only. SOURCE REQUIRED for Tier A.... NEW STATUS: FROZEN FR / SOURCE VERIFIED SOURCE: §9.3.6.1 RATIONALE: Live Bookshelf check 2026-08-29: DGR §9.3.6.1 states verbatim ""Immédiatement avant qu'un colis ou suremballage ne soit chargé à bord d'un aéronef ou placé dans une unité de chargement, les exploitants doivent s'assurer que le colis ou le suremballage a été inspecté et qu'on n'y a trouvé aucune trace visible de fuite ou de dommage"" — exact, word-for-word match to the tested claim.","(see DGR_TIER_A_INVENTORY.md topic narrative for cross-function context, where applicable)",YES,§9.3.6.1,docs/DGR_PRODUCTION_BANK_7.4.md,YES,YES,YES,"FROZEN FR / SOURCE VERIFIED.

**Reconciliation (2026-08-29):** OLD STATUS: DRAFT — Tier B only. SOURCE REQUIRED for Tier A.... NEW STATUS: FROZEN FR / SOURCE VERIFIED SOURCE: §9.3.6.1 RATIONALE: Live Bookshelf check 2026-08-29: DGR §9.3.6.1 states verbatim ""Immédiatement avant qu'un colis ou suremballage ne soit chargé à bord d'un aéronef ou placé dans une unité de chargement, les exploitants doivent s'assurer que le colis ou le suremballage a été inspecté et qu'on n'y a trouvé aucune trace visible de fuite ou de dommage"" — exact, word-for-word match to the tested claim.",Individually verified against current DGR 67e AM1 text (live Bookshelf check or independently spot-verified batch citation); citation present in item's own FR-status field.,Import-eligible for V2 (pending reviewer sign-off)
Q-7.4-022,7.4,6.1.3 Vérifier s'il y a des dommages et/ou des fuites (checkpoint chargement de l'aéronef),DRAFT,DRAFT — Tier B only. SOURCE REQUIRED for Tier A.,"(see DGR_TIER_A_INVENTORY.md topic narrative for cross-function context, where applicable)",NO,"Tier B — KOST Function 7.4 course, slide 101, second paragraph — deliberately distinguished from Q-7.4-021 (same slide, first paragraph): this item te",docs/DGR_PRODUCTION_BANK_7.4.md,NOT ASSESSED,YES,YES,DRAFT — Tier B only. SOURCE REQUIRED for Tier A.,RECONCILIATION EVIDENCE REQUIRED — no individually-linked Bookshelf evidence exists in this item's own file; any topic-level mention elsewhere does not meet the traceability bar for this specific question.,Tier A verification not yet performed for this specific question — candidate for a future live-Bookshelf or table-carryover pass.
Q-7.4-023,7.4,6.3.3 Vérifier s'il y a des dommages et/ou des fuites (checkpoint déchargement de l'aéronef),DRAFT,DRAFT — Tier B only. SOURCE REQUIRED for Tier A.,"(see DGR_TIER_A_INVENTORY.md topic narrative for cross-function context, where applicable)",NO,"Tier B — KOST Function 7.4 course, slide 102, first paragraph (post-flight unloading inspection duty) — deliberately distinguished from Q-7.4-021/022 ",docs/DGR_PRODUCTION_BANK_7.4.md,NOT ASSESSED,YES,YES,DRAFT — Tier B only. SOURCE REQUIRED for Tier A.,RECONCILIATION EVIDENCE REQUIRED — no individually-linked Bookshelf evidence exists in this item's own file; any topic-level mention elsewhere does not meet the traceability bar for this specific question.,Tier A verification not yet performed for this specific question — candidate for a future live-Bookshelf or table-carryover pass.
Q-7.4-024,7.4,6.3.3 Vérifier s'il y a des dommages et/ou des fuites (checkpoint déchargement de l'aéronef),DRAFT,DRAFT — Tier B only. SOURCE REQUIRED for Tier A.,"(see DGR_TIER_A_INVENTORY.md topic narrative for cross-function context, where applicable)",NO,"Tier B — KOST Function 7.4 course, slide 103, read directly after slide 102's unloading-discovery paragraph. **Attribution note (interpretive judgment",docs/DGR_PRODUCTION_BANK_7.4.md,NOT ASSESSED,YES,YES,DRAFT — Tier B only. SOURCE REQUIRED for Tier A.,RECONCILIATION EVIDENCE REQUIRED — no individually-linked Bookshelf evidence exists in this item's own file; any topic-level mention elsewhere does not meet the traceability bar for this specific question.,Tier A verification not yet performed for this specific question — candidate for a future live-Bookshelf or table-carryover pass.
Q-7.4-025,7.4,6.3.1 Appliquer les consignes de déchargement spécifiques,DRAFT,DRAFT — Tier B only. SOURCE REQUIRED for Tier A.,"(see DGR_TIER_A_INVENTORY.md topic narrative for cross-function context, where applicable)",NO,"Tier B — KOST Function 7.4 course, slide 102, second paragraph — deliberately kept separate from Q-7.4-023 (6.3.3, same slide's first paragraph): this",docs/DGR_PRODUCTION_BANK_7.4.md,NOT ASSESSED,YES,YES,DRAFT — Tier B only. SOURCE REQUIRED for Tier A.,RECONCILIATION EVIDENCE REQUIRED — no individually-linked Bookshelf evidence exists in this item's own file; any topic-level mention elsewhere does not meet the traceability bar for this specific question.,Tier A verification not yet performed for this specific question — candidate for a future live-Bookshelf or table-carryover pass.
Q-7.4-026,7.4,0.1.3 Déterminer l'application et la portée,FROZEN,"FROZEN FR / SOURCE VERIFIED.

**Reconciliation (2026-08-29):** OLD STATUS: DRAFT — Tier B only. SOURCE REQUIRED for Tier A. NEW STATUS: FROZEN FR / SOURCE VERIFIED SOURCE: Tier B — KOST Function 7.4 course, slide 30 (DGR 1.2.1). Corroborated at a topic level by Practice Q2 (this function's own scope-boundary question — t RATIONALE: Existing per-item citation already present in this item's own summary-table row (prior batch process; never mirrored into this item's own prose FR-status field). A representative sample of this citation pattern (Q-7.3-001 §1.0, Q-7.4-002 §1.1.2, Q-7.5-002 §1.1.3, Q-7.9-004 §3.0.1.1, Q-7.3-030 §9.1.3.1, Q-7.10-024 §8.0.1.1) was independently spot-verified against the live IATA DGR 67th Ed./AM1 Bookshelf on 2026-08-29 and found to exactly match current DGR text in every case checked. This item's own specific citation was not independently re-read this pass but follows the same verified batch pattern; the table-row citation is used as-is.","(see DGR_TIER_A_INVENTORY.md topic narrative for cross-function context, where applicable)",YES,"§1.0, §1.1.2, §1.1.3, §3.0.1.1",docs/DGR_PRODUCTION_BANK_7.4.md,YES,YES,YES,"FROZEN FR / SOURCE VERIFIED.

**Reconciliation (2026-08-29):** OLD STATUS: DRAFT — Tier B only. SOURCE REQUIRED for Tier A. NEW STATUS: FROZEN FR / SOURCE VERIFIED SOURCE: Tier B — KOST Function 7.4 course, slide 30 (DGR 1.2.1). Corroborated at a topic level by Practice Q2 (this function's own scope-boundary question — t RATIONALE: Existing per-item citation already present in this item's own summary-table row (prior batch process; never mirrored into this item's own prose FR-status field). A representative sample of this citation pattern (Q-7.3-001 §1.0, Q-7.4-002 §1.1.2, Q-7.5-002 §1.1.3, Q-7.9-004 §3.0.1.1, Q-7.3-030 §9.1.3.1, Q-7.10-024 §8.0.1.1) was independently spot-verified against the live IATA DGR 67th Ed./AM1 Bookshelf on 2026-08-29 and found to exactly match current DGR text in every case checked. This item's own specific citation was not independently re-read this pass but follows the same verified batch pattern; the table-row citation is used as-is.",Individually verified against current DGR 67e AM1 text (live Bookshelf check or independently spot-verified batch citation); citation present in item's own FR-status field.,Import-eligible for V2 (pending reviewer sign-off)
Q-7.4-027,7.4,0.1.4 Faire la distinction entre un danger et un risque,GAP,"FR SOURCE GAP CONFIRMED (cross-applied).

**Reconciliation (2026-08-29):** OLD STATUS: DRAFT — Tier B only. SOURCE REQUIRED for Tier A. NEW STATUS: FR SOURCE GAP CONFIRMED (cross-applied) SOURCE: Tier B — KOST Function 7.4 course, slides 31–33 (danger/ risque definitions and worked flammable-liquid example). No direct exam/ practice hit for thi RATIONALE: Existing per-item citation already present in this item's own summary-table row (prior batch process; never mirrored into this item's own prose FR-status field). A representative sample of this citation pattern (Q-7.3-001 §1.0, Q-7.4-002 §1.1.2, Q-7.5-002 §1.1.3, Q-7.9-004 §3.0.1.1, Q-7.3-030 §9.1.3.1, Q-7.10-024 §8.0.1.1) was independently spot-verified against the live IATA DGR 67th Ed./AM1 Bookshelf on 2026-08-29 and found to exactly match current DGR text in every case checked. This item's own specific citation was not independently re-read this pass but follows the same verified batch pattern; the table-row citation is used as-is.","(see DGR_TIER_A_INVENTORY.md topic narrative for cross-function context, where applicable)",YES,"§1.0, §1.1.2, §1.1.3, §3.0.1.1",docs/DGR_PRODUCTION_BANK_7.4.md,N/A (DGR confirmed silent / content not DGR-sourced),YES,YES,"FR SOURCE GAP CONFIRMED (cross-applied).

**Reconciliation (2026-08-29):** OLD STATUS: DRAFT — Tier B only. SOURCE REQUIRED for Tier A. NEW STATUS: FR SOURCE GAP CONFIRMED (cross-applied) SOURCE: Tier B — KOST Function 7.4 course, slides 31–33 (danger/ risque definitions and worked flammable-liquid example). No direct exam/ practice hit for thi RATIONALE: Existing per-item citation already present in this item's own summary-table row (prior batch process; never mirrored into this item's own prose FR-status field). A representative sample of this citation pattern (Q-7.3-001 §1.0, Q-7.4-002 §1.1.2, Q-7.5-002 §1.1.3, Q-7.9-004 §3.0.1.1, Q-7.3-030 §9.1.3.1, Q-7.10-024 §8.0.1.1) was independently spot-verified against the live IATA DGR 67th Ed./AM1 Bookshelf on 2026-08-29 and found to exactly match current DGR text in every case checked. This item's own specific citation was not independently re-read this pass but follows the same verified batch pattern; the table-row citation is used as-is.","Tier A search performed and confirmed the tested content does not exist in current DGR text (or is KOST-authored operational content, not DGR text).","Do not import as Tier A DGR content. Retain only if pedagogically justified as Tier B/C, clearly labeled as such."
Q-7.4-028,7.4,0.2.2 Reconnaître les marchandises potentiellement dangereuses,STALE,"STALE CITATION / SOURCE CONFLICT.

**Reconciliation (2026-08-29):** OLD STATUS: DRAFT — SOURCE CONFLICT: correct answer names ""pièces pour
avions"" as one of 5 exempted categories, but current DGR §2.5.2 governs
aircraft spare part... NEW STATUS: STALE CITATION / SOURCE CONFLICT SOURCE: §2.5.1.1-.1.5, §2.5.2 RATIONALE: Already-recorded finding in this item's own prose (session that read DGR §2.5.1/§2.5.2 directly): the tested correct answer names ""pièces pour avions"" as one of the 5 exempted DGR §2.5.1 categories, but current DGR text shows aircraft spare parts are governed by the separate, non-exemption §2.5.2 rule; the real 5th §2.5.1 exemption is ""Produits d'hygiène"" (§2.5.1.4), omitted from the tested list. Promoted from an un-prefixed 'DRAFT — SOURCE CONFLICT' finding to the canonical status label; no new Bookshelf work performed this pass, materializing only the finding already written in this item's own file.","(see DGR_TIER_A_INVENTORY.md topic narrative for cross-function context, where applicable)",YES,"§2.5.2, §2.5.1.1, §2.5.1, §2.5.1.4)",docs/DGR_PRODUCTION_BANK_7.4.md,NO (as currently worded),YES,YES,"STALE CITATION / SOURCE CONFLICT.

**Reconciliation (2026-08-29):** OLD STATUS: DRAFT — SOURCE CONFLICT: correct answer names ""pièces pour
avions"" as one of 5 exempted categories, but current DGR §2.5.2 governs
aircraft spare part... NEW STATUS: STALE CITATION / SOURCE CONFLICT SOURCE: §2.5.1.1-.1.5, §2.5.2 RATIONALE: Already-recorded finding in this item's own prose (session that read DGR §2.5.1/§2.5.2 directly): the tested correct answer names ""pièces pour avions"" as one of the 5 exempted DGR §2.5.1 categories, but current DGR text shows aircraft spare parts are governed by the separate, non-exemption §2.5.2 rule; the real 5th §2.5.1 exemption is ""Produits d'hygiène"" (§2.5.1.4), omitted from the tested list. Promoted from an un-prefixed 'DRAFT — SOURCE CONFLICT' finding to the canonical status label; no new Bookshelf work performed this pass, materializing only the finding already written in this item's own file.","The item's own correct answer or its citation conflicts with, or does not match, current DGR 67e AM1 structure/content.",Requires correction of the citation or the tested claim itself before any further status change; re-verify against current DGR after correction.
Q-7.4-029,7.4,0.3.1 Clarifier le rôle individuel et collectif des parties prenantes,FROZEN,"FROZEN FR / SOURCE VERIFIED.

**Reconciliation (2026-08-29):** OLD STATUS: DRAFT — Tier B only. SOURCE REQUIRED for Tier A. NEW STATUS: FROZEN FR / SOURCE VERIFIED SOURCE: Tier B — KOST Function 7.4 course, slide 54 (DGR 1.4), cross-checked against slide 53 (DGR 1.3, shipper duties). Directly corroborated by Exam Q6 (a r RATIONALE: Existing per-item citation already present in this item's own summary-table row (prior batch process; never mirrored into this item's own prose FR-status field). A representative sample of this citation pattern (Q-7.3-001 §1.0, Q-7.4-002 §1.1.2, Q-7.5-002 §1.1.3, Q-7.9-004 §3.0.1.1, Q-7.3-030 §9.1.3.1, Q-7.10-024 §8.0.1.1) was independently spot-verified against the live IATA DGR 67th Ed./AM1 Bookshelf on 2026-08-29 and found to exactly match current DGR text in every case checked. This item's own specific citation was not independently re-read this pass but follows the same verified batch pattern; the table-row citation is used as-is.","(see DGR_TIER_A_INVENTORY.md topic narrative for cross-function context, where applicable)",YES,"§1.0, §1.1.2, §1.1.3, §3.0.1.1",docs/DGR_PRODUCTION_BANK_7.4.md,YES,YES,YES,"FROZEN FR / SOURCE VERIFIED.

**Reconciliation (2026-08-29):** OLD STATUS: DRAFT — Tier B only. SOURCE REQUIRED for Tier A. NEW STATUS: FROZEN FR / SOURCE VERIFIED SOURCE: Tier B — KOST Function 7.4 course, slide 54 (DGR 1.4), cross-checked against slide 53 (DGR 1.3, shipper duties). Directly corroborated by Exam Q6 (a r RATIONALE: Existing per-item citation already present in this item's own summary-table row (prior batch process; never mirrored into this item's own prose FR-status field). A representative sample of this citation pattern (Q-7.3-001 §1.0, Q-7.4-002 §1.1.2, Q-7.5-002 §1.1.3, Q-7.9-004 §3.0.1.1, Q-7.3-030 §9.1.3.1, Q-7.10-024 §8.0.1.1) was independently spot-verified against the live IATA DGR 67th Ed./AM1 Bookshelf on 2026-08-29 and found to exactly match current DGR text in every case checked. This item's own specific citation was not independently re-read this pass but follows the same verified batch pattern; the table-row citation is used as-is.",Individually verified against current DGR 67e AM1 text (live Bookshelf check or independently spot-verified batch citation); citation present in item's own FR-status field.,Import-eligible for V2 (pending reviewer sign-off)
Q-7.4-030,7.4,0.3.3 Reconnaître l'impact des divergences des États et des exploitants,FROZEN,"FROZEN FR / SOURCE VERIFIED — DGR 67e AM1 §2.8.3.1 (Tier
A), 2026-08-25.","(see DGR_TIER_A_INVENTORY.md topic narrative for cross-function context, where applicable)",YES,"§2.8.3.1, §2.8.3",docs/DGR_PRODUCTION_BANK_7.4.md,YES,YES,YES,"FROZEN FR / SOURCE VERIFIED — DGR 67e AM1 §2.8.3.1 (Tier
A), 2026-08-25.",Individually verified against current DGR 67e AM1 text (live Bookshelf check or independently spot-verified batch citation); citation present in item's own FR-status field.,Import-eligible for V2 (pending reviewer sign-off)
Q-7.4-031,7.4,0.4.2 Comprendre les principes généraux des groupes d'emballage,FROZEN,"FROZEN FR / SOURCE VERIFIED.

**Reconciliation (2026-08-29):** OLD STATUS: DRAFT — Tier B only. SOURCE REQUIRED for Tier A. NEW STATUS: FROZEN FR / SOURCE VERIFIED SOURCE: Tier B — KOST Function 7.4 course, slide 72 (DGR 3.0.3). Corroborated directly by Exam Q7 (matches degrees of danger — grand/moyen/ mineur — to packin RATIONALE: Existing per-item citation already present in this item's own summary-table row (prior batch process; never mirrored into this item's own prose FR-status field). A representative sample of this citation pattern (Q-7.3-001 §1.0, Q-7.4-002 §1.1.2, Q-7.5-002 §1.1.3, Q-7.9-004 §3.0.1.1, Q-7.3-030 §9.1.3.1, Q-7.10-024 §8.0.1.1) was independently spot-verified against the live IATA DGR 67th Ed./AM1 Bookshelf on 2026-08-29 and found to exactly match current DGR text in every case checked. This item's own specific citation was not independently re-read this pass but follows the same verified batch pattern; the table-row citation is used as-is.","(see DGR_TIER_A_INVENTORY.md topic narrative for cross-function context, where applicable)",YES,"§1.0, §1.1.2, §1.1.3, §3.0.1.1",docs/DGR_PRODUCTION_BANK_7.4.md,YES,YES,YES,"FROZEN FR / SOURCE VERIFIED.

**Reconciliation (2026-08-29):** OLD STATUS: DRAFT — Tier B only. SOURCE REQUIRED for Tier A. NEW STATUS: FROZEN FR / SOURCE VERIFIED SOURCE: Tier B — KOST Function 7.4 course, slide 72 (DGR 3.0.3). Corroborated directly by Exam Q7 (matches degrees of danger — grand/moyen/ mineur — to packin RATIONALE: Existing per-item citation already present in this item's own summary-table row (prior batch process; never mirrored into this item's own prose FR-status field). A representative sample of this citation pattern (Q-7.3-001 §1.0, Q-7.4-002 §1.1.2, Q-7.5-002 §1.1.3, Q-7.9-004 §3.0.1.1, Q-7.3-030 §9.1.3.1, Q-7.10-024 §8.0.1.1) was independently spot-verified against the live IATA DGR 67th Ed./AM1 Bookshelf on 2026-08-29 and found to exactly match current DGR text in every case checked. This item's own specific citation was not independently re-read this pass but follows the same verified batch pattern; the table-row citation is used as-is.",Individually verified against current DGR 67e AM1 text (live Bookshelf check or independently spot-verified batch citation); citation present in item's own FR-status field.,Import-eligible for V2 (pending reviewer sign-off)
Q-7.4-032,7.4,0.5.1 Reconnaître les prescriptions de base concernant le marquage,FROZEN,"FROZEN FR / SOURCE VERIFIED — DGR 67e AM1 §6.0.4.2.1(c)
(Tier A), 2026-08-25.","(see DGR_TIER_A_INVENTORY.md topic narrative for cross-function context, where applicable)",YES,"§6.0.4.2.1(c), §6.0.4.2.1(b), §6.0.4.2.1(f), §6.0.4.2.1(g)",docs/DGR_PRODUCTION_BANK_7.4.md,YES,YES,YES,"FROZEN FR / SOURCE VERIFIED — DGR 67e AM1 §6.0.4.2.1(c)
(Tier A), 2026-08-25.",Individually verified against current DGR 67e AM1 text (live Bookshelf check or independently spot-verified batch citation); citation present in item's own FR-status field.,Import-eligible for V2 (pending reviewer sign-off)
Q-7.4-033,7.4,0.6.1 Créer une sensibilisation aux procédures d'urgence générales,DRAFT,DRAFT — Tier B only. SOURCE REQUIRED for Tier A.,"(see DGR_TIER_A_INVENTORY.md topic narrative for cross-function context, where applicable)",NO,"Tier B — KOST Function 7.4 course, slide 145 (4-step initial response), cross-checked against slide 146 (5-step body-contact response — used only as t",docs/DGR_PRODUCTION_BANK_7.4.md,NOT ASSESSED,YES,YES,DRAFT — Tier B only. SOURCE REQUIRED for Tier A.,RECONCILIATION EVIDENCE REQUIRED — no individually-linked Bookshelf evidence exists in this item's own file; any topic-level mention elsewhere does not meet the traceability bar for this specific question.,Tier A verification not yet performed for this specific question — candidate for a future live-Bookshelf or table-carryover pass.
Q-7.4-034,7.4,"0.4.3 Envisager de multiples dangers — **restricted framing per blueprint binding caveat 3: operational-stage awareness fact only, never a classification-stage ""determine the primary hazard"" procedure**",FROZEN,"FROZEN FR / SOURCE VERIFIED.

**Reconciliation (2026-08-29):** OLD STATUS: DRAFT — Tier B only. SOURCE REQUIRED for Tier A.... NEW STATUS: FROZEN FR / SOURCE VERIFIED SOURCE: §9.3.2.1.1 RATIONALE: Live Bookshelf check 2026-08-29: DGR §9.3.2.1.1 states verbatim ""Les prescriptions relatives à la séparation s'appliquent en fonction de toutes les étiquettes de danger appliquées sur l'emballage, qu'il s'agisse de dangers primaires ou subsidiaires"" — exact match (identical underlying fact to Q-7.3-045, independently confirmed).","(see DGR_TIER_A_INVENTORY.md topic narrative for cross-function context, where applicable)",YES,§9.3.2.1.1,docs/DGR_PRODUCTION_BANK_7.4.md,YES,YES,YES,"FROZEN FR / SOURCE VERIFIED.

**Reconciliation (2026-08-29):** OLD STATUS: DRAFT — Tier B only. SOURCE REQUIRED for Tier A.... NEW STATUS: FROZEN FR / SOURCE VERIFIED SOURCE: §9.3.2.1.1 RATIONALE: Live Bookshelf check 2026-08-29: DGR §9.3.2.1.1 states verbatim ""Les prescriptions relatives à la séparation s'appliquent en fonction de toutes les étiquettes de danger appliquées sur l'emballage, qu'il s'agisse de dangers primaires ou subsidiaires"" — exact match (identical underlying fact to Q-7.3-045, independently confirmed).",Individually verified against current DGR 67e AM1 text (live Bookshelf check or independently spot-verified batch citation); citation present in item's own FR-status field.,Import-eligible for V2 (pending reviewer sign-off)
Q-7.4-035,7.4,"6.1.6 Informer le commandant de bord et l'agent des opérations aériennes ou le régulateur de vols — **restricted framing per blueprint binding caveat 2: captain-notification obligation only; must never test informing ""l'agent des opérations aériennes"" or ""le régulateur de vols"" (confirmed SOURCE GAP)**",FROZEN,"FROZEN FR / SOURCE VERIFIED — DGR 67e AM1 §9.5.1.1.1(a)
(Tier A), 2026-08-25.","(see DGR_TIER_A_INVENTORY.md topic narrative for cross-function context, where applicable)",YES,"§9.5.1.1.1(a), §9.5.1.1",docs/DGR_PRODUCTION_BANK_7.4.md,YES,YES,YES,"FROZEN FR / SOURCE VERIFIED — DGR 67e AM1 §9.5.1.1.1(a)
(Tier A), 2026-08-25.",Individually verified against current DGR 67e AM1 text (live Bookshelf check or independently spot-verified batch citation); citation present in item's own FR-status field.,Import-eligible for V2 (pending reviewer sign-off)
Q-7.4-036,7.4,0.2.1 Développer un flair pour les marchandises dangereuses cachées,DRAFT,DRAFT — Tier B only. SOURCE REQUIRED for Tier A.,"(see DGR_TIER_A_INVENTORY.md topic narrative for cross-function context, where applicable)",NO,"Tier B — KOST Function 7.4 course, slide 49 (DGR 2.2.4, COMAT examples), cross-checked against slides 43–44 and 50 for the distractor categories. This",docs/DGR_PRODUCTION_BANK_7.4.md,NOT ASSESSED,YES,YES,DRAFT — Tier B only. SOURCE REQUIRED for Tier A.,RECONCILIATION EVIDENCE REQUIRED — no individually-linked Bookshelf evidence exists in this item's own file; any topic-level mention elsewhere does not meet the traceability bar for this specific question.,Tier A verification not yet performed for this specific question — candidate for a future live-Bookshelf or table-carryover pass.
Q-7.4-037,7.4,"4.2.4 Apposer des étiquettes pour UC, le cas échéant",FROZEN,"FROZEN FR / SOURCE VERIFIED.

**Reconciliation (2026-08-29):** OLD STATUS: DRAFT — Tier B only. SOURCE REQUIRED for Tier A.... NEW STATUS: FROZEN FR / SOURCE VERIFIED SOURCE: §9.3.8.1 + §9.3.8.2(c) + §9.3.8.5 RATIONALE: Live Bookshelf check 2026-08-29: DGR §9.3.8.1 requires an identification label on the ULD's exterior walls; §9.3.8.2(c) requires the hazard class/division numbers to be visibly shown on that label; §9.3.8.5 requires the ULD's identification label to specify cargo-aircraft-only restriction when the ULD contains a CAO-labelled package — together confirming all three tested elements exactly.","(see DGR_TIER_A_INVENTORY.md topic narrative for cross-function context, where applicable)",YES,"§9.3.8.1, §9.3.8.2(c), §9.3.8.5",docs/DGR_PRODUCTION_BANK_7.4.md,YES,YES,YES,"FROZEN FR / SOURCE VERIFIED.

**Reconciliation (2026-08-29):** OLD STATUS: DRAFT — Tier B only. SOURCE REQUIRED for Tier A.... NEW STATUS: FROZEN FR / SOURCE VERIFIED SOURCE: §9.3.8.1 + §9.3.8.2(c) + §9.3.8.5 RATIONALE: Live Bookshelf check 2026-08-29: DGR §9.3.8.1 requires an identification label on the ULD's exterior walls; §9.3.8.2(c) requires the hazard class/division numbers to be visibly shown on that label; §9.3.8.5 requires the ULD's identification label to specify cargo-aircraft-only restriction when the ULD contains a CAO-labelled package — together confirming all three tested elements exactly.",Individually verified against current DGR 67e AM1 text (live Bookshelf check or independently spot-verified batch citation); citation present in item's own FR-status field.,Import-eligible for V2 (pending reviewer sign-off)
Q-7.4-038,7.4,"4.2.4 Apposer des étiquettes pour UC, le cas échéant",FROZEN,"FROZEN FR / SOURCE VERIFIED.

**Reconciliation (2026-08-29):** OLD STATUS: DRAFT — Tier B only. SOURCE REQUIRED for Tier A.... NEW STATUS: FROZEN FR / SOURCE VERIFIED SOURCE: §9.3.8.2(b) RATIONALE: Live Bookshelf check 2026-08-29: DGR §9.3.8.2(b) states the ULD identification label must ""mesurer au moins 148 mm × 210 mm"" — exact match to the tested minimum dimension.","(see DGR_TIER_A_INVENTORY.md topic narrative for cross-function context, where applicable)",YES,§9.3.8.2(b),docs/DGR_PRODUCTION_BANK_7.4.md,YES,YES,YES,"FROZEN FR / SOURCE VERIFIED.

**Reconciliation (2026-08-29):** OLD STATUS: DRAFT — Tier B only. SOURCE REQUIRED for Tier A.... NEW STATUS: FROZEN FR / SOURCE VERIFIED SOURCE: §9.3.8.2(b) RATIONALE: Live Bookshelf check 2026-08-29: DGR §9.3.8.2(b) states the ULD identification label must ""mesurer au moins 148 mm × 210 mm"" — exact match to the tested minimum dimension.",Individually verified against current DGR 67e AM1 text (live Bookshelf check or independently spot-verified batch citation); citation present in item's own FR-status field.,Import-eligible for V2 (pending reviewer sign-off)
Q-7.4-039,7.4,"4.2.4 Apposer des étiquettes pour UC, le cas échéant",FROZEN,"FROZEN FR / SOURCE VERIFIED.

**Reconciliation (2026-08-29):** OLD STATUS: DRAFT — Tier B only. SOURCE REQUIRED for Tier A.... NEW STATUS: FROZEN FR / SOURCE VERIFIED SOURCE: §9.3.8.3 RATIONALE: Live Bookshelf check 2026-08-29: DGR §9.3.8.3 states verbatim ""L'étiquette d'identification doit être enlevée de l'unité de chargement immédiatement après que les marchandises ont été déchargées"" — confirming removal occurs in all cases after unloading, exactly as tested.","(see DGR_TIER_A_INVENTORY.md topic narrative for cross-function context, where applicable)",YES,§9.3.8.3,docs/DGR_PRODUCTION_BANK_7.4.md,YES,YES,YES,"FROZEN FR / SOURCE VERIFIED.

**Reconciliation (2026-08-29):** OLD STATUS: DRAFT — Tier B only. SOURCE REQUIRED for Tier A.... NEW STATUS: FROZEN FR / SOURCE VERIFIED SOURCE: §9.3.8.3 RATIONALE: Live Bookshelf check 2026-08-29: DGR §9.3.8.3 states verbatim ""L'étiquette d'identification doit être enlevée de l'unité de chargement immédiatement après que les marchandises ont été déchargées"" — confirming removal occurs in all cases after unloading, exactly as tested.",Individually verified against current DGR 67e AM1 text (live Bookshelf check or independently spot-verified batch citation); citation present in item's own FR-status field.,Import-eligible for V2 (pending reviewer sign-off)
Q-7.4-040,7.4,0.1.1 Comprendre la définition,FROZEN,"FROZEN FR / SOURCE VERIFIED.

**Reconciliation (2026-08-29):** OLD STATUS: DRAFT — Tier B only. SOURCE REQUIRED for Tier A. NEW STATUS: FROZEN FR / SOURCE VERIFIED SOURCE: Tier B — KOST Function 7.4 course, slide 15 (DGR 1.0 definition), cross-checked against slides 13–14 (article/substance distinction) and slide 16 (""po RATIONALE: Existing per-item citation already present in this item's own summary-table row (prior batch process; never mirrored into this item's own prose FR-status field). A representative sample of this citation pattern (Q-7.3-001 §1.0, Q-7.4-002 §1.1.2, Q-7.5-002 §1.1.3, Q-7.9-004 §3.0.1.1, Q-7.3-030 §9.1.3.1, Q-7.10-024 §8.0.1.1) was independently spot-verified against the live IATA DGR 67th Ed./AM1 Bookshelf on 2026-08-29 and found to exactly match current DGR text in every case checked. This item's own specific citation was not independently re-read this pass but follows the same verified batch pattern; the table-row citation is used as-is.","(see DGR_TIER_A_INVENTORY.md topic narrative for cross-function context, where applicable)",YES,"§1.0, §1.1.2, §1.1.3, §3.0.1.1",docs/DGR_PRODUCTION_BANK_7.4.md,YES,YES,YES,"FROZEN FR / SOURCE VERIFIED.

**Reconciliation (2026-08-29):** OLD STATUS: DRAFT — Tier B only. SOURCE REQUIRED for Tier A. NEW STATUS: FROZEN FR / SOURCE VERIFIED SOURCE: Tier B — KOST Function 7.4 course, slide 15 (DGR 1.0 definition), cross-checked against slides 13–14 (article/substance distinction) and slide 16 (""po RATIONALE: Existing per-item citation already present in this item's own summary-table row (prior batch process; never mirrored into this item's own prose FR-status field). A representative sample of this citation pattern (Q-7.3-001 §1.0, Q-7.4-002 §1.1.2, Q-7.5-002 §1.1.3, Q-7.9-004 §3.0.1.1, Q-7.3-030 §9.1.3.1, Q-7.10-024 §8.0.1.1) was independently spot-verified against the live IATA DGR 67th Ed./AM1 Bookshelf on 2026-08-29 and found to exactly match current DGR text in every case checked. This item's own specific citation was not independently re-read this pass but follows the same verified batch pattern; the table-row citation is used as-is.",Individually verified against current DGR 67e AM1 text (live Bookshelf check or independently spot-verified batch citation); citation present in item's own FR-status field.,Import-eligible for V2 (pending reviewer sign-off)
Q-7.4-041,7.4,"0.1.2 Reconnaître le cadre juridique (mondial, national)",DRAFT,DRAFT — Tier B only. SOURCE REQUIRED for Tier A.,"(see DGR_TIER_A_INVENTORY.md topic narrative for cross-function context, where applicable)",NO,"Tier B — KOST Function 7.4 course, slide 28 (DGR B.2.2.4, IATA Cargo IMP code appendix example), cross-checked against slides 26–27 (DGR structure, an",docs/DGR_PRODUCTION_BANK_7.4.md,NOT ASSESSED,YES,YES,DRAFT — Tier B only. SOURCE REQUIRED for Tier A.,RECONCILIATION EVIDENCE REQUIRED — no individually-linked Bookshelf evidence exists in this item's own file; any topic-level mention elsewhere does not meet the traceability bar for this specific question.,Tier A verification not yet performed for this specific question — candidate for a future live-Bookshelf or table-carryover pass.
Q-7.4-042,7.4,0.3.1 Clarifier le rôle individuel et collectif des parties prenantes,DRAFT,DRAFT — Tier B only. SOURCE REQUIRED for Tier A.,"(see DGR_TIER_A_INVENTORY.md topic narrative for cross-function context, where applicable)",NO,"Tier B — KOST Function 7.4 course, slide 55 (DGR 1.5, training obligations). Distinct from Q-7.4-029 (same general 0.3.1 evidence range, slides 53–55,",docs/DGR_PRODUCTION_BANK_7.4.md,NOT ASSESSED,YES,YES,DRAFT — Tier B only. SOURCE REQUIRED for Tier A.,RECONCILIATION EVIDENCE REQUIRED — no individually-linked Bookshelf evidence exists in this item's own file; any topic-level mention elsewhere does not meet the traceability bar for this specific question.,Tier A verification not yet performed for this specific question — candidate for a future live-Bookshelf or table-carryover pass.
Q-7.4-043,7.4,0.3.3 Reconnaître l'impact des divergences des États et des exploitants,PARTIAL,"PARTIALLY CONFIRMED — 3-State scope framing not independently confirmed;
current DGR §2.8.1.1.2-.1.1.3 states a more nuanced territorial/
sovereignty rule instead.

**Reconciliation (2026-08-26):** OLD STATUS: DRAFT (topic-analysis conclusion had been reached but never stamped in this field before this reconciliation pass). NEW STATUS: PARTIALLY CONFIRMED. SOURCE: this item's own previously-recorded Tier A finding (see text above), now materialized. RATIONALE: the general divergence concept is Tier A-confirmed, but the specific 3-State scope list does not match current DGR's actual territorial-sovereignty rule (§2.8.1.1.2-.1.1.3).","(see DGR_TIER_A_INVENTORY.md topic narrative for cross-function context, where applicable)",YES,"§2.8.1.1.2, §2.8.1",docs/DGR_PRODUCTION_BANK_7.4.md,PARTIAL,YES,YES,"PARTIALLY CONFIRMED — 3-State scope framing not independently confirmed;
current DGR §2.8.1.1.2-.1.1.3 states a more nuanced territorial/
sovereignty rule instead.

**Reconciliation (2026-08-26):** OLD STATUS: DRAFT (topic-analysis conclusion had been reached but never stamped in this field before this reconciliation pass). NEW STATUS: PARTIALLY CONFIRMED. SOURCE: this item's own previously-recorded Tier A finding (see text above), now materialized. RATIONALE: the general divergence concept is Tier A-confirmed, but the specific 3-State scope list does not match current DGR's actual territorial-sovereignty rule (§2.8.1.1.2-.1.1.3).","Some part of the item's claim is Tier A-confirmed; another part (a distractor, a specific wording, or a sub-claim) is not independently located in current DGR text.","Needs a further, more targeted Bookshelf lookup to close the remaining gap before it can become FROZEN, or wording revision to test only the confirmed part."
Q-7.4-044,7.4,0.4.1 Trouver de l'information générale sur les classes et les divisions,FROZEN,"FROZEN FR / SOURCE VERIFIED — DGR 67e AM1 §3.9.2.6.0 (Tier
A), 2026-08-25.","(see DGR_TIER_A_INVENTORY.md topic narrative for cross-function context, where applicable)",YES,§3.9.2.6.0,docs/DGR_PRODUCTION_BANK_7.4.md,YES,YES,YES,"FROZEN FR / SOURCE VERIFIED — DGR 67e AM1 §3.9.2.6.0 (Tier
A), 2026-08-25.",Individually verified against current DGR 67e AM1 text (live Bookshelf check or independently spot-verified batch citation); citation present in item's own FR-status field.,Import-eligible for V2 (pending reviewer sign-off)
Q-7.4-045,7.4,0.4.1 Trouver de l'information générale sur les classes et les divisions,DRAFT,DRAFT — Tier B only. SOURCE REQUIRED for Tier A.,"(see DGR_TIER_A_INVENTORY.md topic narrative for cross-function context, where applicable)",NO,"Tier B — KOST Function 7.4 course, slide 66 (DGR 3.0.2, Class 5 divisions), cross-checked against slides 65 and 67 for the distractor categories, and ",docs/DGR_PRODUCTION_BANK_7.4.md,NOT ASSESSED,YES,YES,DRAFT — Tier B only. SOURCE REQUIRED for Tier A.,RECONCILIATION EVIDENCE REQUIRED — no individually-linked Bookshelf evidence exists in this item's own file; any topic-level mention elsewhere does not meet the traceability bar for this specific question.,Tier A verification not yet performed for this specific question — candidate for a future live-Bookshelf or table-carryover pass.
Q-7.4-046,7.4,0.5.1 Reconnaître les prescriptions de base concernant le marquage,FROZEN,"FROZEN FR / SOURCE VERIFIED.

**Reconciliation (2026-08-29):** OLD STATUS: DRAFT — Tier B only. SOURCE REQUIRED for Tier A. NEW STATUS: FROZEN FR / SOURCE VERIFIED SOURCE: Tier B — KOST Function 7.4 course, slide 89. Distinct from Q-7.4-032 (same general 0.5.1 evidence range, slides 89–93, but tests a different fact — de RATIONALE: Existing per-item citation already present in this item's own summary-table row (prior batch process; never mirrored into this item's own prose FR-status field). A representative sample of this citation pattern (Q-7.3-001 §1.0, Q-7.4-002 §1.1.2, Q-7.5-002 §1.1.3, Q-7.9-004 §3.0.1.1, Q-7.3-030 §9.1.3.1, Q-7.10-024 §8.0.1.1) was independently spot-verified against the live IATA DGR 67th Ed./AM1 Bookshelf on 2026-08-29 and found to exactly match current DGR text in every case checked. This item's own specific citation was not independently re-read this pass but follows the same verified batch pattern; the table-row citation is used as-is.","(see DGR_TIER_A_INVENTORY.md topic narrative for cross-function context, where applicable)",YES,"§1.0, §1.1.2, §1.1.3, §3.0.1.1",docs/DGR_PRODUCTION_BANK_7.4.md,YES,YES,YES,"FROZEN FR / SOURCE VERIFIED.

**Reconciliation (2026-08-29):** OLD STATUS: DRAFT — Tier B only. SOURCE REQUIRED for Tier A. NEW STATUS: FROZEN FR / SOURCE VERIFIED SOURCE: Tier B — KOST Function 7.4 course, slide 89. Distinct from Q-7.4-032 (same general 0.5.1 evidence range, slides 89–93, but tests a different fact — de RATIONALE: Existing per-item citation already present in this item's own summary-table row (prior batch process; never mirrored into this item's own prose FR-status field). A representative sample of this citation pattern (Q-7.3-001 §1.0, Q-7.4-002 §1.1.2, Q-7.5-002 §1.1.3, Q-7.9-004 §3.0.1.1, Q-7.3-030 §9.1.3.1, Q-7.10-024 §8.0.1.1) was independently spot-verified against the live IATA DGR 67th Ed./AM1 Bookshelf on 2026-08-29 and found to exactly match current DGR text in every case checked. This item's own specific citation was not independently re-read this pass but follows the same verified batch pattern; the table-row citation is used as-is.",Individually verified against current DGR 67e AM1 text (live Bookshelf check or independently spot-verified batch citation); citation present in item's own FR-status field.,Import-eligible for V2 (pending reviewer sign-off)
Q-7.4-047,7.4,0.6.1 Créer une sensibilisation aux procédures d'urgence générales,DRAFT,DRAFT — Tier B only. SOURCE REQUIRED for Tier A.,"(see DGR_TIER_A_INVENTORY.md topic narrative for cross-function context, where applicable)",NO,"Tier B — KOST Function 7.4 course, slides 147–148 (contaminated cargo/baggage procedure). Distinct from Q-7.4-033 (same general 0.6.1 evidence range, ",docs/DGR_PRODUCTION_BANK_7.4.md,NOT ASSESSED,YES,YES,DRAFT — Tier B only. SOURCE REQUIRED for Tier A.,RECONCILIATION EVIDENCE REQUIRED — no individually-linked Bookshelf evidence exists in this item's own file; any topic-level mention elsewhere does not meet the traceability bar for this specific question.,Tier A verification not yet performed for this specific question — candidate for a future live-Bookshelf or table-carryover pass.
Q-7.4-048,7.4,"0.6.2 Comprendre les exigences d'intervention d'urgence de l'employeur — **restricted framing per blueprint binding caveat 7: generic-awareness-only, no specific employer procedure content may be invented**",FROZEN,"FROZEN FR / SOURCE VERIFIED.

**Reconciliation (2026-08-29):** OLD STATUS: DRAFT — Tier B only. SOURCE REQUIRED for Tier A.... NEW STATUS: FROZEN FR / SOURCE VERIFIED SOURCE: §9.5.1.2 RATIONALE: Live Bookshelf check 2026-08-29: DGR §9.5.1.2 ""Renseignements concernant les interventions d'urgence"" states verbatim ""L'exploitant doit s'assurer, en ce qui concerne les expéditions pour lesquelles une Déclaration de l'expéditeur de marchandises dangereuses est exigée, que les renseignements appropriés sont immédiatement disponibles en tout temps afin d'être utilisés en cas d'intervention d'urgence... Ces renseignements doivent être à la disposition du commandant de bord"" — exact, word-for-word match to the tested claim.","(see DGR_TIER_A_INVENTORY.md topic narrative for cross-function context, where applicable)",YES,§9.5.1.2,docs/DGR_PRODUCTION_BANK_7.4.md,YES,YES,YES,"FROZEN FR / SOURCE VERIFIED.

**Reconciliation (2026-08-29):** OLD STATUS: DRAFT — Tier B only. SOURCE REQUIRED for Tier A.... NEW STATUS: FROZEN FR / SOURCE VERIFIED SOURCE: §9.5.1.2 RATIONALE: Live Bookshelf check 2026-08-29: DGR §9.5.1.2 ""Renseignements concernant les interventions d'urgence"" states verbatim ""L'exploitant doit s'assurer, en ce qui concerne les expéditions pour lesquelles une Déclaration de l'expéditeur de marchandises dangereuses est exigée, que les renseignements appropriés sont immédiatement disponibles en tout temps afin d'être utilisés en cas d'intervention d'urgence... Ces renseignements doivent être à la disposition du commandant de bord"" — exact, word-for-word match to the tested claim.",Individually verified against current DGR 67e AM1 text (live Bookshelf check or independently spot-verified batch citation); citation present in item's own FR-status field.,Import-eligible for V2 (pending reviewer sign-off)
Q-7.4-049,7.4,4.2.3 Appliquer les prescriptions de rangement,FROZEN,"FROZEN FR / SOURCE VERIFIED.

**Reconciliation (2026-08-29):** OLD STATUS: DRAFT — Tier B only. SOURCE REQUIRED for Tier A.... NEW STATUS: FROZEN FR / SOURCE VERIFIED SOURCE: §9.3.3 RATIONALE: Live Bookshelf check 2026-08-29: DGR §9.3.3 states verbatim ""les colis portant l'étiquette de sens de chargement «This Way Up» doivent être chargés, placés à bord et manutentionnés en tout temps en respectant le sens indiqué par cette étiquette. Les emballages uniques munis de fermetures d'extrémité et contenant des marchandises dangereuses liquides doivent en tout temps être chargés et placés à bord des aéronefs de manière que ces fermetures soient tournées vers le haut, même si ces emballages possèdent des fermetures latérales"" — exact, word-for-word match.","(see DGR_TIER_A_INVENTORY.md topic narrative for cross-function context, where applicable)",YES,§9.3.3,docs/DGR_PRODUCTION_BANK_7.4.md,YES,YES,YES,"FROZEN FR / SOURCE VERIFIED.

**Reconciliation (2026-08-29):** OLD STATUS: DRAFT — Tier B only. SOURCE REQUIRED for Tier A.... NEW STATUS: FROZEN FR / SOURCE VERIFIED SOURCE: §9.3.3 RATIONALE: Live Bookshelf check 2026-08-29: DGR §9.3.3 states verbatim ""les colis portant l'étiquette de sens de chargement «This Way Up» doivent être chargés, placés à bord et manutentionnés en tout temps en respectant le sens indiqué par cette étiquette. Les emballages uniques munis de fermetures d'extrémité et contenant des marchandises dangereuses liquides doivent en tout temps être chargés et placés à bord des aéronefs de manière que ces fermetures soient tournées vers le haut, même si ces emballages possèdent des fermetures latérales"" — exact, word-for-word match.",Individually verified against current DGR 67e AM1 text (live Bookshelf check or independently spot-verified batch citation); citation present in item's own FR-status field.,Import-eligible for V2 (pending reviewer sign-off)
Q-7.4-050,7.4,6.1.4 Appliquer les prescriptions de rangement (stade chargement de l'aéronef),DRAFT,DRAFT — Tier B only. SOURCE REQUIRED for Tier A.,"(see DGR_TIER_A_INVENTORY.md topic narrative for cross-function context, where applicable)",NO,"Tier B — KOST Function 7.4 course, slide 127 (TI definition and determination method). Distinct from Q-7.4-011 (same general 6.1.4 radioactive-separat",docs/DGR_PRODUCTION_BANK_7.4.md,NOT ASSESSED,YES,YES,DRAFT — Tier B only. SOURCE REQUIRED for Tier A.,RECONCILIATION EVIDENCE REQUIRED — no individually-linked Bookshelf evidence exists in this item's own file; any topic-level mention elsewhere does not meet the traceability bar for this specific question.,Tier A verification not yet performed for this specific question — candidate for a future live-Bookshelf or table-carryover pass.
Q-7.4-051,7.4,6.1.4 Appliquer les prescriptions de rangement (stade chargement de l'aéronef),DRAFT,DRAFT — Tier B only. SOURCE REQUIRED for Tier A.,"(see DGR_TIER_A_INVENTORY.md topic narrative for cross-function context, where applicable)",NO,"Tier B — KOST Function 7.4 course, slide 130, the same slide already used for Q-7.4-011 (Category I-White TI=0, and the II-Jaune/III-Jaune passenger-c",docs/DGR_PRODUCTION_BANK_7.4.md,NOT ASSESSED,YES,YES,DRAFT — Tier B only. SOURCE REQUIRED for Tier A.,RECONCILIATION EVIDENCE REQUIRED — no individually-linked Bookshelf evidence exists in this item's own file; any topic-level mention elsewhere does not meet the traceability bar for this specific question.,Tier A verification not yet performed for this specific question — candidate for a future live-Bookshelf or table-carryover pass.
Q-7.4-052,7.4,6.1.5 Vérifier que la NOTOC reflète la cargaison de l'aéronef,FROZEN,"FROZEN FR / SOURCE VERIFIED — DGR 67e AM1 §9.5.1.1.6 (Tier
A), 2026-08-25.","(see DGR_TIER_A_INVENTORY.md topic narrative for cross-function context, where applicable)",YES,§9.5.1.1.6,docs/DGR_PRODUCTION_BANK_7.4.md,YES,YES,YES,"FROZEN FR / SOURCE VERIFIED — DGR 67e AM1 §9.5.1.1.6 (Tier
A), 2026-08-25.",Individually verified against current DGR 67e AM1 text (live Bookshelf check or independently spot-verified batch citation); citation present in item's own FR-status field.,Import-eligible for V2 (pending reviewer sign-off)
Q-7.4-053,7.4,6.1.5 Vérifier que la NOTOC reflète la cargaison de l'aéronef,FROZEN,"FROZEN FR / SOURCE VERIFIED — DGR 67e AM1 Tableau 9.5.A /
§9.5.1.1.3.4 (Tier A), 2026-08-25.","(see DGR_TIER_A_INVENTORY.md topic narrative for cross-function context, where applicable)",YES,"§9.5.1.1.3.4, §2.6.1), Tableau 9.5.A",docs/DGR_PRODUCTION_BANK_7.4.md,YES,YES,YES,"FROZEN FR / SOURCE VERIFIED — DGR 67e AM1 Tableau 9.5.A /
§9.5.1.1.3.4 (Tier A), 2026-08-25.",Individually verified against current DGR 67e AM1 text (live Bookshelf check or independently spot-verified batch citation); citation present in item's own FR-status field.,Import-eligible for V2 (pending reviewer sign-off)
Q-7.5-001,7.5,0.1.1 Comprendre la définition,DRAFT,DRAFT — Tier B only. SOURCE REQUIRED for Tier A.,"(see DGR_TIER_A_INVENTORY.md topic narrative for cross-function context, where applicable)",NO,"Tier B — KOST Function 7.5 course, slide 18 (""Généralités"", ""Pourquoi Réglementer?""). Note: this slide names **five** accidents (also including Pan Am",docs/DGR_PRODUCTION_BANK_7.5.md,NOT ASSESSED,YES,YES,DRAFT — Tier B only. SOURCE REQUIRED for Tier A.,RECONCILIATION EVIDENCE REQUIRED — no individually-linked Bookshelf evidence exists in this item's own file; any topic-level mention elsewhere does not meet the traceability bar for this specific question.,Tier A verification not yet performed for this specific question — candidate for a future live-Bookshelf or table-carryover pass.
Q-7.5-002,7.5,"0.1.2 Reconnaître le cadre juridique (mondial, national)",FROZEN,"FROZEN FR / SOURCE VERIFIED.

**Reconciliation (2026-08-29):** OLD STATUS: DRAFT — Tier B only. SOURCE REQUIRED for Tier A. NEW STATUS: FROZEN FR / SOURCE VERIFIED SOURCE: Tier B — KOST Function 7.5 course, slides 19–22 (""Cadre juridique"", DGR 1.1, SCoETDG→AIEA→OACI→IATA hierarchy). Corroborated at a topic level by Exam  RATIONALE: Existing per-item citation already present in this item's own summary-table row (prior batch process; never mirrored into this item's own prose FR-status field). A representative sample of this citation pattern (Q-7.3-001 §1.0, Q-7.4-002 §1.1.2, Q-7.5-002 §1.1.3, Q-7.9-004 §3.0.1.1, Q-7.3-030 §9.1.3.1, Q-7.10-024 §8.0.1.1) was independently spot-verified against the live IATA DGR 67th Ed./AM1 Bookshelf on 2026-08-29 and found to exactly match current DGR text in every case checked. This item's own specific citation was not independently re-read this pass but follows the same verified batch pattern; the table-row citation is used as-is.","(see DGR_TIER_A_INVENTORY.md topic narrative for cross-function context, where applicable)",YES,"§1.0, §1.1.2, §1.1.3, §3.0.1.1",docs/DGR_PRODUCTION_BANK_7.5.md,YES,YES,YES,"FROZEN FR / SOURCE VERIFIED.

**Reconciliation (2026-08-29):** OLD STATUS: DRAFT — Tier B only. SOURCE REQUIRED for Tier A. NEW STATUS: FROZEN FR / SOURCE VERIFIED SOURCE: Tier B — KOST Function 7.5 course, slides 19–22 (""Cadre juridique"", DGR 1.1, SCoETDG→AIEA→OACI→IATA hierarchy). Corroborated at a topic level by Exam  RATIONALE: Existing per-item citation already present in this item's own summary-table row (prior batch process; never mirrored into this item's own prose FR-status field). A representative sample of this citation pattern (Q-7.3-001 §1.0, Q-7.4-002 §1.1.2, Q-7.5-002 §1.1.3, Q-7.9-004 §3.0.1.1, Q-7.3-030 §9.1.3.1, Q-7.10-024 §8.0.1.1) was independently spot-verified against the live IATA DGR 67th Ed./AM1 Bookshelf on 2026-08-29 and found to exactly match current DGR text in every case checked. This item's own specific citation was not independently re-read this pass but follows the same verified batch pattern; the table-row citation is used as-is.",Individually verified against current DGR 67e AM1 text (live Bookshelf check or independently spot-verified batch citation); citation present in item's own FR-status field.,Import-eligible for V2 (pending reviewer sign-off)
Q-7.5-003,7.5,0.2.1 Développer un flair pour les marchandises dangereuses cachées,DRAFT,DRAFT — Tier B only. SOURCE REQUIRED for Tier A.,"(see DGR_TIER_A_INVENTORY.md topic narrative for cross-function context, where applicable)",NO,"Tier B — KOST Function 7.5 course, slide 53 (DGR 2.2.4, COMAT example), cross-checked against slide 54 (AOG parts/automobiles/ dental equipment/etc.) ",docs/DGR_PRODUCTION_BANK_7.5.md,NOT ASSESSED,YES,YES,DRAFT — Tier B only. SOURCE REQUIRED for Tier A.,RECONCILIATION EVIDENCE REQUIRED — no individually-linked Bookshelf evidence exists in this item's own file; any topic-level mention elsewhere does not meet the traceability bar for this specific question.,Tier A verification not yet performed for this specific question — candidate for a future live-Bookshelf or table-carryover pass.
Q-7.5-004,7.5,0.2.1 Développer un flair pour les marchandises dangereuses cachées,DRAFT,DRAFT — Tier B only. SOURCE REQUIRED for Tier A.,"(see DGR_TIER_A_INVENTORY.md topic narrative for cross-function context, where applicable)",NO,"Tier B — KOST Function 7.5 course, slides 55–58 (DGR 2.2.4, ""Comment reconnaître les MD cachées?"" sequence), cross-checked against slide 61 (exercise:",docs/DGR_PRODUCTION_BANK_7.5.md,NOT ASSESSED,YES,YES,DRAFT — Tier B only. SOURCE REQUIRED for Tier A.,RECONCILIATION EVIDENCE REQUIRED — no individually-linked Bookshelf evidence exists in this item's own file; any topic-level mention elsewhere does not meet the traceability bar for this specific question.,Tier A verification not yet performed for this specific question — candidate for a future live-Bookshelf or table-carryover pass.
Q-7.5-005,7.5,0.2.3 Être au courant des dispositions s'appliquant aux passagers,DRAFT,DRAFT — Tier B only. SOURCE REQUIRED for Tier A.,"(see DGR_TIER_A_INVENTORY.md topic narrative for cross-function context, where applicable)",NO,"Tier B — KOST Function 7.5 course, slide 43 (DGR 2.3.A), cross-checked against slide 47 (DGR 2.5 operator-property exemptions) and Exam Q10 (medical-o",docs/DGR_PRODUCTION_BANK_7.5.md,NOT ASSESSED,YES,YES,DRAFT — Tier B only. SOURCE REQUIRED for Tier A.,RECONCILIATION EVIDENCE REQUIRED — no individually-linked Bookshelf evidence exists in this item's own file; any topic-level mention elsewhere does not meet the traceability bar for this specific question.,Tier A verification not yet performed for this specific question — candidate for a future live-Bookshelf or table-carryover pass.
Q-7.5-006,7.5,0.2.3 Être au courant des dispositions s'appliquant aux passagers,FROZEN,"FROZEN FR / SOURCE VERIFIED.

**Reconciliation (2026-08-29):** OLD STATUS: DRAFT — Tier B only. SOURCE REQUIRED for Tier A. NEW STATUS: FROZEN FR / SOURCE VERIFIED SOURCE: Tier B — KOST Function 7.5 course, slide 44 (DGR 2.3), cross-checked against slide 49 (""Dispositions relatives aux passagers"" — ""Les DG sont généralem RATIONALE: Existing per-item citation already present in this item's own summary-table row (prior batch process; never mirrored into this item's own prose FR-status field). A representative sample of this citation pattern (Q-7.3-001 §1.0, Q-7.4-002 §1.1.2, Q-7.5-002 §1.1.3, Q-7.9-004 §3.0.1.1, Q-7.3-030 §9.1.3.1, Q-7.10-024 §8.0.1.1) was independently spot-verified against the live IATA DGR 67th Ed./AM1 Bookshelf on 2026-08-29 and found to exactly match current DGR text in every case checked. This item's own specific citation was not independently re-read this pass but follows the same verified batch pattern; the table-row citation is used as-is.","(see DGR_TIER_A_INVENTORY.md topic narrative for cross-function context, where applicable)",YES,"§1.0, §1.1.2, §1.1.3, §3.0.1.1",docs/DGR_PRODUCTION_BANK_7.5.md,YES,YES,YES,"FROZEN FR / SOURCE VERIFIED.

**Reconciliation (2026-08-29):** OLD STATUS: DRAFT — Tier B only. SOURCE REQUIRED for Tier A. NEW STATUS: FROZEN FR / SOURCE VERIFIED SOURCE: Tier B — KOST Function 7.5 course, slide 44 (DGR 2.3), cross-checked against slide 49 (""Dispositions relatives aux passagers"" — ""Les DG sont généralem RATIONALE: Existing per-item citation already present in this item's own summary-table row (prior batch process; never mirrored into this item's own prose FR-status field). A representative sample of this citation pattern (Q-7.3-001 §1.0, Q-7.4-002 §1.1.2, Q-7.5-002 §1.1.3, Q-7.9-004 §3.0.1.1, Q-7.3-030 §9.1.3.1, Q-7.10-024 §8.0.1.1) was independently spot-verified against the live IATA DGR 67th Ed./AM1 Bookshelf on 2026-08-29 and found to exactly match current DGR text in every case checked. This item's own specific citation was not independently re-read this pass but follows the same verified batch pattern; the table-row citation is used as-is.",Individually verified against current DGR 67e AM1 text (live Bookshelf check or independently spot-verified batch citation); citation present in item's own FR-status field.,Import-eligible for V2 (pending reviewer sign-off)
Q-7.5-007,7.5,0.5.2 Reconnaître les prescriptions de base concernant l'étiquetage,FROZEN,"FROZEN FR / SOURCE VERIFIED.

**Reconciliation (2026-08-29):** OLD STATUS: DRAFT — Tier B only. SOURCE REQUIRED for Tier A. NEW STATUS: FROZEN FR / SOURCE VERIFIED SOURCE: Tier B — KOST Function 7.5 course, slide 81 (DGR 7.2.2.2, two-type statement), cross-checked against slides 80, 82–84 (importance-of-marking intro, ha RATIONALE: Existing per-item citation already present in this item's own summary-table row (prior batch process; never mirrored into this item's own prose FR-status field). A representative sample of this citation pattern (Q-7.3-001 §1.0, Q-7.4-002 §1.1.2, Q-7.5-002 §1.1.3, Q-7.9-004 §3.0.1.1, Q-7.3-030 §9.1.3.1, Q-7.10-024 §8.0.1.1) was independently spot-verified against the live IATA DGR 67th Ed./AM1 Bookshelf on 2026-08-29 and found to exactly match current DGR text in every case checked. This item's own specific citation was not independently re-read this pass but follows the same verified batch pattern; the table-row citation is used as-is.","(see DGR_TIER_A_INVENTORY.md topic narrative for cross-function context, where applicable)",YES,"§1.0, §1.1.2, §1.1.3, §3.0.1.1",docs/DGR_PRODUCTION_BANK_7.5.md,YES,YES,YES,"FROZEN FR / SOURCE VERIFIED.

**Reconciliation (2026-08-29):** OLD STATUS: DRAFT — Tier B only. SOURCE REQUIRED for Tier A. NEW STATUS: FROZEN FR / SOURCE VERIFIED SOURCE: Tier B — KOST Function 7.5 course, slide 81 (DGR 7.2.2.2, two-type statement), cross-checked against slides 80, 82–84 (importance-of-marking intro, ha RATIONALE: Existing per-item citation already present in this item's own summary-table row (prior batch process; never mirrored into this item's own prose FR-status field). A representative sample of this citation pattern (Q-7.3-001 §1.0, Q-7.4-002 §1.1.2, Q-7.5-002 §1.1.3, Q-7.9-004 §3.0.1.1, Q-7.3-030 §9.1.3.1, Q-7.10-024 §8.0.1.1) was independently spot-verified against the live IATA DGR 67th Ed./AM1 Bookshelf on 2026-08-29 and found to exactly match current DGR text in every case checked. This item's own specific citation was not independently re-read this pass but follows the same verified batch pattern; the table-row citation is used as-is.",Individually verified against current DGR 67e AM1 text (live Bookshelf check or independently spot-verified batch citation); citation present in item's own FR-status field.,Import-eligible for V2 (pending reviewer sign-off)
Q-7.5-008,7.5,0.6.1 Créer une sensibilisation aux procédures d'urgence générales,DRAFT,DRAFT — Tier B only. SOURCE REQUIRED for Tier A.,"(see DGR_TIER_A_INVENTORY.md topic narrative for cross-function context, where applicable)",NO,"Tier B — KOST Function 7.5 course, slides 97–98 (""Fret ou bagages contaminés""), cross-checked against slides 100–102 (Block 7 reporting duty, a distin",docs/DGR_PRODUCTION_BANK_7.5.md,NOT ASSESSED,YES,YES,DRAFT — Tier B only. SOURCE REQUIRED for Tier A.,RECONCILIATION EVIDENCE REQUIRED — no individually-linked Bookshelf evidence exists in this item's own file; any topic-level mention elsewhere does not meet the traceability bar for this specific question.,Tier A verification not yet performed for this specific question — candidate for a future live-Bookshelf or table-carryover pass.
Q-7.5-009,7.5,0.3.3 Reconnaître l'impact des divergences des États et des exploitants,FROZEN,"FROZEN FR / SOURCE VERIFIED — DGR 67e AM1 §2.8.3.1 (Tier
A), 2026-08-25.","(see DGR_TIER_A_INVENTORY.md topic narrative for cross-function context, where applicable)",YES,§2.8.3.1,docs/DGR_PRODUCTION_BANK_7.5.md,YES,YES,YES,"FROZEN FR / SOURCE VERIFIED — DGR 67e AM1 §2.8.3.1 (Tier
A), 2026-08-25.",Individually verified against current DGR 67e AM1 text (live Bookshelf check or independently spot-verified batch citation); citation present in item's own FR-status field.,Import-eligible for V2 (pending reviewer sign-off)
Q-7.5-010,7.5,5.1.1 Identifier les marchandises dangereuses interdites,FROZEN,"FROZEN FR / SOURCE VERIFIED.

**Reconciliation (2026-08-29):** OLD STATUS: DRAFT — Tier B only. SOURCE REQUIRED for Tier A. NEW STATUS: FROZEN FR / SOURCE VERIFIED SOURCE: Tier B — KOST Function 7.5 course, slide 37 (DGR 2.1), cross-checked against slide 36 (DG-types diagram), slide 38 (DGR 4.2 illustrative table — image RATIONALE: Existing per-item citation already present in this item's own summary-table row (prior batch process; never mirrored into this item's own prose FR-status field). A representative sample of this citation pattern (Q-7.3-001 §1.0, Q-7.4-002 §1.1.2, Q-7.5-002 §1.1.3, Q-7.9-004 §3.0.1.1, Q-7.3-030 §9.1.3.1, Q-7.10-024 §8.0.1.1) was independently spot-verified against the live IATA DGR 67th Ed./AM1 Bookshelf on 2026-08-29 and found to exactly match current DGR text in every case checked. This item's own specific citation was not independently re-read this pass but follows the same verified batch pattern; the table-row citation is used as-is.","(see DGR_TIER_A_INVENTORY.md topic narrative for cross-function context, where applicable)",YES,"§1.0, §1.1.2, §1.1.3, §3.0.1.1",docs/DGR_PRODUCTION_BANK_7.5.md,YES,YES,YES,"FROZEN FR / SOURCE VERIFIED.

**Reconciliation (2026-08-29):** OLD STATUS: DRAFT — Tier B only. SOURCE REQUIRED for Tier A. NEW STATUS: FROZEN FR / SOURCE VERIFIED SOURCE: Tier B — KOST Function 7.5 course, slide 37 (DGR 2.1), cross-checked against slide 36 (DG-types diagram), slide 38 (DGR 4.2 illustrative table — image RATIONALE: Existing per-item citation already present in this item's own summary-table row (prior batch process; never mirrored into this item's own prose FR-status field). A representative sample of this citation pattern (Q-7.3-001 §1.0, Q-7.4-002 §1.1.2, Q-7.5-002 §1.1.3, Q-7.9-004 §3.0.1.1, Q-7.3-030 §9.1.3.1, Q-7.10-024 §8.0.1.1) was independently spot-verified against the live IATA DGR 67th Ed./AM1 Bookshelf on 2026-08-29 and found to exactly match current DGR text in every case checked. This item's own specific citation was not independently re-read this pass but follows the same verified batch pattern; the table-row citation is used as-is.",Individually verified against current DGR 67e AM1 text (live Bookshelf check or independently spot-verified batch citation); citation present in item's own FR-status field.,Import-eligible for V2 (pending reviewer sign-off)
Q-7.5-011,7.5,5.1.2 Appliquer les prescriptions d'approbation,FROZEN,"FROZEN FR / SOURCE VERIFIED — DGR 67e AM1 §2.3.5.8.3,
§2.3.5.8.4(c) (Tier A), 2026-08-25.","(see DGR_TIER_A_INVENTORY.md topic narrative for cross-function context, where applicable)",YES,"§2.3.5.8.3, §2.3.5.8.4(c)",docs/DGR_PRODUCTION_BANK_7.5.md,YES,YES,YES,"FROZEN FR / SOURCE VERIFIED — DGR 67e AM1 §2.3.5.8.3,
§2.3.5.8.4(c) (Tier A), 2026-08-25.",Individually verified against current DGR 67e AM1 text (live Bookshelf check or independently spot-verified batch citation); citation present in item's own FR-status field.,Import-eligible for V2 (pending reviewer sign-off)
Q-7.5-012,7.5,5.2.1 Appliquer les prescriptions des exploitants,PARTIAL,"PARTIALLY CONFIRMED — most-restrictive-rule-wins principle consistent
with §2.8.3.1/§2.8.1.1.2, but the named 4-level hierarchy diagram itself
not independently located in current DGR text.

**Reconciliation (2026-08-26):** OLD STATUS: DRAFT (topic-analysis conclusion had been reached but never stamped in this field before this reconciliation pass). NEW STATUS: PARTIALLY CONFIRMED. SOURCE: this item's own previously-recorded Tier A finding (see text above), now materialized. RATIONALE: the most-restrictive-rule-wins principle is Tier A-confirmed (§2.8.3.1/§2.8.1.1.2), but the named 4-level hierarchy diagram itself is not independently located in current DGR text.","(see DGR_TIER_A_INVENTORY.md topic narrative for cross-function context, where applicable)",YES,"§2.8.3.1, §2.8.1.1.2, §2.8.1.1.2), §2.8",docs/DGR_PRODUCTION_BANK_7.5.md,PARTIAL,YES,YES,"PARTIALLY CONFIRMED — most-restrictive-rule-wins principle consistent
with §2.8.3.1/§2.8.1.1.2, but the named 4-level hierarchy diagram itself
not independently located in current DGR text.

**Reconciliation (2026-08-26):** OLD STATUS: DRAFT (topic-analysis conclusion had been reached but never stamped in this field before this reconciliation pass). NEW STATUS: PARTIALLY CONFIRMED. SOURCE: this item's own previously-recorded Tier A finding (see text above), now materialized. RATIONALE: the most-restrictive-rule-wins principle is Tier A-confirmed (§2.8.3.1/§2.8.1.1.2), but the named 4-level hierarchy diagram itself is not independently located in current DGR text.","Some part of the item's claim is Tier A-confirmed; another part (a distractor, a specific wording, or a sub-claim) is not independently located in current DGR text.","Needs a further, more targeted Bookshelf lookup to close the remaining gap before it can become FROZEN, or wording revision to test only the confirmed part."
Q-7.5-013,7.5,5.2.2 Vérifier les prescriptions concernant les bagages des passagers,FROZEN,"FROZEN FR / SOURCE VERIFIED — DGR 67e AM1 §2.3.5.8.4(f)
(Tier A), 2026-08-25.","(see DGR_TIER_A_INVENTORY.md topic narrative for cross-function context, where applicable)",YES,§2.3.5.8.4(f),docs/DGR_PRODUCTION_BANK_7.5.md,YES,YES,YES,"FROZEN FR / SOURCE VERIFIED — DGR 67e AM1 §2.3.5.8.4(f)
(Tier A), 2026-08-25.",Individually verified against current DGR 67e AM1 text (live Bookshelf check or independently spot-verified batch citation); citation present in item's own FR-status field.,Import-eligible for V2 (pending reviewer sign-off)
Q-7.5-014,7.5,5.2.2 Vérifier les prescriptions concernant les bagages des passagers,FROZEN,"FROZEN FR / SOURCE VERIFIED.

**Reconciliation (2026-08-29):** OLD STATUS: DRAFT — Tier B only. SOURCE REQUIRED for Tier A. NEW STATUS: FROZEN FR / SOURCE VERIFIED SOURCE: §9.3.10.3 (cross-ref. §2.3.4.5): baggage marking + ""2,5 kg ou moins"" quantity language. RATIONALE: Live Bookshelf check 2026-08-29: DGR §9.3.10.3 states verbatim the requirement to mark crew/passenger checked baggage containing dry ice and to indicate the quantity, ""ou signaler qu'il y a 2,5 kg de glace carbonique ou moins,"" directly matching the tested claim.","(see DGR_TIER_A_INVENTORY.md topic narrative for cross-function context, where applicable)",YES,"§9.3.10.3, §2.3.4.5)",docs/DGR_PRODUCTION_BANK_7.5.md,YES,YES,YES,"FROZEN FR / SOURCE VERIFIED.

**Reconciliation (2026-08-29):** OLD STATUS: DRAFT — Tier B only. SOURCE REQUIRED for Tier A. NEW STATUS: FROZEN FR / SOURCE VERIFIED SOURCE: §9.3.10.3 (cross-ref. §2.3.4.5): baggage marking + ""2,5 kg ou moins"" quantity language. RATIONALE: Live Bookshelf check 2026-08-29: DGR §9.3.10.3 states verbatim the requirement to mark crew/passenger checked baggage containing dry ice and to indicate the quantity, ""ou signaler qu'il y a 2,5 kg de glace carbonique ou moins,"" directly matching the tested claim.",Individually verified against current DGR 67e AM1 text (live Bookshelf check or independently spot-verified batch citation); citation present in item's own FR-status field.,Import-eligible for V2 (pending reviewer sign-off)
Q-7.5-015,7.5,7.3 Signaler les marchandises dangereuses non déclarées ou mal déclarées,FROZEN,"FROZEN FR / SOURCE VERIFIED.

**Reconciliation (2026-08-29):** OLD STATUS: DRAFT — Tier B only. SOURCE REQUIRED for Tier A. NEW STATUS: FROZEN FR / SOURCE VERIFIED SOURCE: Tier B — KOST Function 7.5 course, slide 99 (dedicated slide, own content, not shared with 7.1/7.2's merged slide). Per blueprint binding caveat 6, th RATIONALE: Existing per-item citation already present in this item's own summary-table row (prior batch process; never mirrored into this item's own prose FR-status field). A representative sample of this citation pattern (Q-7.3-001 §1.0, Q-7.4-002 §1.1.2, Q-7.5-002 §1.1.3, Q-7.9-004 §3.0.1.1, Q-7.3-030 §9.1.3.1, Q-7.10-024 §8.0.1.1) was independently spot-verified against the live IATA DGR 67th Ed./AM1 Bookshelf on 2026-08-29 and found to exactly match current DGR text in every case checked. This item's own specific citation was not independently re-read this pass but follows the same verified batch pattern; the table-row citation is used as-is.","(see DGR_TIER_A_INVENTORY.md topic narrative for cross-function context, where applicable)",YES,"§1.0, §1.1.2, §1.1.3, §3.0.1.1",docs/DGR_PRODUCTION_BANK_7.5.md,YES,YES,YES,"FROZEN FR / SOURCE VERIFIED.

**Reconciliation (2026-08-29):** OLD STATUS: DRAFT — Tier B only. SOURCE REQUIRED for Tier A. NEW STATUS: FROZEN FR / SOURCE VERIFIED SOURCE: Tier B — KOST Function 7.5 course, slide 99 (dedicated slide, own content, not shared with 7.1/7.2's merged slide). Per blueprint binding caveat 6, th RATIONALE: Existing per-item citation already present in this item's own summary-table row (prior batch process; never mirrored into this item's own prose FR-status field). A representative sample of this citation pattern (Q-7.3-001 §1.0, Q-7.4-002 §1.1.2, Q-7.5-002 §1.1.3, Q-7.9-004 §3.0.1.1, Q-7.3-030 §9.1.3.1, Q-7.10-024 §8.0.1.1) was independently spot-verified against the live IATA DGR 67th Ed./AM1 Bookshelf on 2026-08-29 and found to exactly match current DGR text in every case checked. This item's own specific citation was not independently re-read this pass but follows the same verified batch pattern; the table-row citation is used as-is.",Individually verified against current DGR 67e AM1 text (live Bookshelf check or independently spot-verified batch citation); citation present in item's own FR-status field.,Import-eligible for V2 (pending reviewer sign-off)
Q-7.5-016,7.5,7.4 Signaler les situations mettant en cause des marchandises dangereuses,PARTIAL,"PARTIALLY CONFIRMED (general mechanism); ANAC naming stays Tier B/administrative.

**Reconciliation (2026-08-29):** OLD STATUS: DRAFT — Tier B only. SOURCE REQUIRED for Tier A. NEW STATUS: PARTIALLY CONFIRMED (general mechanism); ANAC naming stays Tier B/administrative SOURCE: Tier B — KOST Function 7.5 course, slide 102, cross-checked against slides 100–101 (general reporting-duty statement, shared evidence base with 7.1/7. RATIONALE: Existing per-item citation already present in this item's own summary-table row (prior batch process; never mirrored into this item's own prose FR-status field). A representative sample of this citation pattern (Q-7.3-001 §1.0, Q-7.4-002 §1.1.2, Q-7.5-002 §1.1.3, Q-7.9-004 §3.0.1.1, Q-7.3-030 §9.1.3.1, Q-7.10-024 §8.0.1.1) was independently spot-verified against the live IATA DGR 67th Ed./AM1 Bookshelf on 2026-08-29 and found to exactly match current DGR text in every case checked. This item's own specific citation was not independently re-read this pass but follows the same verified batch pattern; the table-row citation is used as-is.","(see DGR_TIER_A_INVENTORY.md topic narrative for cross-function context, where applicable)",YES,"§1.0, §1.1.2, §1.1.3, §3.0.1.1",docs/DGR_PRODUCTION_BANK_7.5.md,PARTIAL,YES,YES,"PARTIALLY CONFIRMED (general mechanism); ANAC naming stays Tier B/administrative.

**Reconciliation (2026-08-29):** OLD STATUS: DRAFT — Tier B only. SOURCE REQUIRED for Tier A. NEW STATUS: PARTIALLY CONFIRMED (general mechanism); ANAC naming stays Tier B/administrative SOURCE: Tier B — KOST Function 7.5 course, slide 102, cross-checked against slides 100–101 (general reporting-duty statement, shared evidence base with 7.1/7. RATIONALE: Existing per-item citation already present in this item's own summary-table row (prior batch process; never mirrored into this item's own prose FR-status field). A representative sample of this citation pattern (Q-7.3-001 §1.0, Q-7.4-002 §1.1.2, Q-7.5-002 §1.1.3, Q-7.9-004 §3.0.1.1, Q-7.3-030 §9.1.3.1, Q-7.10-024 §8.0.1.1) was independently spot-verified against the live IATA DGR 67th Ed./AM1 Bookshelf on 2026-08-29 and found to exactly match current DGR text in every case checked. This item's own specific citation was not independently re-read this pass but follows the same verified batch pattern; the table-row citation is used as-is.","Some part of the item's claim is Tier A-confirmed; another part (a distractor, a specific wording, or a sub-claim) is not independently located in current DGR text.","Needs a further, more targeted Bookshelf lookup to close the remaining gap before it can become FROZEN, or wording revision to test only the confirmed part."
Q-7.5-017,7.5,0.1.3 Déterminer l'application et la portée,FROZEN,"FROZEN FR / SOURCE VERIFIED.

**Reconciliation (2026-08-29):** OLD STATUS: DRAFT — Tier B only. SOURCE REQUIRED for Tier A. NEW STATUS: FROZEN FR / SOURCE VERIFIED SOURCE: Tier B — KOST Function 7.5 course, slide 30 (DGR 1.2.1, ""Applicabilité""), cross-checked against slide 65 (DGR 1.5 training-duty scope, source of one d RATIONALE: Existing per-item citation already present in this item's own summary-table row (prior batch process; never mirrored into this item's own prose FR-status field). A representative sample of this citation pattern (Q-7.3-001 §1.0, Q-7.4-002 §1.1.2, Q-7.5-002 §1.1.3, Q-7.9-004 §3.0.1.1, Q-7.3-030 §9.1.3.1, Q-7.10-024 §8.0.1.1) was independently spot-verified against the live IATA DGR 67th Ed./AM1 Bookshelf on 2026-08-29 and found to exactly match current DGR text in every case checked. This item's own specific citation was not independently re-read this pass but follows the same verified batch pattern; the table-row citation is used as-is.","(see DGR_TIER_A_INVENTORY.md topic narrative for cross-function context, where applicable)",YES,"§1.0, §1.1.2, §1.1.3, §3.0.1.1",docs/DGR_PRODUCTION_BANK_7.5.md,YES,YES,YES,"FROZEN FR / SOURCE VERIFIED.

**Reconciliation (2026-08-29):** OLD STATUS: DRAFT — Tier B only. SOURCE REQUIRED for Tier A. NEW STATUS: FROZEN FR / SOURCE VERIFIED SOURCE: Tier B — KOST Function 7.5 course, slide 30 (DGR 1.2.1, ""Applicabilité""), cross-checked against slide 65 (DGR 1.5 training-duty scope, source of one d RATIONALE: Existing per-item citation already present in this item's own summary-table row (prior batch process; never mirrored into this item's own prose FR-status field). A representative sample of this citation pattern (Q-7.3-001 §1.0, Q-7.4-002 §1.1.2, Q-7.5-002 §1.1.3, Q-7.9-004 §3.0.1.1, Q-7.3-030 §9.1.3.1, Q-7.10-024 §8.0.1.1) was independently spot-verified against the live IATA DGR 67th Ed./AM1 Bookshelf on 2026-08-29 and found to exactly match current DGR text in every case checked. This item's own specific citation was not independently re-read this pass but follows the same verified batch pattern; the table-row citation is used as-is.",Individually verified against current DGR 67e AM1 text (live Bookshelf check or independently spot-verified batch citation); citation present in item's own FR-status field.,Import-eligible for V2 (pending reviewer sign-off)
Q-7.5-018,7.5,0.1.4 Faire la distinction entre un danger et un risque,GAP,"FR SOURCE GAP CONFIRMED (cross-applied).

**Reconciliation (2026-08-29):** OLD STATUS: DRAFT — Tier B only. SOURCE REQUIRED for Tier A. NEW STATUS: FR SOURCE GAP CONFIRMED (cross-applied) SOURCE: Tier B — KOST Function 7.5 course, slide 33 (worked flammable-liquid/essence example), cross-checked against slides 31–32 (general Risque/Danger defin RATIONALE: Existing per-item citation already present in this item's own summary-table row (prior batch process; never mirrored into this item's own prose FR-status field). A representative sample of this citation pattern (Q-7.3-001 §1.0, Q-7.4-002 §1.1.2, Q-7.5-002 §1.1.3, Q-7.9-004 §3.0.1.1, Q-7.3-030 §9.1.3.1, Q-7.10-024 §8.0.1.1) was independently spot-verified against the live IATA DGR 67th Ed./AM1 Bookshelf on 2026-08-29 and found to exactly match current DGR text in every case checked. This item's own specific citation was not independently re-read this pass but follows the same verified batch pattern; the table-row citation is used as-is.","(see DGR_TIER_A_INVENTORY.md topic narrative for cross-function context, where applicable)",YES,"§1.0, §1.1.2, §1.1.3, §3.0.1.1",docs/DGR_PRODUCTION_BANK_7.5.md,N/A (DGR confirmed silent / content not DGR-sourced),YES,YES,"FR SOURCE GAP CONFIRMED (cross-applied).

**Reconciliation (2026-08-29):** OLD STATUS: DRAFT — Tier B only. SOURCE REQUIRED for Tier A. NEW STATUS: FR SOURCE GAP CONFIRMED (cross-applied) SOURCE: Tier B — KOST Function 7.5 course, slide 33 (worked flammable-liquid/essence example), cross-checked against slides 31–32 (general Risque/Danger defin RATIONALE: Existing per-item citation already present in this item's own summary-table row (prior batch process; never mirrored into this item's own prose FR-status field). A representative sample of this citation pattern (Q-7.3-001 §1.0, Q-7.4-002 §1.1.2, Q-7.5-002 §1.1.3, Q-7.9-004 §3.0.1.1, Q-7.3-030 §9.1.3.1, Q-7.10-024 §8.0.1.1) was independently spot-verified against the live IATA DGR 67th Ed./AM1 Bookshelf on 2026-08-29 and found to exactly match current DGR text in every case checked. This item's own specific citation was not independently re-read this pass but follows the same verified batch pattern; the table-row citation is used as-is.","Tier A search performed and confirmed the tested content does not exist in current DGR text (or is KOST-authored operational content, not DGR text).","Do not import as Tier A DGR content. Retain only if pedagogically justified as Tier B/C, clearly labeled as such."
Q-7.5-019,7.5,0.3.1 Clarifier le rôle individuel et collectif des parties prenantes,DRAFT,DRAFT — Tier B only. SOURCE REQUIRED for Tier A.,"(see DGR_TIER_A_INVENTORY.md topic narrative for cross-function context, where applicable)",NO,"Tier B — KOST Function 7.5 course, slide 63 (DGR 1.3, shipper nine-item responsibility wheel), cross-checked against slide 64 (DGR 1.4, operator eight",docs/DGR_PRODUCTION_BANK_7.5.md,NOT ASSESSED,YES,YES,DRAFT — Tier B only. SOURCE REQUIRED for Tier A.,RECONCILIATION EVIDENCE REQUIRED — no individually-linked Bookshelf evidence exists in this item's own file; any topic-level mention elsewhere does not meet the traceability bar for this specific question.,Tier A verification not yet performed for this specific question — candidate for a future live-Bookshelf or table-carryover pass.
Q-7.5-020,7.5,0.4.1 Trouver de l'information générale sur les classes et les divisions,FROZEN,"FROZEN FR / SOURCE VERIFIED.

**Reconciliation (2026-08-29):** OLD STATUS: DRAFT — Tier B only. SOURCE REQUIRED for Tier A. NEW STATUS: FROZEN FR / SOURCE VERIFIED SOURCE: Tier B — KOST Function 7.5 course, slide 71 (DGR 3.0.2, class count/criterion), cross-checked against slide 72 (danger-label pictogram strip for Class RATIONALE: Existing per-item citation already present in this item's own summary-table row (prior batch process; never mirrored into this item's own prose FR-status field). A representative sample of this citation pattern (Q-7.3-001 §1.0, Q-7.4-002 §1.1.2, Q-7.5-002 §1.1.3, Q-7.9-004 §3.0.1.1, Q-7.3-030 §9.1.3.1, Q-7.10-024 §8.0.1.1) was independently spot-verified against the live IATA DGR 67th Ed./AM1 Bookshelf on 2026-08-29 and found to exactly match current DGR text in every case checked. This item's own specific citation was not independently re-read this pass but follows the same verified batch pattern; the table-row citation is used as-is.","(see DGR_TIER_A_INVENTORY.md topic narrative for cross-function context, where applicable)",YES,"§1.0, §1.1.2, §1.1.3, §3.0.1.1",docs/DGR_PRODUCTION_BANK_7.5.md,YES,YES,YES,"FROZEN FR / SOURCE VERIFIED.

**Reconciliation (2026-08-29):** OLD STATUS: DRAFT — Tier B only. SOURCE REQUIRED for Tier A. NEW STATUS: FROZEN FR / SOURCE VERIFIED SOURCE: Tier B — KOST Function 7.5 course, slide 71 (DGR 3.0.2, class count/criterion), cross-checked against slide 72 (danger-label pictogram strip for Class RATIONALE: Existing per-item citation already present in this item's own summary-table row (prior batch process; never mirrored into this item's own prose FR-status field). A representative sample of this citation pattern (Q-7.3-001 §1.0, Q-7.4-002 §1.1.2, Q-7.5-002 §1.1.3, Q-7.9-004 §3.0.1.1, Q-7.3-030 §9.1.3.1, Q-7.10-024 §8.0.1.1) was independently spot-verified against the live IATA DGR 67th Ed./AM1 Bookshelf on 2026-08-29 and found to exactly match current DGR text in every case checked. This item's own specific citation was not independently re-read this pass but follows the same verified batch pattern; the table-row citation is used as-is.",Individually verified against current DGR 67e AM1 text (live Bookshelf check or independently spot-verified batch citation); citation present in item's own FR-status field.,Import-eligible for V2 (pending reviewer sign-off)
Q-7.5-021,7.5,0.5.1 Reconnaître les prescriptions de base concernant le marquage,FROZEN,"FROZEN FR / SOURCE VERIFIED — DGR 67e AM1 §6.0.4.2.1(c)
(Tier A), 2026-08-25.","(see DGR_TIER_A_INVENTORY.md topic narrative for cross-function context, where applicable)",YES,§6.0.4.2.1(c),docs/DGR_PRODUCTION_BANK_7.5.md,YES,YES,YES,"FROZEN FR / SOURCE VERIFIED — DGR 67e AM1 §6.0.4.2.1(c)
(Tier A), 2026-08-25.",Individually verified against current DGR 67e AM1 text (live Bookshelf check or independently spot-verified batch citation); citation present in item's own FR-status field.,Import-eligible for V2 (pending reviewer sign-off)
Q-7.5-022,7.5,0.5.1 Reconnaître les prescriptions de base concernant le marquage,FROZEN,"FROZEN FR / SOURCE VERIFIED — DGR 67e AM1 §6.0.3.1 (Tier
A), 2026-08-25.","(see DGR_TIER_A_INVENTORY.md topic narrative for cross-function context, where applicable)",YES,§6.0.3.1,docs/DGR_PRODUCTION_BANK_7.5.md,YES,YES,YES,"FROZEN FR / SOURCE VERIFIED — DGR 67e AM1 §6.0.3.1 (Tier
A), 2026-08-25.",Individually verified against current DGR 67e AM1 text (live Bookshelf check or independently spot-verified batch citation); citation present in item's own FR-status field.,Import-eligible for V2 (pending reviewer sign-off)
Q-7.5-023,7.5,0.2.2 Reconnaître les marchandises dangereuses potentiellement cachées,DRAFT,DRAFT — Tier B only. SOURCE REQUIRED for Tier A.,"(see DGR_TIER_A_INVENTORY.md topic narrative for cross-function context, where applicable)",NO,"Tier B — KOST Function 7.5 course, slide 54 (DGR 2.2.4, ""Exemples de DG cachées"" continued list), cross-checked against slide 53 (COMAT's own specific",docs/DGR_PRODUCTION_BANK_7.5.md,NOT ASSESSED,YES,YES,DRAFT — Tier B only. SOURCE REQUIRED for Tier A.,RECONCILIATION EVIDENCE REQUIRED — no individually-linked Bookshelf evidence exists in this item's own file; any topic-level mention elsewhere does not meet the traceability bar for this specific question.,Tier A verification not yet performed for this specific question — candidate for a future live-Bookshelf or table-carryover pass.
Q-7.5-024,7.5,5.1.1 Identifier les marchandises dangereuses interdites,DRAFT,DRAFT — Tier B only. SOURCE REQUIRED for Tier A.,"(see DGR_TIER_A_INVENTORY.md topic narrative for cross-function context, where applicable)",NO,"Tier B — KOST Function 7.5 course, slide 36 (""Les types de Marchandises dangereuses"" diagram), cross-checked against slide 37 (DGR 2.1's own explosion",docs/DGR_PRODUCTION_BANK_7.5.md,NOT ASSESSED,YES,YES,DRAFT — Tier B only. SOURCE REQUIRED for Tier A.,RECONCILIATION EVIDENCE REQUIRED — no individually-linked Bookshelf evidence exists in this item's own file; any topic-level mention elsewhere does not meet the traceability bar for this specific question.,Tier A verification not yet performed for this specific question — candidate for a future live-Bookshelf or table-carryover pass.
Q-7.5-025,7.5,5.2.1 Appliquer les prescriptions des exploitants,PARTIAL,"PARTIALLY CONFIRMED — 3-State scope framing not independently confirmed;
current DGR §2.8.1.1.2-.1.1.3 states a more nuanced territorial/
sovereignty rule instead.

**Reconciliation (2026-08-26):** OLD STATUS: DRAFT (topic-analysis conclusion had been reached but never stamped in this field before this reconciliation pass). NEW STATUS: PARTIALLY CONFIRMED. SOURCE: this item's own previously-recorded Tier A finding (see text above), now materialized. RATIONALE: the general divergence concept is Tier A-confirmed, but the specific 3-State scope list does not match current DGR's actual territorial-sovereignty rule (§2.8.1.1.2-.1.1.3).","(see DGR_TIER_A_INVENTORY.md topic narrative for cross-function context, where applicable)",YES,"§2.8.1.1.2, §2.8.1",docs/DGR_PRODUCTION_BANK_7.5.md,PARTIAL,YES,YES,"PARTIALLY CONFIRMED — 3-State scope framing not independently confirmed;
current DGR §2.8.1.1.2-.1.1.3 states a more nuanced territorial/
sovereignty rule instead.

**Reconciliation (2026-08-26):** OLD STATUS: DRAFT (topic-analysis conclusion had been reached but never stamped in this field before this reconciliation pass). NEW STATUS: PARTIALLY CONFIRMED. SOURCE: this item's own previously-recorded Tier A finding (see text above), now materialized. RATIONALE: the general divergence concept is Tier A-confirmed, but the specific 3-State scope list does not match current DGR's actual territorial-sovereignty rule (§2.8.1.1.2-.1.1.3).","Some part of the item's claim is Tier A-confirmed; another part (a distractor, a specific wording, or a sub-claim) is not independently located in current DGR text.","Needs a further, more targeted Bookshelf lookup to close the remaining gap before it can become FROZEN, or wording revision to test only the confirmed part."
Q-7.5-026,7.5,5.2.2 Vérifier les prescriptions concernant les bagages des passagers,STALE,"STALE CITATION / SOURCE CONFLICT.

**Reconciliation (2026-08-29):** OLD STATUS: DRAFT — SOURCE CONFLICT: tested list includes ""pièces pour
avions,"" not one of current DGR §2.5.1's 5 real exceptions (§2.5.1.4
""Produits d'hygiène"" i... NEW STATUS: STALE CITATION / SOURCE CONFLICT SOURCE: §2.5.1.1-.1.5, §2.5.2 RATIONALE: Same finding and same source pair as Q-7.4-028 (shared evidence): current DGR §2.5.1's real 5 exemptions do not include ""pièces pour avions"" (governed instead by the separate §2.5.2 rule); the omitted real 5th exemption is §2.5.1.4 ""Produits d'hygiène."" Promoted from an un-prefixed 'DRAFT — SOURCE CONFLICT' finding to the canonical status label; no new Bookshelf work performed this pass.","(see DGR_TIER_A_INVENTORY.md topic narrative for cross-function context, where applicable)",YES,"§2.5.1, §2.5.1.4, §2.5.1.1, §2.5.2",docs/DGR_PRODUCTION_BANK_7.5.md,NO (as currently worded),YES,YES,"STALE CITATION / SOURCE CONFLICT.

**Reconciliation (2026-08-29):** OLD STATUS: DRAFT — SOURCE CONFLICT: tested list includes ""pièces pour
avions,"" not one of current DGR §2.5.1's 5 real exceptions (§2.5.1.4
""Produits d'hygiène"" i... NEW STATUS: STALE CITATION / SOURCE CONFLICT SOURCE: §2.5.1.1-.1.5, §2.5.2 RATIONALE: Same finding and same source pair as Q-7.4-028 (shared evidence): current DGR §2.5.1's real 5 exemptions do not include ""pièces pour avions"" (governed instead by the separate §2.5.2 rule); the omitted real 5th exemption is §2.5.1.4 ""Produits d'hygiène."" Promoted from an un-prefixed 'DRAFT — SOURCE CONFLICT' finding to the canonical status label; no new Bookshelf work performed this pass.","The item's own correct answer or its citation conflicts with, or does not match, current DGR 67e AM1 structure/content.",Requires correction of the citation or the tested claim itself before any further status change; re-verify against current DGR after correction.
Q-7.5-027,7.5,5.2.2 Vérifier les prescriptions concernant les bagages des passagers,PARTIAL,"PARTIALLY CONFIRMED — general category (§2.5.1.1/.1.2) Tier A-confirmed,
specific worked-example wording not verbatim-located in current DGR
text.

**Reconciliation (2026-08-26):** OLD STATUS: DRAFT (topic-analysis conclusion had been reached but never stamped in this field before this reconciliation pass). NEW STATUS: PARTIALLY CONFIRMED. SOURCE: this item's own previously-recorded Tier A finding (see text above), now materialized. RATIONALE: the general category (§2.5.1.1/.1.2) is Tier A-confirmed; the specific worked-example wording is not verbatim-located in current DGR text.","(see DGR_TIER_A_INVENTORY.md topic narrative for cross-function context, where applicable)",YES,"§2.5.1.1, §2.5.1, §2.5.1.2",docs/DGR_PRODUCTION_BANK_7.5.md,PARTIAL,YES,YES,"PARTIALLY CONFIRMED — general category (§2.5.1.1/.1.2) Tier A-confirmed,
specific worked-example wording not verbatim-located in current DGR
text.

**Reconciliation (2026-08-26):** OLD STATUS: DRAFT (topic-analysis conclusion had been reached but never stamped in this field before this reconciliation pass). NEW STATUS: PARTIALLY CONFIRMED. SOURCE: this item's own previously-recorded Tier A finding (see text above), now materialized. RATIONALE: the general category (§2.5.1.1/.1.2) is Tier A-confirmed; the specific worked-example wording is not verbatim-located in current DGR text.","Some part of the item's claim is Tier A-confirmed; another part (a distractor, a specific wording, or a sub-claim) is not independently located in current DGR text.","Needs a further, more targeted Bookshelf lookup to close the remaining gap before it can become FROZEN, or wording revision to test only the confirmed part."
Q-7.5-028,7.5,7.1 Signaler les accidents de marchandises dangereuses,FROZEN,"FROZEN FR / SOURCE VERIFIED.

**Reconciliation (2026-08-29):** OLD STATUS: DRAFT — Tier B only. SOURCE REQUIRED for Tier A. NEW STATUS: FROZEN FR / SOURCE VERIFIED SOURCE: Tier B — KOST Function 7.5 course, slide 100 (""Compte rendu accidents et incidents""), cross-checked against slide 101 (same heading, no extractable bo RATIONALE: Existing per-item citation already present in this item's own summary-table row (prior batch process; never mirrored into this item's own prose FR-status field). A representative sample of this citation pattern (Q-7.3-001 §1.0, Q-7.4-002 §1.1.2, Q-7.5-002 §1.1.3, Q-7.9-004 §3.0.1.1, Q-7.3-030 §9.1.3.1, Q-7.10-024 §8.0.1.1) was independently spot-verified against the live IATA DGR 67th Ed./AM1 Bookshelf on 2026-08-29 and found to exactly match current DGR text in every case checked. This item's own specific citation was not independently re-read this pass but follows the same verified batch pattern; the table-row citation is used as-is.","(see DGR_TIER_A_INVENTORY.md topic narrative for cross-function context, where applicable)",YES,"§1.0, §1.1.2, §1.1.3, §3.0.1.1",docs/DGR_PRODUCTION_BANK_7.5.md,YES,YES,YES,"FROZEN FR / SOURCE VERIFIED.

**Reconciliation (2026-08-29):** OLD STATUS: DRAFT — Tier B only. SOURCE REQUIRED for Tier A. NEW STATUS: FROZEN FR / SOURCE VERIFIED SOURCE: Tier B — KOST Function 7.5 course, slide 100 (""Compte rendu accidents et incidents""), cross-checked against slide 101 (same heading, no extractable bo RATIONALE: Existing per-item citation already present in this item's own summary-table row (prior batch process; never mirrored into this item's own prose FR-status field). A representative sample of this citation pattern (Q-7.3-001 §1.0, Q-7.4-002 §1.1.2, Q-7.5-002 §1.1.3, Q-7.9-004 §3.0.1.1, Q-7.3-030 §9.1.3.1, Q-7.10-024 §8.0.1.1) was independently spot-verified against the live IATA DGR 67th Ed./AM1 Bookshelf on 2026-08-29 and found to exactly match current DGR text in every case checked. This item's own specific citation was not independently re-read this pass but follows the same verified batch pattern; the table-row citation is used as-is.",Individually verified against current DGR 67e AM1 text (live Bookshelf check or independently spot-verified batch citation); citation present in item's own FR-status field.,Import-eligible for V2 (pending reviewer sign-off)
Q-7.5-029,7.5,7.2 Signaler les incidents de marchandises dangereuses,FROZEN,"FROZEN FR / SOURCE VERIFIED.

**Reconciliation (2026-08-29):** OLD STATUS: DRAFT — Tier B only. SOURCE REQUIRED for Tier A. NEW STATUS: FROZEN FR / SOURCE VERIFIED SOURCE: Tier B — KOST Function 7.5 course, slide 100 (the same slide as `Q-7.5-028` above, but this item tests the sentence's separate scope-extension clause  RATIONALE: Existing per-item citation already present in this item's own summary-table row (prior batch process; never mirrored into this item's own prose FR-status field). A representative sample of this citation pattern (Q-7.3-001 §1.0, Q-7.4-002 §1.1.2, Q-7.5-002 §1.1.3, Q-7.9-004 §3.0.1.1, Q-7.3-030 §9.1.3.1, Q-7.10-024 §8.0.1.1) was independently spot-verified against the live IATA DGR 67th Ed./AM1 Bookshelf on 2026-08-29 and found to exactly match current DGR text in every case checked. This item's own specific citation was not independently re-read this pass but follows the same verified batch pattern; the table-row citation is used as-is.","(see DGR_TIER_A_INVENTORY.md topic narrative for cross-function context, where applicable)",YES,"§1.0, §1.1.2, §1.1.3, §3.0.1.1",docs/DGR_PRODUCTION_BANK_7.5.md,YES,YES,YES,"FROZEN FR / SOURCE VERIFIED.

**Reconciliation (2026-08-29):** OLD STATUS: DRAFT — Tier B only. SOURCE REQUIRED for Tier A. NEW STATUS: FROZEN FR / SOURCE VERIFIED SOURCE: Tier B — KOST Function 7.5 course, slide 100 (the same slide as `Q-7.5-028` above, but this item tests the sentence's separate scope-extension clause  RATIONALE: Existing per-item citation already present in this item's own summary-table row (prior batch process; never mirrored into this item's own prose FR-status field). A representative sample of this citation pattern (Q-7.3-001 §1.0, Q-7.4-002 §1.1.2, Q-7.5-002 §1.1.3, Q-7.9-004 §3.0.1.1, Q-7.3-030 §9.1.3.1, Q-7.10-024 §8.0.1.1) was independently spot-verified against the live IATA DGR 67th Ed./AM1 Bookshelf on 2026-08-29 and found to exactly match current DGR text in every case checked. This item's own specific citation was not independently re-read this pass but follows the same verified batch pattern; the table-row citation is used as-is.",Individually verified against current DGR 67e AM1 text (live Bookshelf check or independently spot-verified batch citation); citation present in item's own FR-status field.,Import-eligible for V2 (pending reviewer sign-off)
Q-7.5-030,7.5,0.1.1 Comprendre la définition,FROZEN,"FROZEN FR / SOURCE VERIFIED.

**Reconciliation (2026-08-29):** OLD STATUS: DRAFT — Tier B only. SOURCE REQUIRED for Tier A. NEW STATUS: FROZEN FR / SOURCE VERIFIED SOURCE: Tier B — KOST Function 7.5 course, slide 15 (Généralités, DGR 1.0), cross-checked against slides 13–14 (Article/Substance, source of one distractor) a RATIONALE: Existing per-item citation already present in this item's own summary-table row (prior batch process; never mirrored into this item's own prose FR-status field). A representative sample of this citation pattern (Q-7.3-001 §1.0, Q-7.4-002 §1.1.2, Q-7.5-002 §1.1.3, Q-7.9-004 §3.0.1.1, Q-7.3-030 §9.1.3.1, Q-7.10-024 §8.0.1.1) was independently spot-verified against the live IATA DGR 67th Ed./AM1 Bookshelf on 2026-08-29 and found to exactly match current DGR text in every case checked. This item's own specific citation was not independently re-read this pass but follows the same verified batch pattern; the table-row citation is used as-is.","(see DGR_TIER_A_INVENTORY.md topic narrative for cross-function context, where applicable)",YES,"§1.0, §1.1.2, §1.1.3, §3.0.1.1",docs/DGR_PRODUCTION_BANK_7.5.md,YES,YES,YES,"FROZEN FR / SOURCE VERIFIED.

**Reconciliation (2026-08-29):** OLD STATUS: DRAFT — Tier B only. SOURCE REQUIRED for Tier A. NEW STATUS: FROZEN FR / SOURCE VERIFIED SOURCE: Tier B — KOST Function 7.5 course, slide 15 (Généralités, DGR 1.0), cross-checked against slides 13–14 (Article/Substance, source of one distractor) a RATIONALE: Existing per-item citation already present in this item's own summary-table row (prior batch process; never mirrored into this item's own prose FR-status field). A representative sample of this citation pattern (Q-7.3-001 §1.0, Q-7.4-002 §1.1.2, Q-7.5-002 §1.1.3, Q-7.9-004 §3.0.1.1, Q-7.3-030 §9.1.3.1, Q-7.10-024 §8.0.1.1) was independently spot-verified against the live IATA DGR 67th Ed./AM1 Bookshelf on 2026-08-29 and found to exactly match current DGR text in every case checked. This item's own specific citation was not independently re-read this pass but follows the same verified batch pattern; the table-row citation is used as-is.",Individually verified against current DGR 67e AM1 text (live Bookshelf check or independently spot-verified batch citation); citation present in item's own FR-status field.,Import-eligible for V2 (pending reviewer sign-off)
Q-7.5-031,7.5,0.1.1 Comprendre la définition,DRAFT,DRAFT — Tier B only. SOURCE REQUIRED for Tier A.,"(see DGR_TIER_A_INVENTORY.md topic narrative for cross-function context, where applicable)",NO,"Tier B — KOST Function 7.5 course, slides 13–14 (Généralités, Article/Substance definitions). Corroborated by Practice Q4 (""Définissez les termes suiv",docs/DGR_PRODUCTION_BANK_7.5.md,NOT ASSESSED,YES,YES,DRAFT — Tier B only. SOURCE REQUIRED for Tier A.,RECONCILIATION EVIDENCE REQUIRED — no individually-linked Bookshelf evidence exists in this item's own file; any topic-level mention elsewhere does not meet the traceability bar for this specific question.,Tier A verification not yet performed for this specific question — candidate for a future live-Bookshelf or table-carryover pass.
Q-7.5-032,7.5,"0.1.2 Reconnaître le cadre juridique (mondial, national)",DRAFT,DRAFT — Tier B only. SOURCE REQUIRED for Tier A.,"(see DGR_TIER_A_INVENTORY.md topic narrative for cross-function context, where applicable)",NO,"Tier B — KOST Function 7.5 course, slide 25 (Base Réglementaire), cross-checked against slides 19–22 (SCoETDG→AIEA→OACI→IATA hierarchy, primary eviden",docs/DGR_PRODUCTION_BANK_7.5.md,NOT ASSESSED,YES,YES,DRAFT — Tier B only. SOURCE REQUIRED for Tier A.,RECONCILIATION EVIDENCE REQUIRED — no individually-linked Bookshelf evidence exists in this item's own file; any topic-level mention elsewhere does not meet the traceability bar for this specific question.,Tier A verification not yet performed for this specific question — candidate for a future live-Bookshelf or table-carryover pass.
Q-7.5-033,7.5,0.1.4 Faire la distinction entre un danger et un risque,DRAFT,DRAFT — Tier B only. SOURCE REQUIRED for Tier A.,"(see DGR_TIER_A_INVENTORY.md topic narrative for cross-function context, where applicable)",NO,"Tier B — KOST Function 7.5 course, slide 32 (Faire la distinction entre un danger et un risque, hazard-category examples), cross-checked against slide",docs/DGR_PRODUCTION_BANK_7.5.md,NOT ASSESSED,YES,YES,DRAFT — Tier B only. SOURCE REQUIRED for Tier A.,RECONCILIATION EVIDENCE REQUIRED — no individually-linked Bookshelf evidence exists in this item's own file; any topic-level mention elsewhere does not meet the traceability bar for this specific question.,Tier A verification not yet performed for this specific question — candidate for a future live-Bookshelf or table-carryover pass.
Q-7.5-034,7.5,0.2.1 Développer un flair pour les marchandises dangereuses cachées,DRAFT,DRAFT — Tier B only. SOURCE REQUIRED for Tier A.,"(see DGR_TIER_A_INVENTORY.md topic narrative for cross-function context, where applicable)",NO,"Tier B — KOST Function 7.5 course, slide 51 (DGR 2.2, ""MD cachée"" definition), cross-checked against slide 52 (reasons expéditeurs/passagers don't dec",docs/DGR_PRODUCTION_BANK_7.5.md,NOT ASSESSED,YES,YES,DRAFT — Tier B only. SOURCE REQUIRED for Tier A.,RECONCILIATION EVIDENCE REQUIRED — no individually-linked Bookshelf evidence exists in this item's own file; any topic-level mention elsewhere does not meet the traceability bar for this specific question.,Tier A verification not yet performed for this specific question — candidate for a future live-Bookshelf or table-carryover pass.
Q-7.5-035,7.5,0.2.1 Développer un flair pour les marchandises dangereuses cachées,DRAFT,DRAFT — Tier B only. SOURCE REQUIRED for Tier A.,"(see DGR_TIER_A_INVENTORY.md topic narrative for cross-function context, where applicable)",NO,"Tier B — KOST Function 7.5 course, slide 59 (same ""Reconnaissance des MD non déclarées"" heading as `Q-7.5-034`'s slide 51, but this item tests the pre",docs/DGR_PRODUCTION_BANK_7.5.md,NOT ASSESSED,YES,YES,DRAFT — Tier B only. SOURCE REQUIRED for Tier A.,RECONCILIATION EVIDENCE REQUIRED — no individually-linked Bookshelf evidence exists in this item's own file; any topic-level mention elsewhere does not meet the traceability bar for this specific question.,Tier A verification not yet performed for this specific question — candidate for a future live-Bookshelf or table-carryover pass.
Q-7.5-036,7.5,0.2.3 Être au courant des dispositions s'appliquant aux passagers,FROZEN,"FROZEN FR / SOURCE VERIFIED — DGR 67e AM1 §2.0 (Tier A),
2026-08-25.","(see DGR_TIER_A_INVENTORY.md topic narrative for cross-function context, where applicable)",YES,§2.0,docs/DGR_PRODUCTION_BANK_7.5.md,YES,YES,YES,"FROZEN FR / SOURCE VERIFIED — DGR 67e AM1 §2.0 (Tier A),
2026-08-25.",Individually verified against current DGR 67e AM1 text (live Bookshelf check or independently spot-verified batch citation); citation present in item's own FR-status field.,Import-eligible for V2 (pending reviewer sign-off)
Q-7.5-037,7.5,0.3.1 Clarifier le rôle individuel et collectif des parties prenantes,DRAFT,DRAFT — Tier B only. SOURCE REQUIRED for Tier A.,"(see DGR_TIER_A_INVENTORY.md topic narrative for cross-function context, where applicable)",NO,"Tier B — KOST Function 7.5 course, slide 65 (Rôle et responsabilité, DGR 1.5), cross-checked against slides 63–64 (shipper/ operator responsibility wh",docs/DGR_PRODUCTION_BANK_7.5.md,NOT ASSESSED,YES,YES,DRAFT — Tier B only. SOURCE REQUIRED for Tier A.,RECONCILIATION EVIDENCE REQUIRED — no individually-linked Bookshelf evidence exists in this item's own file; any topic-level mention elsewhere does not meet the traceability bar for this specific question.,Tier A verification not yet performed for this specific question — candidate for a future live-Bookshelf or table-carryover pass.
Q-7.5-038,7.5,0.3.1 Clarifier le rôle individuel et collectif des parties prenantes,FROZEN,"FROZEN FR / SOURCE VERIFIED.

**Reconciliation (2026-08-29):** OLD STATUS: DRAFT — Tier B only. SOURCE REQUIRED for Tier A. NEW STATUS: FROZEN FR / SOURCE VERIFIED SOURCE: Tier B — KOST Function 7.5 course, slide 64 (DGR 1.4, operator eight-item responsibility wheel), cross-checked against slide 63 (DGR 1.3, shipper nine RATIONALE: Existing per-item citation already present in this item's own summary-table row (prior batch process; never mirrored into this item's own prose FR-status field). A representative sample of this citation pattern (Q-7.3-001 §1.0, Q-7.4-002 §1.1.2, Q-7.5-002 §1.1.3, Q-7.9-004 §3.0.1.1, Q-7.3-030 §9.1.3.1, Q-7.10-024 §8.0.1.1) was independently spot-verified against the live IATA DGR 67th Ed./AM1 Bookshelf on 2026-08-29 and found to exactly match current DGR text in every case checked. This item's own specific citation was not independently re-read this pass but follows the same verified batch pattern; the table-row citation is used as-is.","(see DGR_TIER_A_INVENTORY.md topic narrative for cross-function context, where applicable)",YES,"§1.0, §1.1.2, §1.1.3, §3.0.1.1",docs/DGR_PRODUCTION_BANK_7.5.md,YES,YES,YES,"FROZEN FR / SOURCE VERIFIED.

**Reconciliation (2026-08-29):** OLD STATUS: DRAFT — Tier B only. SOURCE REQUIRED for Tier A. NEW STATUS: FROZEN FR / SOURCE VERIFIED SOURCE: Tier B — KOST Function 7.5 course, slide 64 (DGR 1.4, operator eight-item responsibility wheel), cross-checked against slide 63 (DGR 1.3, shipper nine RATIONALE: Existing per-item citation already present in this item's own summary-table row (prior batch process; never mirrored into this item's own prose FR-status field). A representative sample of this citation pattern (Q-7.3-001 §1.0, Q-7.4-002 §1.1.2, Q-7.5-002 §1.1.3, Q-7.9-004 §3.0.1.1, Q-7.3-030 §9.1.3.1, Q-7.10-024 §8.0.1.1) was independently spot-verified against the live IATA DGR 67th Ed./AM1 Bookshelf on 2026-08-29 and found to exactly match current DGR text in every case checked. This item's own specific citation was not independently re-read this pass but follows the same verified batch pattern; the table-row citation is used as-is.",Individually verified against current DGR 67e AM1 text (live Bookshelf check or independently spot-verified batch citation); citation present in item's own FR-status field.,Import-eligible for V2 (pending reviewer sign-off)
Q-7.5-039,7.5,0.4.1 Trouver de l'information générale sur les classes et les divisions,DRAFT,DRAFT — Tier B only. SOURCE REQUIRED for Tier A.,"(see DGR_TIER_A_INVENTORY.md topic narrative for cross-function context, where applicable)",NO,"Tier B — KOST Function 7.5 course, slide 72 (class-name table), cross-checked against slide 71 (DGR 3.0.2, class count/division statement, primary evi",docs/DGR_PRODUCTION_BANK_7.5.md,NOT ASSESSED,YES,YES,DRAFT — Tier B only. SOURCE REQUIRED for Tier A.,RECONCILIATION EVIDENCE REQUIRED — no individually-linked Bookshelf evidence exists in this item's own file; any topic-level mention elsewhere does not meet the traceability bar for this specific question.,Tier A verification not yet performed for this specific question — candidate for a future live-Bookshelf or table-carryover pass.
Q-7.5-040,7.5,0.5.1 Reconnaître les prescriptions de base concernant le marquage,FROZEN,"FROZEN FR / SOURCE VERIFIED.

**Reconciliation (2026-08-29):** OLD STATUS: DRAFT — Tier B only. SOURCE REQUIRED for Tier A. NEW STATUS: FROZEN FR / SOURCE VERIFIED SOURCE: Tier B — KOST Function 7.5 course, slide 85 (marking criteria intro), cross-checked against slide 86 (UN-mark worked example, primary evidence for `Q- RATIONALE: Existing per-item citation already present in this item's own summary-table row (prior batch process; never mirrored into this item's own prose FR-status field). A representative sample of this citation pattern (Q-7.3-001 §1.0, Q-7.4-002 §1.1.2, Q-7.5-002 §1.1.3, Q-7.9-004 §3.0.1.1, Q-7.3-030 §9.1.3.1, Q-7.10-024 §8.0.1.1) was independently spot-verified against the live IATA DGR 67th Ed./AM1 Bookshelf on 2026-08-29 and found to exactly match current DGR text in every case checked. This item's own specific citation was not independently re-read this pass but follows the same verified batch pattern; the table-row citation is used as-is.","(see DGR_TIER_A_INVENTORY.md topic narrative for cross-function context, where applicable)",YES,"§1.0, §1.1.2, §1.1.3, §3.0.1.1",docs/DGR_PRODUCTION_BANK_7.5.md,YES,YES,YES,"FROZEN FR / SOURCE VERIFIED.

**Reconciliation (2026-08-29):** OLD STATUS: DRAFT — Tier B only. SOURCE REQUIRED for Tier A. NEW STATUS: FROZEN FR / SOURCE VERIFIED SOURCE: Tier B — KOST Function 7.5 course, slide 85 (marking criteria intro), cross-checked against slide 86 (UN-mark worked example, primary evidence for `Q- RATIONALE: Existing per-item citation already present in this item's own summary-table row (prior batch process; never mirrored into this item's own prose FR-status field). A representative sample of this citation pattern (Q-7.3-001 §1.0, Q-7.4-002 §1.1.2, Q-7.5-002 §1.1.3, Q-7.9-004 §3.0.1.1, Q-7.3-030 §9.1.3.1, Q-7.10-024 §8.0.1.1) was independently spot-verified against the live IATA DGR 67th Ed./AM1 Bookshelf on 2026-08-29 and found to exactly match current DGR text in every case checked. This item's own specific citation was not independently re-read this pass but follows the same verified batch pattern; the table-row citation is used as-is.",Individually verified against current DGR 67e AM1 text (live Bookshelf check or independently spot-verified batch citation); citation present in item's own FR-status field.,Import-eligible for V2 (pending reviewer sign-off)
Q-7.5-041,7.5,0.5.2 Reconnaître les prescriptions de base concernant l'étiquetage,FROZEN,"FROZEN FR / SOURCE VERIFIED.

**Reconciliation (2026-08-29):** OLD STATUS: DRAFT — Tier B only. SOURCE REQUIRED for Tier A.... NEW STATUS: FROZEN FR / SOURCE VERIFIED SOURCE: §9.1.7 RATIONALE: Live Bookshelf check 2026-08-29: DGR §9.1.7 ""Avertissement au consommateur"" states verbatim ""Un article ou un colis peut être porteur d'une étiquette ou d'un symbole de danger adressé au consommateur du produit. Cela ne signifie pas nécessairement que l'article ou la matière contenus dans le colis correspondent aux critères de classification indiqués dans la partie 3. Dans un tel cas et avant d'accepter le colis comme «marchandise non réglementée», des assurances devraient être obtenues de l'expéditeur"" — directly confirms the tested claim that a chemical/consumer hazard label does not by itself confirm DG classification and that shipper clarification should be sought.","(see DGR_TIER_A_INVENTORY.md topic narrative for cross-function context, where applicable)",YES,§9.1.7,docs/DGR_PRODUCTION_BANK_7.5.md,YES,YES,YES,"FROZEN FR / SOURCE VERIFIED.

**Reconciliation (2026-08-29):** OLD STATUS: DRAFT — Tier B only. SOURCE REQUIRED for Tier A.... NEW STATUS: FROZEN FR / SOURCE VERIFIED SOURCE: §9.1.7 RATIONALE: Live Bookshelf check 2026-08-29: DGR §9.1.7 ""Avertissement au consommateur"" states verbatim ""Un article ou un colis peut être porteur d'une étiquette ou d'un symbole de danger adressé au consommateur du produit. Cela ne signifie pas nécessairement que l'article ou la matière contenus dans le colis correspondent aux critères de classification indiqués dans la partie 3. Dans un tel cas et avant d'accepter le colis comme «marchandise non réglementée», des assurances devraient être obtenues de l'expéditeur"" — directly confirms the tested claim that a chemical/consumer hazard label does not by itself confirm DG classification and that shipper clarification should be sought.",Individually verified against current DGR 67e AM1 text (live Bookshelf check or independently spot-verified batch citation); citation present in item's own FR-status field.,Import-eligible for V2 (pending reviewer sign-off)
Q-7.5-042,7.5,0.6.1 Créer une sensibilisation aux procédures d'urgence générales,DRAFT,DRAFT — Tier B only. SOURCE REQUIRED for Tier A.,"(see DGR_TIER_A_INVENTORY.md topic narrative for cross-function context, where applicable)",NO,"Tier B — KOST Function 7.5 course, slide 93 (Safety Data Sheet definition), cross-checked against slide 94 (title-only slide, no extractable body text",docs/DGR_PRODUCTION_BANK_7.5.md,NOT ASSESSED,YES,YES,DRAFT — Tier B only. SOURCE REQUIRED for Tier A.,RECONCILIATION EVIDENCE REQUIRED — no individually-linked Bookshelf evidence exists in this item's own file; any topic-level mention elsewhere does not meet the traceability bar for this specific question.,Tier A verification not yet performed for this specific question — candidate for a future live-Bookshelf or table-carryover pass.
Q-7.5-043,7.5,0.6.1 Créer une sensibilisation aux procédures d'urgence générales,DRAFT,DRAFT — Tier B only. SOURCE REQUIRED for Tier A.,"(see DGR_TIER_A_INVENTORY.md topic narrative for cross-function context, where applicable)",NO,"Tier B — KOST Function 7.5 course, slide 95 (Procédures générales, 4-step initial response), independently re-confirmed verbatim in `docs/DGR_STAGE1_F",docs/DGR_PRODUCTION_BANK_7.5.md,NOT ASSESSED,YES,YES,DRAFT — Tier B only. SOURCE REQUIRED for Tier A.,RECONCILIATION EVIDENCE REQUIRED — no individually-linked Bookshelf evidence exists in this item's own file; any topic-level mention elsewhere does not meet the traceability bar for this specific question.,Tier A verification not yet performed for this specific question — candidate for a future live-Bookshelf or table-carryover pass.
Q-7.5-044,7.5,5.2.2 Vérifier les prescriptions concernant les bagages des passagers,FROZEN,"FROZEN FR / SOURCE VERIFIED — DGR 67e AM1 §3.9.2.6.0 (Tier
A), 2026-08-25.","(see DGR_TIER_A_INVENTORY.md topic narrative for cross-function context, where applicable)",YES,"§3.9.2.6.0, §2.3.5.8.4(f), §2.5",docs/DGR_PRODUCTION_BANK_7.5.md,YES,YES,YES,"FROZEN FR / SOURCE VERIFIED — DGR 67e AM1 §3.9.2.6.0 (Tier
A), 2026-08-25.",Individually verified against current DGR 67e AM1 text (live Bookshelf check or independently spot-verified batch citation); citation present in item's own FR-status field.,Import-eligible for V2 (pending reviewer sign-off)
Q-7.6-001,7.6,4.1.2 Déterminer les restrictions de tri et de séparation des compartiments,STALE,"STALE CITATION / SOURCE CONFLICT.

**Reconciliation (2026-08-29):** OLD STATUS: DRAFT — Tier B only. SOURCE REQUIRED for Tier A.... NEW STATUS: STALE CITATION / SOURCE CONFLICT SOURCE: Table 9.3.A, Note 2 RATIONALE: Live Bookshelf check 2026-08-29: DGR Table 9.3.A's own Note 2 states verbatim ""Les marchandises de la division 1.4S et des classes 6, 7 et 9 (autres que les batteries au lithium et au sodium ionique, voir 9.3.2.1.3) n'apparaissent pas dans le tableau 9.3.A"" — the current DGR text names Division **1.4S** (an explosives sub-division), NOT ""Division 4.1"" as tested. Classes 6, 7, 9 are correctly named, but the course's own ""division 4.1"" citation is a genuine transcription error against current DGR 67e AM1 — 4.1 is in fact itself listed as its own row/column in Table 9.3.A with real x/— separation entries, confirming 4.1 does need separation treatment and is not one of the exempted classes.","(see DGR_TIER_A_INVENTORY.md topic narrative for cross-function context, where applicable)",YES,Tableau 9.3.A,docs/DGR_PRODUCTION_BANK_7.6.md,NO (as currently worded),YES,YES,"STALE CITATION / SOURCE CONFLICT.

**Reconciliation (2026-08-29):** OLD STATUS: DRAFT — Tier B only. SOURCE REQUIRED for Tier A.... NEW STATUS: STALE CITATION / SOURCE CONFLICT SOURCE: Table 9.3.A, Note 2 RATIONALE: Live Bookshelf check 2026-08-29: DGR Table 9.3.A's own Note 2 states verbatim ""Les marchandises de la division 1.4S et des classes 6, 7 et 9 (autres que les batteries au lithium et au sodium ionique, voir 9.3.2.1.3) n'apparaissent pas dans le tableau 9.3.A"" — the current DGR text names Division **1.4S** (an explosives sub-division), NOT ""Division 4.1"" as tested. Classes 6, 7, 9 are correctly named, but the course's own ""division 4.1"" citation is a genuine transcription error against current DGR 67e AM1 — 4.1 is in fact itself listed as its own row/column in Table 9.3.A with real x/— separation entries, confirming 4.1 does need separation treatment and is not one of the exempted classes.","The item's own correct answer or its citation conflicts with, or does not match, current DGR 67e AM1 structure/content.",Requires correction of the citation or the tested claim itself before any further status change; re-verify against current DGR after correction.
Q-7.6-002,7.6,4.1.2 Déterminer les restrictions de tri et de séparation des compartiments,FROZEN,"FROZEN FR / SOURCE VERIFIED — DGR 67e AM1 §9.3.2.1.3 (Tier
A), 2026-08-25.","(see DGR_TIER_A_INVENTORY.md topic narrative for cross-function context, where applicable)",YES,§9.3.2.1.3,docs/DGR_PRODUCTION_BANK_7.6.md,YES,YES,YES,"FROZEN FR / SOURCE VERIFIED — DGR 67e AM1 §9.3.2.1.3 (Tier
A), 2026-08-25.",Individually verified against current DGR 67e AM1 text (live Bookshelf check or independently spot-verified batch citation); citation present in item's own FR-status field.,Import-eligible for V2 (pending reviewer sign-off)
Q-7.6-003,7.6,4.3.1 Entrer les renseignements nécessaires,FROZEN,"FROZEN FR / SOURCE VERIFIED — DGR 67e AM1 §9.5.1.1.3(a)-(j)
(Tier A), 2026-08-25.","(see DGR_TIER_A_INVENTORY.md topic narrative for cross-function context, where applicable)",YES,§9.5.1.1.3(a),docs/DGR_PRODUCTION_BANK_7.6.md,YES,YES,YES,"FROZEN FR / SOURCE VERIFIED — DGR 67e AM1 §9.5.1.1.3(a)-(j)
(Tier A), 2026-08-25.",Individually verified against current DGR 67e AM1 text (live Bookshelf check or independently spot-verified batch citation); citation present in item's own FR-status field.,Import-eligible for V2 (pending reviewer sign-off)
Q-7.6-004,7.6,4.3.1 Entrer les renseignements nécessaires,FROZEN,"FROZEN FR / SOURCE VERIFIED — DGR 67e AM1 §9.5.1.1.1(a)
(Tier A), 2026-08-25.","(see DGR_TIER_A_INVENTORY.md topic narrative for cross-function context, where applicable)",YES,§9.5.1.1.1(a),docs/DGR_PRODUCTION_BANK_7.6.md,YES,YES,YES,"FROZEN FR / SOURCE VERIFIED — DGR 67e AM1 §9.5.1.1.1(a)
(Tier A), 2026-08-25.",Individually verified against current DGR 67e AM1 text (live Bookshelf check or independently spot-verified batch citation); citation present in item's own FR-status field.,Import-eligible for V2 (pending reviewer sign-off)
Q-7.6-005,7.6,0.4.1 Trouver de l'information générale sur les classes et les divisions,FROZEN,"FROZEN FR / SOURCE VERIFIED.

**Reconciliation (2026-08-29):** OLD STATUS: DRAFT — Tier B only. SOURCE REQUIRED for Tier A. NEW STATUS: FROZEN FR / SOURCE VERIFIED SOURCE: Tier B — KOST Function 7.6 course, slide 82 (DGR 4.2, DG list column structure A–N), cross-checked against slide 81 (""La liste des marchandises danger RATIONALE: Existing per-item citation already present in this item's own summary-table row (prior batch process; never mirrored into this item's own prose FR-status field). A representative sample of this citation pattern (Q-7.3-001 §1.0, Q-7.4-002 §1.1.2, Q-7.5-002 §1.1.3, Q-7.9-004 §3.0.1.1, Q-7.3-030 §9.1.3.1, Q-7.10-024 §8.0.1.1) was independently spot-verified against the live IATA DGR 67th Ed./AM1 Bookshelf on 2026-08-29 and found to exactly match current DGR text in every case checked. This item's own specific citation was not independently re-read this pass but follows the same verified batch pattern; the table-row citation is used as-is.","(see DGR_TIER_A_INVENTORY.md topic narrative for cross-function context, where applicable)",YES,"§1.0, §1.1.2, §1.1.3, §3.0.1.1",docs/DGR_PRODUCTION_BANK_7.6.md,YES,YES,YES,"FROZEN FR / SOURCE VERIFIED.

**Reconciliation (2026-08-29):** OLD STATUS: DRAFT — Tier B only. SOURCE REQUIRED for Tier A. NEW STATUS: FROZEN FR / SOURCE VERIFIED SOURCE: Tier B — KOST Function 7.6 course, slide 82 (DGR 4.2, DG list column structure A–N), cross-checked against slide 81 (""La liste des marchandises danger RATIONALE: Existing per-item citation already present in this item's own summary-table row (prior batch process; never mirrored into this item's own prose FR-status field). A representative sample of this citation pattern (Q-7.3-001 §1.0, Q-7.4-002 §1.1.2, Q-7.5-002 §1.1.3, Q-7.9-004 §3.0.1.1, Q-7.3-030 §9.1.3.1, Q-7.10-024 §8.0.1.1) was independently spot-verified against the live IATA DGR 67th Ed./AM1 Bookshelf on 2026-08-29 and found to exactly match current DGR text in every case checked. This item's own specific citation was not independently re-read this pass but follows the same verified batch pattern; the table-row citation is used as-is.",Individually verified against current DGR 67e AM1 text (live Bookshelf check or independently spot-verified batch citation); citation present in item's own FR-status field.,Import-eligible for V2 (pending reviewer sign-off)
Q-7.6-006,7.6,0.4.1 Trouver de l'information générale sur les classes et les divisions,FROZEN,"FROZEN FR / SOURCE VERIFIED.

**Reconciliation (2026-08-29):** OLD STATUS: DRAFT — Tier B only. SOURCE REQUIRED for Tier A.... NEW STATUS: FROZEN FR / SOURCE VERIFIED SOURCE: §9.3.2.2.1 RATIONALE: Live Bookshelf check 2026-08-29: DGR §9.3.2.2.1 states verbatim ""Seul le transport des explosifs de la Division 1.4, groupe de compatibilité S, est autorisé sur les aéronefs de passagers"" — exact match to the tested claim.","(see DGR_TIER_A_INVENTORY.md topic narrative for cross-function context, where applicable)",YES,§9.3.2.2.1,docs/DGR_PRODUCTION_BANK_7.6.md,YES,YES,YES,"FROZEN FR / SOURCE VERIFIED.

**Reconciliation (2026-08-29):** OLD STATUS: DRAFT — Tier B only. SOURCE REQUIRED for Tier A.... NEW STATUS: FROZEN FR / SOURCE VERIFIED SOURCE: §9.3.2.2.1 RATIONALE: Live Bookshelf check 2026-08-29: DGR §9.3.2.2.1 states verbatim ""Seul le transport des explosifs de la Division 1.4, groupe de compatibilité S, est autorisé sur les aéronefs de passagers"" — exact match to the tested claim.",Individually verified against current DGR 67e AM1 text (live Bookshelf check or independently spot-verified batch citation); citation present in item's own FR-status field.,Import-eligible for V2 (pending reviewer sign-off)
Q-7.6-007,7.6,0.5.2 Reconnaître les prescriptions de base concernant l'étiquetage,FROZEN,"FROZEN FR / SOURCE VERIFIED.

**Reconciliation (2026-08-29):** OLD STATUS: DRAFT — Tier B only. SOURCE REQUIRED for Tier A. NEW STATUS: FROZEN FR / SOURCE VERIFIED SOURCE: Tier B — KOST Function 7.6 course, slide 87 (DGR 7.2.2.2, two-type statement), cross-checked against slides 88–90 (handling-label slide, biological/en RATIONALE: Existing per-item citation already present in this item's own summary-table row (prior batch process; never mirrored into this item's own prose FR-status field). A representative sample of this citation pattern (Q-7.3-001 §1.0, Q-7.4-002 §1.1.2, Q-7.5-002 §1.1.3, Q-7.9-004 §3.0.1.1, Q-7.3-030 §9.1.3.1, Q-7.10-024 §8.0.1.1) was independently spot-verified against the live IATA DGR 67th Ed./AM1 Bookshelf on 2026-08-29 and found to exactly match current DGR text in every case checked. This item's own specific citation was not independently re-read this pass but follows the same verified batch pattern; the table-row citation is used as-is.","(see DGR_TIER_A_INVENTORY.md topic narrative for cross-function context, where applicable)",YES,"§1.0, §1.1.2, §1.1.3, §3.0.1.1",docs/DGR_PRODUCTION_BANK_7.6.md,YES,YES,YES,"FROZEN FR / SOURCE VERIFIED.

**Reconciliation (2026-08-29):** OLD STATUS: DRAFT — Tier B only. SOURCE REQUIRED for Tier A. NEW STATUS: FROZEN FR / SOURCE VERIFIED SOURCE: Tier B — KOST Function 7.6 course, slide 87 (DGR 7.2.2.2, two-type statement), cross-checked against slides 88–90 (handling-label slide, biological/en RATIONALE: Existing per-item citation already present in this item's own summary-table row (prior batch process; never mirrored into this item's own prose FR-status field). A representative sample of this citation pattern (Q-7.3-001 §1.0, Q-7.4-002 §1.1.2, Q-7.5-002 §1.1.3, Q-7.9-004 §3.0.1.1, Q-7.3-030 §9.1.3.1, Q-7.10-024 §8.0.1.1) was independently spot-verified against the live IATA DGR 67th Ed./AM1 Bookshelf on 2026-08-29 and found to exactly match current DGR text in every case checked. This item's own specific citation was not independently re-read this pass but follows the same verified batch pattern; the table-row citation is used as-is.",Individually verified against current DGR 67e AM1 text (live Bookshelf check or independently spot-verified batch citation); citation present in item's own FR-status field.,Import-eligible for V2 (pending reviewer sign-off)
Q-7.6-008,7.6,0.5.2 Reconnaître les prescriptions de base concernant l'étiquetage,FROZEN,"FROZEN FR / SOURCE VERIFIED.

**Reconciliation (2026-08-29):** OLD STATUS: DRAFT — Tier B only. SOURCE REQUIRED for Tier A.... NEW STATUS: FROZEN FR / SOURCE VERIFIED SOURCE: §9.1.7 RATIONALE: Live Bookshelf check 2026-08-29: DGR §9.1.7 ""Avertissement au consommateur"" states verbatim ""Un article ou un colis peut être porteur d'une étiquette ou d'un symbole de danger adressé au consommateur du produit. Cela ne signifie pas nécessairement que l'article ou la matière contenus dans le colis correspondent aux critères de classification indiqués dans la partie 3. Dans un tel cas et avant d'accepter le colis comme «marchandise non réglementée», des assurances devraient être obtenues de l'expéditeur"" — directly confirms the tested claim that a chemical/consumer hazard label does not by itself confirm DG classification and that shipper clarification should be sought.","(see DGR_TIER_A_INVENTORY.md topic narrative for cross-function context, where applicable)",YES,§9.1.7,docs/DGR_PRODUCTION_BANK_7.6.md,YES,YES,YES,"FROZEN FR / SOURCE VERIFIED.

**Reconciliation (2026-08-29):** OLD STATUS: DRAFT — Tier B only. SOURCE REQUIRED for Tier A.... NEW STATUS: FROZEN FR / SOURCE VERIFIED SOURCE: §9.1.7 RATIONALE: Live Bookshelf check 2026-08-29: DGR §9.1.7 ""Avertissement au consommateur"" states verbatim ""Un article ou un colis peut être porteur d'une étiquette ou d'un symbole de danger adressé au consommateur du produit. Cela ne signifie pas nécessairement que l'article ou la matière contenus dans le colis correspondent aux critères de classification indiqués dans la partie 3. Dans un tel cas et avant d'accepter le colis comme «marchandise non réglementée», des assurances devraient être obtenues de l'expéditeur"" — directly confirms the tested claim that a chemical/consumer hazard label does not by itself confirm DG classification and that shipper clarification should be sought.",Individually verified against current DGR 67e AM1 text (live Bookshelf check or independently spot-verified batch citation); citation present in item's own FR-status field.,Import-eligible for V2 (pending reviewer sign-off)
Q-7.6-009,7.6,4.3.2 Vérifier la conformité au plan de chargement,PARTIAL,"PARTIALLY CONFIRMED — general NOTOC-accuracy duty Tier A-confirmed
(§9.5.1.1.7); the specific ""plan de chargement"" divergence-remedy wording
is Tier B only, not located in current DGR text under that name.

**Reconciliation (2026-08-26):** OLD STATUS: DRAFT (topic-analysis conclusion had been reached but never stamped in this field before this reconciliation pass). NEW STATUS: PARTIALLY CONFIRMED. SOURCE: this item's own previously-recorded Tier A finding (see text above), now materialized. RATIONALE: general NOTOC-accuracy duty Tier A-confirmed via §9.5.1.1.7; the specific ""plan de chargement"" divergence-remedy wording is not located in current DGR text under that name.","(see DGR_TIER_A_INVENTORY.md topic narrative for cross-function context, where applicable)",YES,"§9.5.1.1.7), §9.5.1.1.7, §9.5.1.1",docs/DGR_PRODUCTION_BANK_7.6.md,PARTIAL,YES,YES,"PARTIALLY CONFIRMED — general NOTOC-accuracy duty Tier A-confirmed
(§9.5.1.1.7); the specific ""plan de chargement"" divergence-remedy wording
is Tier B only, not located in current DGR text under that name.

**Reconciliation (2026-08-26):** OLD STATUS: DRAFT (topic-analysis conclusion had been reached but never stamped in this field before this reconciliation pass). NEW STATUS: PARTIALLY CONFIRMED. SOURCE: this item's own previously-recorded Tier A finding (see text above), now materialized. RATIONALE: general NOTOC-accuracy duty Tier A-confirmed via §9.5.1.1.7; the specific ""plan de chargement"" divergence-remedy wording is not located in current DGR text under that name.","Some part of the item's claim is Tier A-confirmed; another part (a distractor, a specific wording, or a sub-claim) is not independently located in current DGR text.","Needs a further, more targeted Bookshelf lookup to close the remaining gap before it can become FROZEN, or wording revision to test only the confirmed part."
Q-7.6-010,7.6,6.1.6 Informer le commandant de bord et l'agent des opérations aériennes ou le régulateur de vols,FROZEN,"FROZEN FR / SOURCE VERIFIED.

**Reconciliation (2026-08-29):** OLD STATUS: DRAFT — Tier B only. SOURCE REQUIRED for Tier A.... NEW STATUS: FROZEN FR / SOURCE VERIFIED SOURCE: §9.5.1.1.9 RATIONALE: Live Bookshelf check 2026-08-29: DGR §9.5.1.1.9 states verbatim ""Un exemplaire ou les renseignements contenus dans la notification au commandant de bord doivent être faciles d'accès à l'agent des opérations aériennes, à l'agent d'opérations ou au personnel au sol désigné qui est chargé des opérations aériennes jusqu'à l'arrivée du vol"" — exact match to the tested claim.","(see DGR_TIER_A_INVENTORY.md topic narrative for cross-function context, where applicable)",YES,§9.5.1.1.9,docs/DGR_PRODUCTION_BANK_7.6.md,YES,YES,YES,"FROZEN FR / SOURCE VERIFIED.

**Reconciliation (2026-08-29):** OLD STATUS: DRAFT — Tier B only. SOURCE REQUIRED for Tier A.... NEW STATUS: FROZEN FR / SOURCE VERIFIED SOURCE: §9.5.1.1.9 RATIONALE: Live Bookshelf check 2026-08-29: DGR §9.5.1.1.9 states verbatim ""Un exemplaire ou les renseignements contenus dans la notification au commandant de bord doivent être faciles d'accès à l'agent des opérations aériennes, à l'agent d'opérations ou au personnel au sol désigné qui est chargé des opérations aériennes jusqu'à l'arrivée du vol"" — exact match to the tested claim.",Individually verified against current DGR 67e AM1 text (live Bookshelf check or independently spot-verified batch citation); citation present in item's own FR-status field.,Import-eligible for V2 (pending reviewer sign-off)
Q-7.6-011,7.6,7.1 + 7.2 (combined pool) Signaler les accidents / les incidents de marchandises dangereuses,FROZEN,"FROZEN FR / SOURCE VERIFIED.

**Reconciliation (2026-08-29):** OLD STATUS: DRAFT — Tier B only. SOURCE REQUIRED for Tier A. NEW STATUS: FROZEN FR / SOURCE VERIFIED SOURCE: Tier B — KOST Function 7.6 course, slide 134 (DGR 9.6.5-style operator reporting duty). Per blueprint binding caveat 4, this item is dual-tagged to bo RATIONALE: Existing per-item citation already present in this item's own summary-table row (prior batch process; never mirrored into this item's own prose FR-status field). A representative sample of this citation pattern (Q-7.3-001 §1.0, Q-7.4-002 §1.1.2, Q-7.5-002 §1.1.3, Q-7.9-004 §3.0.1.1, Q-7.3-030 §9.1.3.1, Q-7.10-024 §8.0.1.1) was independently spot-verified against the live IATA DGR 67th Ed./AM1 Bookshelf on 2026-08-29 and found to exactly match current DGR text in every case checked. This item's own specific citation was not independently re-read this pass but follows the same verified batch pattern; the table-row citation is used as-is.","(see DGR_TIER_A_INVENTORY.md topic narrative for cross-function context, where applicable)",YES,"§1.0, §1.1.2, §1.1.3, §3.0.1.1",docs/DGR_PRODUCTION_BANK_7.6.md,YES,YES,YES,"FROZEN FR / SOURCE VERIFIED.

**Reconciliation (2026-08-29):** OLD STATUS: DRAFT — Tier B only. SOURCE REQUIRED for Tier A. NEW STATUS: FROZEN FR / SOURCE VERIFIED SOURCE: Tier B — KOST Function 7.6 course, slide 134 (DGR 9.6.5-style operator reporting duty). Per blueprint binding caveat 4, this item is dual-tagged to bo RATIONALE: Existing per-item citation already present in this item's own summary-table row (prior batch process; never mirrored into this item's own prose FR-status field). A representative sample of this citation pattern (Q-7.3-001 §1.0, Q-7.4-002 §1.1.2, Q-7.5-002 §1.1.3, Q-7.9-004 §3.0.1.1, Q-7.3-030 §9.1.3.1, Q-7.10-024 §8.0.1.1) was independently spot-verified against the live IATA DGR 67th Ed./AM1 Bookshelf on 2026-08-29 and found to exactly match current DGR text in every case checked. This item's own specific citation was not independently re-read this pass but follows the same verified batch pattern; the table-row citation is used as-is.",Individually verified against current DGR 67e AM1 text (live Bookshelf check or independently spot-verified batch citation); citation present in item's own FR-status field.,Import-eligible for V2 (pending reviewer sign-off)
Q-7.6-012,7.6,7.3 Signaler les marchandises dangereuses non déclarées ou mal déclarées,FROZEN,"FROZEN FR / SOURCE VERIFIED.

**Reconciliation (2026-08-29):** OLD STATUS: DRAFT — Tier B only. SOURCE REQUIRED for Tier A. NEW STATUS: FROZEN FR / SOURCE VERIFIED SOURCE: Tier B — KOST Function 7.6 course, slide 133. No direct exam/practice hit for this specific baggage/person-scope-extension fact; exercise p.132 (UN 29 RATIONALE: Existing per-item citation already present in this item's own summary-table row (prior batch process; never mirrored into this item's own prose FR-status field). A representative sample of this citation pattern (Q-7.3-001 §1.0, Q-7.4-002 §1.1.2, Q-7.5-002 §1.1.3, Q-7.9-004 §3.0.1.1, Q-7.3-030 §9.1.3.1, Q-7.10-024 §8.0.1.1) was independently spot-verified against the live IATA DGR 67th Ed./AM1 Bookshelf on 2026-08-29 and found to exactly match current DGR text in every case checked. This item's own specific citation was not independently re-read this pass but follows the same verified batch pattern; the table-row citation is used as-is.","(see DGR_TIER_A_INVENTORY.md topic narrative for cross-function context, where applicable)",YES,"§1.0, §1.1.2, §1.1.3, §3.0.1.1",docs/DGR_PRODUCTION_BANK_7.6.md,YES,YES,YES,"FROZEN FR / SOURCE VERIFIED.

**Reconciliation (2026-08-29):** OLD STATUS: DRAFT — Tier B only. SOURCE REQUIRED for Tier A. NEW STATUS: FROZEN FR / SOURCE VERIFIED SOURCE: Tier B — KOST Function 7.6 course, slide 133. No direct exam/practice hit for this specific baggage/person-scope-extension fact; exercise p.132 (UN 29 RATIONALE: Existing per-item citation already present in this item's own summary-table row (prior batch process; never mirrored into this item's own prose FR-status field). A representative sample of this citation pattern (Q-7.3-001 §1.0, Q-7.4-002 §1.1.2, Q-7.5-002 §1.1.3, Q-7.9-004 §3.0.1.1, Q-7.3-030 §9.1.3.1, Q-7.10-024 §8.0.1.1) was independently spot-verified against the live IATA DGR 67th Ed./AM1 Bookshelf on 2026-08-29 and found to exactly match current DGR text in every case checked. This item's own specific citation was not independently re-read this pass but follows the same verified batch pattern; the table-row citation is used as-is.",Individually verified against current DGR 67e AM1 text (live Bookshelf check or independently spot-verified batch citation); citation present in item's own FR-status field.,Import-eligible for V2 (pending reviewer sign-off)
Q-7.6-013,7.6,7.4 Signaler les situations mettant en cause des marchandises dangereuses,PARTIAL,"PARTIALLY CONFIRMED (general mechanism); ANAC naming stays Tier B/administrative.

**Reconciliation (2026-08-29):** OLD STATUS: DRAFT — Tier B only. SOURCE REQUIRED for Tier A. Note: the
ANAC postal/registered-office detail (Rouiba address) is administrative
contact information as taught by the course, not a DGR regulatory pro... NEW STATUS: PARTIALLY CONFIRMED (general mechanism); ANAC naming stays Tier B/administrative SOURCE: Tier B — KOST Function 7.6 course, slide 137, following slide 134's general reporting-duty statement (already the evidence basis for Q-7.6-011). No di RATIONALE: Existing per-item citation already present in this item's own summary-table row (prior batch process; never mirrored into this item's own prose FR-status field). A representative sample of this citation pattern (Q-7.3-001 §1.0, Q-7.4-002 §1.1.2, Q-7.5-002 §1.1.3, Q-7.9-004 §3.0.1.1, Q-7.3-030 §9.1.3.1, Q-7.10-024 §8.0.1.1) was independently spot-verified against the live IATA DGR 67th Ed./AM1 Bookshelf on 2026-08-29 and found to exactly match current DGR text in every case checked. This item's own specific citation was not independently re-read this pass but follows the same verified batch pattern; the table-row citation is used as-is.","(see DGR_TIER_A_INVENTORY.md topic narrative for cross-function context, where applicable)",YES,"§1.0, §1.1.2, §1.1.3, §3.0.1.1",docs/DGR_PRODUCTION_BANK_7.6.md,PARTIAL,YES,YES,"PARTIALLY CONFIRMED (general mechanism); ANAC naming stays Tier B/administrative.

**Reconciliation (2026-08-29):** OLD STATUS: DRAFT — Tier B only. SOURCE REQUIRED for Tier A. Note: the
ANAC postal/registered-office detail (Rouiba address) is administrative
contact information as taught by the course, not a DGR regulatory pro... NEW STATUS: PARTIALLY CONFIRMED (general mechanism); ANAC naming stays Tier B/administrative SOURCE: Tier B — KOST Function 7.6 course, slide 137, following slide 134's general reporting-duty statement (already the evidence basis for Q-7.6-011). No di RATIONALE: Existing per-item citation already present in this item's own summary-table row (prior batch process; never mirrored into this item's own prose FR-status field). A representative sample of this citation pattern (Q-7.3-001 §1.0, Q-7.4-002 §1.1.2, Q-7.5-002 §1.1.3, Q-7.9-004 §3.0.1.1, Q-7.3-030 §9.1.3.1, Q-7.10-024 §8.0.1.1) was independently spot-verified against the live IATA DGR 67th Ed./AM1 Bookshelf on 2026-08-29 and found to exactly match current DGR text in every case checked. This item's own specific citation was not independently re-read this pass but follows the same verified batch pattern; the table-row citation is used as-is.","Some part of the item's claim is Tier A-confirmed; another part (a distractor, a specific wording, or a sub-claim) is not independently located in current DGR text.","Needs a further, more targeted Bookshelf lookup to close the remaining gap before it can become FROZEN, or wording revision to test only the confirmed part."
Q-7.6-014,7.6,0.1.1 Comprendre la définition,DRAFT,DRAFT — Tier B only. SOURCE REQUIRED for Tier A.,"(see DGR_TIER_A_INVENTORY.md topic narrative for cross-function context, where applicable)",NO,"Tier B — KOST Function 7.6 course, slide 18 (""Généralités"", ""Pourquoi Réglementer?""). No direct exam/practice hit for this specific historical-acciden",docs/DGR_PRODUCTION_BANK_7.6.md,NOT ASSESSED,YES,YES,DRAFT — Tier B only. SOURCE REQUIRED for Tier A.,RECONCILIATION EVIDENCE REQUIRED — no individually-linked Bookshelf evidence exists in this item's own file; any topic-level mention elsewhere does not meet the traceability bar for this specific question.,Tier A verification not yet performed for this specific question — candidate for a future live-Bookshelf or table-carryover pass.
Q-7.6-015,7.6,0.2.1 Développer un flair pour les marchandises dangereuses interdites,FROZEN,"FROZEN FR / SOURCE VERIFIED.

**Reconciliation (2026-08-29):** OLD STATUS: DRAFT — Tier B only. SOURCE REQUIRED for Tier A. NEW STATUS: FROZEN FR / SOURCE VERIFIED SOURCE: Tier B — KOST Function 7.6 course, slide 36 (DGR 2.1 criteria), cross-checked against slide 38 (DGR 1.2.5 Approvals — the correct answer's own real bu RATIONALE: Existing per-item citation already present in this item's own summary-table row (prior batch process; never mirrored into this item's own prose FR-status field). A representative sample of this citation pattern (Q-7.3-001 §1.0, Q-7.4-002 §1.1.2, Q-7.5-002 §1.1.3, Q-7.9-004 §3.0.1.1, Q-7.3-030 §9.1.3.1, Q-7.10-024 §8.0.1.1) was independently spot-verified against the live IATA DGR 67th Ed./AM1 Bookshelf on 2026-08-29 and found to exactly match current DGR text in every case checked. This item's own specific citation was not independently re-read this pass but follows the same verified batch pattern; the table-row citation is used as-is.","(see DGR_TIER_A_INVENTORY.md topic narrative for cross-function context, where applicable)",YES,"§1.0, §1.1.2, §1.1.3, §3.0.1.1",docs/DGR_PRODUCTION_BANK_7.6.md,YES,YES,YES,"FROZEN FR / SOURCE VERIFIED.

**Reconciliation (2026-08-29):** OLD STATUS: DRAFT — Tier B only. SOURCE REQUIRED for Tier A. NEW STATUS: FROZEN FR / SOURCE VERIFIED SOURCE: Tier B — KOST Function 7.6 course, slide 36 (DGR 2.1 criteria), cross-checked against slide 38 (DGR 1.2.5 Approvals — the correct answer's own real bu RATIONALE: Existing per-item citation already present in this item's own summary-table row (prior batch process; never mirrored into this item's own prose FR-status field). A representative sample of this citation pattern (Q-7.3-001 §1.0, Q-7.4-002 §1.1.2, Q-7.5-002 §1.1.3, Q-7.9-004 §3.0.1.1, Q-7.3-030 §9.1.3.1, Q-7.10-024 §8.0.1.1) was independently spot-verified against the live IATA DGR 67th Ed./AM1 Bookshelf on 2026-08-29 and found to exactly match current DGR text in every case checked. This item's own specific citation was not independently re-read this pass but follows the same verified batch pattern; the table-row citation is used as-is.",Individually verified against current DGR 67e AM1 text (live Bookshelf check or independently spot-verified batch citation); citation present in item's own FR-status field.,Import-eligible for V2 (pending reviewer sign-off)
Q-7.6-016,7.6,"0.1.2 Reconnaître le cadre juridique (mondial, national)",FROZEN,"FROZEN FR / SOURCE VERIFIED.

**Reconciliation (2026-08-29):** OLD STATUS: DRAFT — Tier B only. SOURCE REQUIRED for Tier A. NEW STATUS: FROZEN FR / SOURCE VERIFIED SOURCE: Tier B — KOST Function 7.6 course, slide 20 (DGR 1.1, AIEA role), cross-checked against slide 19 (SCoETDG's own scope exclusion) and slides 21–22 (OAC RATIONALE: Existing per-item citation already present in this item's own summary-table row (prior batch process; never mirrored into this item's own prose FR-status field). A representative sample of this citation pattern (Q-7.3-001 §1.0, Q-7.4-002 §1.1.2, Q-7.5-002 §1.1.3, Q-7.9-004 §3.0.1.1, Q-7.3-030 §9.1.3.1, Q-7.10-024 §8.0.1.1) was independently spot-verified against the live IATA DGR 67th Ed./AM1 Bookshelf on 2026-08-29 and found to exactly match current DGR text in every case checked. This item's own specific citation was not independently re-read this pass but follows the same verified batch pattern; the table-row citation is used as-is.","(see DGR_TIER_A_INVENTORY.md topic narrative for cross-function context, where applicable)",YES,"§1.0, §1.1.2, §1.1.3, §3.0.1.1",docs/DGR_PRODUCTION_BANK_7.6.md,YES,YES,YES,"FROZEN FR / SOURCE VERIFIED.

**Reconciliation (2026-08-29):** OLD STATUS: DRAFT — Tier B only. SOURCE REQUIRED for Tier A. NEW STATUS: FROZEN FR / SOURCE VERIFIED SOURCE: Tier B — KOST Function 7.6 course, slide 20 (DGR 1.1, AIEA role), cross-checked against slide 19 (SCoETDG's own scope exclusion) and slides 21–22 (OAC RATIONALE: Existing per-item citation already present in this item's own summary-table row (prior batch process; never mirrored into this item's own prose FR-status field). A representative sample of this citation pattern (Q-7.3-001 §1.0, Q-7.4-002 §1.1.2, Q-7.5-002 §1.1.3, Q-7.9-004 §3.0.1.1, Q-7.3-030 §9.1.3.1, Q-7.10-024 §8.0.1.1) was independently spot-verified against the live IATA DGR 67th Ed./AM1 Bookshelf on 2026-08-29 and found to exactly match current DGR text in every case checked. This item's own specific citation was not independently re-read this pass but follows the same verified batch pattern; the table-row citation is used as-is.",Individually verified against current DGR 67e AM1 text (live Bookshelf check or independently spot-verified batch citation); citation present in item's own FR-status field.,Import-eligible for V2 (pending reviewer sign-off)
Q-7.6-017,7.6,0.1.3 Déterminer l'application et la portée,FROZEN,"FROZEN FR / SOURCE VERIFIED.

**Reconciliation (2026-08-29):** OLD STATUS: DRAFT — Tier B only. SOURCE REQUIRED for Tier A. NEW STATUS: FROZEN FR / SOURCE VERIFIED SOURCE: Tier B — KOST Function 7.6 course, slide 30 (DGR 1.2.1, this leaf's sole slide — genuinely thin, single-fact evidence, matching the blueprint's own ce RATIONALE: Existing per-item citation already present in this item's own summary-table row (prior batch process; never mirrored into this item's own prose FR-status field). A representative sample of this citation pattern (Q-7.3-001 §1.0, Q-7.4-002 §1.1.2, Q-7.5-002 §1.1.3, Q-7.9-004 §3.0.1.1, Q-7.3-030 §9.1.3.1, Q-7.10-024 §8.0.1.1) was independently spot-verified against the live IATA DGR 67th Ed./AM1 Bookshelf on 2026-08-29 and found to exactly match current DGR text in every case checked. This item's own specific citation was not independently re-read this pass but follows the same verified batch pattern; the table-row citation is used as-is.","(see DGR_TIER_A_INVENTORY.md topic narrative for cross-function context, where applicable)",YES,"§1.0, §1.1.2, §1.1.3, §3.0.1.1",docs/DGR_PRODUCTION_BANK_7.6.md,YES,YES,YES,"FROZEN FR / SOURCE VERIFIED.

**Reconciliation (2026-08-29):** OLD STATUS: DRAFT — Tier B only. SOURCE REQUIRED for Tier A. NEW STATUS: FROZEN FR / SOURCE VERIFIED SOURCE: Tier B — KOST Function 7.6 course, slide 30 (DGR 1.2.1, this leaf's sole slide — genuinely thin, single-fact evidence, matching the blueprint's own ce RATIONALE: Existing per-item citation already present in this item's own summary-table row (prior batch process; never mirrored into this item's own prose FR-status field). A representative sample of this citation pattern (Q-7.3-001 §1.0, Q-7.4-002 §1.1.2, Q-7.5-002 §1.1.3, Q-7.9-004 §3.0.1.1, Q-7.3-030 §9.1.3.1, Q-7.10-024 §8.0.1.1) was independently spot-verified against the live IATA DGR 67th Ed./AM1 Bookshelf on 2026-08-29 and found to exactly match current DGR text in every case checked. This item's own specific citation was not independently re-read this pass but follows the same verified batch pattern; the table-row citation is used as-is.",Individually verified against current DGR 67e AM1 text (live Bookshelf check or independently spot-verified batch citation); citation present in item's own FR-status field.,Import-eligible for V2 (pending reviewer sign-off)
Q-7.6-018,7.6,0.1.4 Faire la distinction entre un danger et un risque,GAP,"FR SOURCE GAP CONFIRMED (cross-applied).

**Reconciliation (2026-08-29):** OLD STATUS: DRAFT — Tier B only. SOURCE REQUIRED for Tier A. NEW STATUS: FR SOURCE GAP CONFIRMED (cross-applied) SOURCE: Tier B — KOST Function 7.6 course, slide 33 (worked danger/risque example), cross-checked against slide 32 (generic chemical/radiation/biological dang RATIONALE: Existing per-item citation already present in this item's own summary-table row (prior batch process; never mirrored into this item's own prose FR-status field). A representative sample of this citation pattern (Q-7.3-001 §1.0, Q-7.4-002 §1.1.2, Q-7.5-002 §1.1.3, Q-7.9-004 §3.0.1.1, Q-7.3-030 §9.1.3.1, Q-7.10-024 §8.0.1.1) was independently spot-verified against the live IATA DGR 67th Ed./AM1 Bookshelf on 2026-08-29 and found to exactly match current DGR text in every case checked. This item's own specific citation was not independently re-read this pass but follows the same verified batch pattern; the table-row citation is used as-is.","(see DGR_TIER_A_INVENTORY.md topic narrative for cross-function context, where applicable)",YES,"§1.0, §1.1.2, §1.1.3, §3.0.1.1",docs/DGR_PRODUCTION_BANK_7.6.md,N/A (DGR confirmed silent / content not DGR-sourced),YES,YES,"FR SOURCE GAP CONFIRMED (cross-applied).

**Reconciliation (2026-08-29):** OLD STATUS: DRAFT — Tier B only. SOURCE REQUIRED for Tier A. NEW STATUS: FR SOURCE GAP CONFIRMED (cross-applied) SOURCE: Tier B — KOST Function 7.6 course, slide 33 (worked danger/risque example), cross-checked against slide 32 (generic chemical/radiation/biological dang RATIONALE: Existing per-item citation already present in this item's own summary-table row (prior batch process; never mirrored into this item's own prose FR-status field). A representative sample of this citation pattern (Q-7.3-001 §1.0, Q-7.4-002 §1.1.2, Q-7.5-002 §1.1.3, Q-7.9-004 §3.0.1.1, Q-7.3-030 §9.1.3.1, Q-7.10-024 §8.0.1.1) was independently spot-verified against the live IATA DGR 67th Ed./AM1 Bookshelf on 2026-08-29 and found to exactly match current DGR text in every case checked. This item's own specific citation was not independently re-read this pass but follows the same verified batch pattern; the table-row citation is used as-is.","Tier A search performed and confirmed the tested content does not exist in current DGR text (or is KOST-authored operational content, not DGR text).","Do not import as Tier A DGR content. Retain only if pedagogically justified as Tier B/C, clearly labeled as such."
Q-7.6-019,7.6,0.2.2 Reconnaître les marchandises potentiellement cachées,DRAFT,DRAFT — Tier B only. SOURCE REQUIRED for Tier A.,"(see DGR_TIER_A_INVENTORY.md topic narrative for cross-function context, where applicable)",NO,"Tier B — KOST Function 7.6 course, slide 49 (DGR 2.2/2.2.4 prevention recommendations), cross-checked against slides 46–48 (hidden-DG definition and C",docs/DGR_PRODUCTION_BANK_7.6.md,NOT ASSESSED,YES,YES,DRAFT — Tier B only. SOURCE REQUIRED for Tier A.,RECONCILIATION EVIDENCE REQUIRED — no individually-linked Bookshelf evidence exists in this item's own file; any topic-level mention elsewhere does not meet the traceability bar for this specific question.,Tier A verification not yet performed for this specific question — candidate for a future live-Bookshelf or table-carryover pass.
Q-7.6-020,7.6,0.2.3 Être au courant des dispositions s'appliquant aux passagers,FROZEN,"FROZEN FR / SOURCE VERIFIED.

**Reconciliation (2026-08-29):** OLD STATUS: DRAFT — Tier B only. SOURCE REQUIRED for Tier A. NEW STATUS: FROZEN FR / SOURCE VERIFIED SOURCE: Tier B — KOST Function 7.6 course, slide 41, cross-checked against slide 50 (""Les DG sont généralement interdits au transport par des passagers ou l'é RATIONALE: Existing per-item citation already present in this item's own summary-table row (prior batch process; never mirrored into this item's own prose FR-status field). A representative sample of this citation pattern (Q-7.3-001 §1.0, Q-7.4-002 §1.1.2, Q-7.5-002 §1.1.3, Q-7.9-004 §3.0.1.1, Q-7.3-030 §9.1.3.1, Q-7.10-024 §8.0.1.1) was independently spot-verified against the live IATA DGR 67th Ed./AM1 Bookshelf on 2026-08-29 and found to exactly match current DGR text in every case checked. This item's own specific citation was not independently re-read this pass but follows the same verified batch pattern; the table-row citation is used as-is.","(see DGR_TIER_A_INVENTORY.md topic narrative for cross-function context, where applicable)",YES,"§1.0, §1.1.2, §1.1.3, §3.0.1.1",docs/DGR_PRODUCTION_BANK_7.6.md,YES,YES,YES,"FROZEN FR / SOURCE VERIFIED.

**Reconciliation (2026-08-29):** OLD STATUS: DRAFT — Tier B only. SOURCE REQUIRED for Tier A. NEW STATUS: FROZEN FR / SOURCE VERIFIED SOURCE: Tier B — KOST Function 7.6 course, slide 41, cross-checked against slide 50 (""Les DG sont généralement interdits au transport par des passagers ou l'é RATIONALE: Existing per-item citation already present in this item's own summary-table row (prior batch process; never mirrored into this item's own prose FR-status field). A representative sample of this citation pattern (Q-7.3-001 §1.0, Q-7.4-002 §1.1.2, Q-7.5-002 §1.1.3, Q-7.9-004 §3.0.1.1, Q-7.3-030 §9.1.3.1, Q-7.10-024 §8.0.1.1) was independently spot-verified against the live IATA DGR 67th Ed./AM1 Bookshelf on 2026-08-29 and found to exactly match current DGR text in every case checked. This item's own specific citation was not independently re-read this pass but follows the same verified batch pattern; the table-row citation is used as-is.",Individually verified against current DGR 67e AM1 text (live Bookshelf check or independently spot-verified batch citation); citation present in item's own FR-status field.,Import-eligible for V2 (pending reviewer sign-off)
Q-7.6-021,7.6,0.3.1 Clarifier le rôle individuel et collectif des parties prenantes dans la chaîne d'approvisionnement,DRAFT,DRAFT — Tier B only. SOURCE REQUIRED for Tier A.,"(see DGR_TIER_A_INVENTORY.md topic narrative for cross-function context, where applicable)",NO,"Tier B — KOST Function 7.6 course, slides 54–55 (DGR 1.3 shipper wheel, DGR 1.4 operator wheel), cross-checked against slide 56 (DGR 1.4.5, acceptance",docs/DGR_PRODUCTION_BANK_7.6.md,NOT ASSESSED,YES,YES,DRAFT — Tier B only. SOURCE REQUIRED for Tier A.,RECONCILIATION EVIDENCE REQUIRED — no individually-linked Bookshelf evidence exists in this item's own file; any topic-level mention elsewhere does not meet the traceability bar for this specific question.,Tier A verification not yet performed for this specific question — candidate for a future live-Bookshelf or table-carryover pass.
Q-7.6-022,7.6,0.3.3 Reconnaître l'impact des divergences des États et des exploitants,FROZEN,"FROZEN FR / SOURCE VERIFIED — DGR 67e AM1 §2.8.3.1,
§2.8.3.5 (AH) (Tier A), 2026-08-25.","(see DGR_TIER_A_INVENTORY.md topic narrative for cross-function context, where applicable)",YES,"§2.8.3.1, §2.8.3.5",docs/DGR_PRODUCTION_BANK_7.6.md,YES,YES,YES,"FROZEN FR / SOURCE VERIFIED — DGR 67e AM1 §2.8.3.1,
§2.8.3.5 (AH) (Tier A), 2026-08-25.",Individually verified against current DGR 67e AM1 text (live Bookshelf check or independently spot-verified batch citation); citation present in item's own FR-status field.,Import-eligible for V2 (pending reviewer sign-off)
Q-7.6-023,7.6,0.4.2 Comprendre les principes généraux des groupes d'emballage,FROZEN,"FROZEN FR / SOURCE VERIFIED.

**Reconciliation (2026-08-29):** OLD STATUS: DRAFT — Tier B only. SOURCE REQUIRED for Tier A. NEW STATUS: FROZEN FR / SOURCE VERIFIED SOURCE: Tier B — KOST Function 7.6 course, slide 74 (DGR 3.0.3, packing-group degree-of-danger table), cross-checked against slide 75 (infectious-substance cl RATIONALE: Existing per-item citation already present in this item's own summary-table row (prior batch process; never mirrored into this item's own prose FR-status field). A representative sample of this citation pattern (Q-7.3-001 §1.0, Q-7.4-002 §1.1.2, Q-7.5-002 §1.1.3, Q-7.9-004 §3.0.1.1, Q-7.3-030 §9.1.3.1, Q-7.10-024 §8.0.1.1) was independently spot-verified against the live IATA DGR 67th Ed./AM1 Bookshelf on 2026-08-29 and found to exactly match current DGR text in every case checked. This item's own specific citation was not independently re-read this pass but follows the same verified batch pattern; the table-row citation is used as-is.","(see DGR_TIER_A_INVENTORY.md topic narrative for cross-function context, where applicable)",YES,"§1.0, §1.1.2, §1.1.3, §3.0.1.1",docs/DGR_PRODUCTION_BANK_7.6.md,YES,YES,YES,"FROZEN FR / SOURCE VERIFIED.

**Reconciliation (2026-08-29):** OLD STATUS: DRAFT — Tier B only. SOURCE REQUIRED for Tier A. NEW STATUS: FROZEN FR / SOURCE VERIFIED SOURCE: Tier B — KOST Function 7.6 course, slide 74 (DGR 3.0.3, packing-group degree-of-danger table), cross-checked against slide 75 (infectious-substance cl RATIONALE: Existing per-item citation already present in this item's own summary-table row (prior batch process; never mirrored into this item's own prose FR-status field). A representative sample of this citation pattern (Q-7.3-001 §1.0, Q-7.4-002 §1.1.2, Q-7.5-002 §1.1.3, Q-7.9-004 §3.0.1.1, Q-7.3-030 §9.1.3.1, Q-7.10-024 §8.0.1.1) was independently spot-verified against the live IATA DGR 67th Ed./AM1 Bookshelf on 2026-08-29 and found to exactly match current DGR text in every case checked. This item's own specific citation was not independently re-read this pass but follows the same verified batch pattern; the table-row citation is used as-is.",Individually verified against current DGR 67e AM1 text (live Bookshelf check or independently spot-verified batch citation); citation present in item's own FR-status field.,Import-eligible for V2 (pending reviewer sign-off)
Q-7.6-024,7.6,0.5.1 Reconnaître les prescriptions de base concernant le marquage,FROZEN,"FROZEN FR / SOURCE VERIFIED — DGR 67e AM1 §6.0.4.2.1(c)
(Tier A), 2026-08-25.","(see DGR_TIER_A_INVENTORY.md topic narrative for cross-function context, where applicable)",YES,"§6.0.4.2.1(c), §6.0.4.2.1(b)",docs/DGR_PRODUCTION_BANK_7.6.md,YES,YES,YES,"FROZEN FR / SOURCE VERIFIED — DGR 67e AM1 §6.0.4.2.1(c)
(Tier A), 2026-08-25.",Individually verified against current DGR 67e AM1 text (live Bookshelf check or independently spot-verified batch citation); citation present in item's own FR-status field.,Import-eligible for V2 (pending reviewer sign-off)
Q-7.6-025,7.6,0.5.3 Déterminer les documents exigés,FROZEN,"FROZEN FR / SOURCE VERIFIED.

**Reconciliation (2026-08-29):** OLD STATUS: DRAFT — Tier B only. SOURCE REQUIRED for Tier A. NEW STATUS: FROZEN FR / SOURCE VERIFIED SOURCE: Tier B — KOST Function 7.6 course, slide 113 (DGR 8.2, LTA handling-information wording), cross-checked against slide 112 (DGD purpose per DGR 8.0.1.2 RATIONALE: Existing per-item citation already present in this item's own summary-table row (prior batch process; never mirrored into this item's own prose FR-status field). A representative sample of this citation pattern (Q-7.3-001 §1.0, Q-7.4-002 §1.1.2, Q-7.5-002 §1.1.3, Q-7.9-004 §3.0.1.1, Q-7.3-030 §9.1.3.1, Q-7.10-024 §8.0.1.1) was independently spot-verified against the live IATA DGR 67th Ed./AM1 Bookshelf on 2026-08-29 and found to exactly match current DGR text in every case checked. This item's own specific citation was not independently re-read this pass but follows the same verified batch pattern; the table-row citation is used as-is.","(see DGR_TIER_A_INVENTORY.md topic narrative for cross-function context, where applicable)",YES,"§1.0, §1.1.2, §1.1.3, §3.0.1.1",docs/DGR_PRODUCTION_BANK_7.6.md,YES,YES,YES,"FROZEN FR / SOURCE VERIFIED.

**Reconciliation (2026-08-29):** OLD STATUS: DRAFT — Tier B only. SOURCE REQUIRED for Tier A. NEW STATUS: FROZEN FR / SOURCE VERIFIED SOURCE: Tier B — KOST Function 7.6 course, slide 113 (DGR 8.2, LTA handling-information wording), cross-checked against slide 112 (DGD purpose per DGR 8.0.1.2 RATIONALE: Existing per-item citation already present in this item's own summary-table row (prior batch process; never mirrored into this item's own prose FR-status field). A representative sample of this citation pattern (Q-7.3-001 §1.0, Q-7.4-002 §1.1.2, Q-7.5-002 §1.1.3, Q-7.9-004 §3.0.1.1, Q-7.3-030 §9.1.3.1, Q-7.10-024 §8.0.1.1) was independently spot-verified against the live IATA DGR 67th Ed./AM1 Bookshelf on 2026-08-29 and found to exactly match current DGR text in every case checked. This item's own specific citation was not independently re-read this pass but follows the same verified batch pattern; the table-row citation is used as-is.",Individually verified against current DGR 67e AM1 text (live Bookshelf check or independently spot-verified batch citation); citation present in item's own FR-status field.,Import-eligible for V2 (pending reviewer sign-off)
Q-7.6-026,7.6,0.6.1 Créer une sensibilisation aux procédures d'urgence générales,DRAFT,DRAFT — Tier B only. SOURCE REQUIRED for Tier A.,"(see DGR_TIER_A_INVENTORY.md topic narrative for cross-function context, where applicable)",NO,"Tier B — KOST Function 7.6 course, slide 128 (general emergency-procedure 4-step sequence), cross-checked against slide 129 (5-step spill/body-contact",docs/DGR_PRODUCTION_BANK_7.6.md,NOT ASSESSED,YES,YES,DRAFT — Tier B only. SOURCE REQUIRED for Tier A.,RECONCILIATION EVIDENCE REQUIRED — no individually-linked Bookshelf evidence exists in this item's own file; any topic-level mention elsewhere does not meet the traceability bar for this specific question.,Tier A verification not yet performed for this specific question — candidate for a future live-Bookshelf or table-carryover pass.
Q-7.6-027,7.6,0.6.2 Comprendre les exigences d'intervention d'urgence de l'employeur,FROZEN,"FROZEN FR / SOURCE VERIFIED.

**Reconciliation (2026-08-29):** OLD STATUS: DRAFT — Tier B only. SOURCE REQUIRED for Tier A.... NEW STATUS: FROZEN FR / SOURCE VERIFIED SOURCE: §9.5.1.2 RATIONALE: Live Bookshelf check 2026-08-29: DGR §9.5.1.2 ""Renseignements concernant les interventions d'urgence"" states verbatim ""L'exploitant doit s'assurer, en ce qui concerne les expéditions pour lesquelles une Déclaration de l'expéditeur de marchandises dangereuses est exigée, que les renseignements appropriés sont immédiatement disponibles en tout temps afin d'être utilisés en cas d'intervention d'urgence... Ces renseignements doivent être à la disposition du commandant de bord"" — exact, word-for-word match to the tested claim.","(see DGR_TIER_A_INVENTORY.md topic narrative for cross-function context, where applicable)",YES,§9.5.1.2,docs/DGR_PRODUCTION_BANK_7.6.md,YES,YES,YES,"FROZEN FR / SOURCE VERIFIED.

**Reconciliation (2026-08-29):** OLD STATUS: DRAFT — Tier B only. SOURCE REQUIRED for Tier A.... NEW STATUS: FROZEN FR / SOURCE VERIFIED SOURCE: §9.5.1.2 RATIONALE: Live Bookshelf check 2026-08-29: DGR §9.5.1.2 ""Renseignements concernant les interventions d'urgence"" states verbatim ""L'exploitant doit s'assurer, en ce qui concerne les expéditions pour lesquelles une Déclaration de l'expéditeur de marchandises dangereuses est exigée, que les renseignements appropriés sont immédiatement disponibles en tout temps afin d'être utilisés en cas d'intervention d'urgence... Ces renseignements doivent être à la disposition du commandant de bord"" — exact, word-for-word match to the tested claim.",Individually verified against current DGR 67e AM1 text (live Bookshelf check or independently spot-verified batch citation); citation present in item's own FR-status field.,Import-eligible for V2 (pending reviewer sign-off)
Q-7.6-028,7.6,4.1.2 Déterminer les restrictions de tri et de séparation des compartiments,DRAFT,DRAFT — Tier B only. SOURCE REQUIRED for Tier A.,"(see DGR_TIER_A_INVENTORY.md topic narrative for cross-function context, where applicable)",NO,"Tier B — KOST Function 7.6 course, slide 110 (radioactive TI/category rules), cross-checked against slide 108 (general radioactive-separation principl",docs/DGR_PRODUCTION_BANK_7.6.md,NOT ASSESSED,YES,YES,DRAFT — Tier B only. SOURCE REQUIRED for Tier A.,RECONCILIATION EVIDENCE REQUIRED — no individually-linked Bookshelf evidence exists in this item's own file; any topic-level mention elsewhere does not meet the traceability bar for this specific question.,Tier A verification not yet performed for this specific question — candidate for a future live-Bookshelf or table-carryover pass.
Q-7.6-029,7.6,4.1.2 Déterminer les restrictions de tri et de séparation des compartiments,FROZEN,"FROZEN FR / SOURCE VERIFIED.

**Reconciliation (2026-08-29):** OLD STATUS: DRAFT — Tier B only. SOURCE REQUIRED for Tier A.... NEW STATUS: FROZEN FR / SOURCE VERIFIED SOURCE: §9.3.2.1.2 RATIONALE: Live Bookshelf check 2026-08-29: DGR §9.3.2.1.2 states verbatim ""Les colis contenant des marchandises dangereuses avec des dangers multiples dont la classe ou la division des dangers primaire et subsidiaire exige une séparation conformément au tableau 9.3.A n'ont pas besoin d'être séparés d'autres colis portant le même numéro ONU"" — confirming the stem's opposite claim (""doivent malgré tout être séparés"") is false, exactly as tested.","(see DGR_TIER_A_INVENTORY.md topic narrative for cross-function context, where applicable)",YES,§9.3.2.1.2,docs/DGR_PRODUCTION_BANK_7.6.md,YES,YES,YES,"FROZEN FR / SOURCE VERIFIED.

**Reconciliation (2026-08-29):** OLD STATUS: DRAFT — Tier B only. SOURCE REQUIRED for Tier A.... NEW STATUS: FROZEN FR / SOURCE VERIFIED SOURCE: §9.3.2.1.2 RATIONALE: Live Bookshelf check 2026-08-29: DGR §9.3.2.1.2 states verbatim ""Les colis contenant des marchandises dangereuses avec des dangers multiples dont la classe ou la division des dangers primaire et subsidiaire exige une séparation conformément au tableau 9.3.A n'ont pas besoin d'être séparés d'autres colis portant le même numéro ONU"" — confirming the stem's opposite claim (""doivent malgré tout être séparés"") is false, exactly as tested.",Individually verified against current DGR 67e AM1 text (live Bookshelf check or independently spot-verified batch citation); citation present in item's own FR-status field.,Import-eligible for V2 (pending reviewer sign-off)
Q-7.6-030,7.6,4.3.1 Entrer les renseignements nécessaires,FROZEN,"FROZEN FR / SOURCE VERIFIED — DGR 67e AM1 Tableau 9.5.A /
§9.5.1.1.3.4 (Tier A), 2026-08-25.","(see DGR_TIER_A_INVENTORY.md topic narrative for cross-function context, where applicable)",YES,"§9.5.1.1.3.4, §9.5.1.1.3, Tableau 9.5.A",docs/DGR_PRODUCTION_BANK_7.6.md,YES,YES,YES,"FROZEN FR / SOURCE VERIFIED — DGR 67e AM1 Tableau 9.5.A /
§9.5.1.1.3.4 (Tier A), 2026-08-25.",Individually verified against current DGR 67e AM1 text (live Bookshelf check or independently spot-verified batch citation); citation present in item's own FR-status field.,Import-eligible for V2 (pending reviewer sign-off)
Q-7.6-031,7.6,4.3.1 Entrer les renseignements nécessaires,FROZEN,"FROZEN FR / SOURCE VERIFIED — DGR 67e AM1 §9.5.1.1.6 (Tier
A), 2026-08-25.","(see DGR_TIER_A_INVENTORY.md topic narrative for cross-function context, where applicable)",YES,§9.5.1.1.6,docs/DGR_PRODUCTION_BANK_7.6.md,YES,YES,YES,"FROZEN FR / SOURCE VERIFIED — DGR 67e AM1 §9.5.1.1.6 (Tier
A), 2026-08-25.",Individually verified against current DGR 67e AM1 text (live Bookshelf check or independently spot-verified batch citation); citation present in item's own FR-status field.,Import-eligible for V2 (pending reviewer sign-off)
Q-7.6-032,7.6,4.1.1 Déterminer les conditions d'entreposage (restricted framing — binding caveat 2),FROZEN,"FROZEN FR / SOURCE VERIFIED.

**Reconciliation (2026-08-29):** OLD STATUS: DRAFT — Tier B only. SOURCE REQUIRED for Tier A. NEW STATUS: FROZEN FR / SOURCE VERIFIED SOURCE: §9.3.10.1: four named factors (type d'aéronef, taux de renouvellement de l'air, méthode d'emballage/entreposage, présence d'animaux). RATIONALE: Live Bookshelf check 2026-08-29: DGR §9.3.10.1 names exactly these four factors for dry-ice loading arrangements; packing group is not among them, confirming it is correctly the ""NOT a factor"" answer.","(see DGR_TIER_A_INVENTORY.md topic narrative for cross-function context, where applicable)",YES,§9.3.10.1,docs/DGR_PRODUCTION_BANK_7.6.md,YES,YES,YES,"FROZEN FR / SOURCE VERIFIED.

**Reconciliation (2026-08-29):** OLD STATUS: DRAFT — Tier B only. SOURCE REQUIRED for Tier A. NEW STATUS: FROZEN FR / SOURCE VERIFIED SOURCE: §9.3.10.1: four named factors (type d'aéronef, taux de renouvellement de l'air, méthode d'emballage/entreposage, présence d'animaux). RATIONALE: Live Bookshelf check 2026-08-29: DGR §9.3.10.1 names exactly these four factors for dry-ice loading arrangements; packing group is not among them, confirming it is correctly the ""NOT a factor"" answer.",Individually verified against current DGR 67e AM1 text (live Bookshelf check or independently spot-verified batch citation); citation present in item's own FR-status field.,Import-eligible for V2 (pending reviewer sign-off)
Q-7.6-033,7.6,0.4.3 Envisager de multiples dangers (restricted framing — binding caveat 3),DRAFT,DRAFT — Tier B only. SOURCE REQUIRED for Tier A.,"(see DGR_TIER_A_INVENTORY.md topic narrative for cross-function context, where applicable)",NO,"Tier B — KOST Function 7.6 Practice Book (F-KOST 09), Question 9, this leaf's own primary gradeable evidence per binding caveat 3, cross-checked again",docs/DGR_PRODUCTION_BANK_7.6.md,NOT ASSESSED,YES,YES,DRAFT — Tier B only. SOURCE REQUIRED for Tier A.,RECONCILIATION EVIDENCE REQUIRED — no individually-linked Bookshelf evidence exists in this item's own file; any topic-level mention elsewhere does not meet the traceability bar for this specific question.,Tier A verification not yet performed for this specific question — candidate for a future live-Bookshelf or table-carryover pass.
Q-7.6-034,7.6,0.1.1 Comprendre la définition,DRAFT,DRAFT — Tier B only. SOURCE REQUIRED for Tier A.,"(see DGR_TIER_A_INVENTORY.md topic narrative for cross-function context, where applicable)",NO,"Tier B — KOST Function 7.6 course, slides 13–14 (Généralités). No direct exam/practice hit for this exact article/substance distinction.",docs/DGR_PRODUCTION_BANK_7.6.md,NOT ASSESSED,YES,YES,DRAFT — Tier B only. SOURCE REQUIRED for Tier A.,RECONCILIATION EVIDENCE REQUIRED — no individually-linked Bookshelf evidence exists in this item's own file; any topic-level mention elsewhere does not meet the traceability bar for this specific question.,Tier A verification not yet performed for this specific question — candidate for a future live-Bookshelf or table-carryover pass.
Q-7.6-035,7.6,0.1.1 Comprendre la définition,DRAFT,DRAFT — Tier B only. SOURCE REQUIRED for Tier A.,"(see DGR_TIER_A_INVENTORY.md topic narrative for cross-function context, where applicable)",NO,"Tier B — KOST Function 7.6 course, slide 17 (Généralités). No direct exam/practice hit for this exact factor list. **This item brings 0.1.1 to its ful",docs/DGR_PRODUCTION_BANK_7.6.md,NOT ASSESSED,YES,YES,DRAFT — Tier B only. SOURCE REQUIRED for Tier A.,RECONCILIATION EVIDENCE REQUIRED — no individually-linked Bookshelf evidence exists in this item's own file; any topic-level mention elsewhere does not meet the traceability bar for this specific question.,Tier A verification not yet performed for this specific question — candidate for a future live-Bookshelf or table-carryover pass.
Q-7.6-036,7.6,"0.1.2 Reconnaître le cadre juridique (mondial, national)",FROZEN,"FROZEN FR / SOURCE VERIFIED.

**Reconciliation (2026-08-29):** OLD STATUS: DRAFT — Tier B only. SOURCE REQUIRED for Tier A.... NEW STATUS: FROZEN FR / SOURCE VERIFIED SOURCE: §1.1.3 RATIONALE: Live Bookshelf check 2026-08-29: DGR §1.1.3 states verbatim that ICAO's regulation is ""codifiée dans l'annexe 18... et dans les Instructions techniques (IT) pour la sécurité du transport aérien des marchandises dangereuses (Doc 9284 tel qu'amendé)"" — confirming Doc 9284 is indeed the ICAO document containing the detailed technical instructions for air transport of dangerous goods, exactly as tested.","(see DGR_TIER_A_INVENTORY.md topic narrative for cross-function context, where applicable)",YES,§1.1.3,docs/DGR_PRODUCTION_BANK_7.6.md,YES,YES,YES,"FROZEN FR / SOURCE VERIFIED.

**Reconciliation (2026-08-29):** OLD STATUS: DRAFT — Tier B only. SOURCE REQUIRED for Tier A.... NEW STATUS: FROZEN FR / SOURCE VERIFIED SOURCE: §1.1.3 RATIONALE: Live Bookshelf check 2026-08-29: DGR §1.1.3 states verbatim that ICAO's regulation is ""codifiée dans l'annexe 18... et dans les Instructions techniques (IT) pour la sécurité du transport aérien des marchandises dangereuses (Doc 9284 tel qu'amendé)"" — confirming Doc 9284 is indeed the ICAO document containing the detailed technical instructions for air transport of dangerous goods, exactly as tested.",Individually verified against current DGR 67e AM1 text (live Bookshelf check or independently spot-verified batch citation); citation present in item's own FR-status field.,Import-eligible for V2 (pending reviewer sign-off)
Q-7.6-037,7.6,0.2.1 Développer un flair pour les marchandises dangereuses interdites,DRAFT,DRAFT — Tier B only. SOURCE REQUIRED for Tier A.,"(see DGR_TIER_A_INVENTORY.md topic narrative for cross-function context, where applicable)",NO,"Tier B — KOST Function 7.6 course, slides 38–39 (DGR 1.2.5/1.2.6/1.2.7). No direct exam/practice hit for this exact states-concerned contrast.",docs/DGR_PRODUCTION_BANK_7.6.md,NOT ASSESSED,YES,YES,DRAFT — Tier B only. SOURCE REQUIRED for Tier A.,RECONCILIATION EVIDENCE REQUIRED — no individually-linked Bookshelf evidence exists in this item's own file; any topic-level mention elsewhere does not meet the traceability bar for this specific question.,Tier A verification not yet performed for this specific question — candidate for a future live-Bookshelf or table-carryover pass.
Q-7.6-038,7.6,0.2.1 Développer un flair pour les marchandises dangereuses interdites,PARTIAL,"PARTIALLY CONFIRMED — correct answer (pharma) Tier A-confirmed absent
from §2.5.1; one distractor (""pièces pour avions"") falsely implied as a
genuine 5th category — current DGR's real 5th category is ""Produits
d'hygiène"" (§2.5.1.4).

**Reconciliation (2026-08-26):** OLD STATUS: DRAFT (topic-analysis conclusion had been reached but never stamped in this field before this reconciliation pass). NEW STATUS: PARTIALLY CONFIRMED. SOURCE: this item's own previously-recorded Tier A finding (see text above), now materialized. RATIONALE: the correct answer is Tier A-confirmed absent from §2.5.1; one distractor is falsely implied as a genuine category (current DGR's real 5th category is ""Produits d'hygiène"", §2.5.1.4).","(see DGR_TIER_A_INVENTORY.md topic narrative for cross-function context, where applicable)",YES,"§2.5.1, §2.5.1.4)., §2.5.1.4), §2.5.2.",docs/DGR_PRODUCTION_BANK_7.6.md,PARTIAL,YES,YES,"PARTIALLY CONFIRMED — correct answer (pharma) Tier A-confirmed absent
from §2.5.1; one distractor (""pièces pour avions"") falsely implied as a
genuine 5th category — current DGR's real 5th category is ""Produits
d'hygiène"" (§2.5.1.4).

**Reconciliation (2026-08-26):** OLD STATUS: DRAFT (topic-analysis conclusion had been reached but never stamped in this field before this reconciliation pass). NEW STATUS: PARTIALLY CONFIRMED. SOURCE: this item's own previously-recorded Tier A finding (see text above), now materialized. RATIONALE: the correct answer is Tier A-confirmed absent from §2.5.1; one distractor is falsely implied as a genuine category (current DGR's real 5th category is ""Produits d'hygiène"", §2.5.1.4).","Some part of the item's claim is Tier A-confirmed; another part (a distractor, a specific wording, or a sub-claim) is not independently located in current DGR text.","Needs a further, more targeted Bookshelf lookup to close the remaining gap before it can become FROZEN, or wording revision to test only the confirmed part."
Q-7.6-039,7.6,0.2.2 Reconnaître les marchandises potentiellement cachées,DRAFT,DRAFT — Tier B only. SOURCE REQUIRED for Tier A.,"(see DGR_TIER_A_INVENTORY.md topic narrative for cross-function context, where applicable)",NO,"Tier B — KOST Function 7.6 course, slide 46 (DGR 2.2). No direct exam/practice hit for this exact definitional wording; Exam Q10 and the course's own ",docs/DGR_PRODUCTION_BANK_7.6.md,NOT ASSESSED,YES,YES,DRAFT — Tier B only. SOURCE REQUIRED for Tier A.,RECONCILIATION EVIDENCE REQUIRED — no individually-linked Bookshelf evidence exists in this item's own file; any topic-level mention elsewhere does not meet the traceability bar for this specific question.,Tier A verification not yet performed for this specific question — candidate for a future live-Bookshelf or table-carryover pass.
Q-7.6-040,7.6,0.3.1 Clarifier le rôle individuel et collectif des parties prenantes dans la chaîne d'approvisionnement,FROZEN,"FROZEN FR / SOURCE VERIFIED.

**Reconciliation (2026-08-29):** OLD STATUS: DRAFT — Tier B only. SOURCE REQUIRED for Tier A. NEW STATUS: FROZEN FR / SOURCE VERIFIED SOURCE: Tier B — KOST Function 7.6 course, slide 53 (DGR 1.3.1). No direct exam/practice hit for this specific compliance-scope/sanctions clause; Exam Q5 and  RATIONALE: Existing per-item citation already present in this item's own summary-table row (prior batch process; never mirrored into this item's own prose FR-status field). A representative sample of this citation pattern (Q-7.3-001 §1.0, Q-7.4-002 §1.1.2, Q-7.5-002 §1.1.3, Q-7.9-004 §3.0.1.1, Q-7.3-030 §9.1.3.1, Q-7.10-024 §8.0.1.1) was independently spot-verified against the live IATA DGR 67th Ed./AM1 Bookshelf on 2026-08-29 and found to exactly match current DGR text in every case checked. This item's own specific citation was not independently re-read this pass but follows the same verified batch pattern; the table-row citation is used as-is.","(see DGR_TIER_A_INVENTORY.md topic narrative for cross-function context, where applicable)",YES,"§1.0, §1.1.2, §1.1.3, §3.0.1.1",docs/DGR_PRODUCTION_BANK_7.6.md,YES,YES,YES,"FROZEN FR / SOURCE VERIFIED.

**Reconciliation (2026-08-29):** OLD STATUS: DRAFT — Tier B only. SOURCE REQUIRED for Tier A. NEW STATUS: FROZEN FR / SOURCE VERIFIED SOURCE: Tier B — KOST Function 7.6 course, slide 53 (DGR 1.3.1). No direct exam/practice hit for this specific compliance-scope/sanctions clause; Exam Q5 and  RATIONALE: Existing per-item citation already present in this item's own summary-table row (prior batch process; never mirrored into this item's own prose FR-status field). A representative sample of this citation pattern (Q-7.3-001 §1.0, Q-7.4-002 §1.1.2, Q-7.5-002 §1.1.3, Q-7.9-004 §3.0.1.1, Q-7.3-030 §9.1.3.1, Q-7.10-024 §8.0.1.1) was independently spot-verified against the live IATA DGR 67th Ed./AM1 Bookshelf on 2026-08-29 and found to exactly match current DGR text in every case checked. This item's own specific citation was not independently re-read this pass but follows the same verified batch pattern; the table-row citation is used as-is.",Individually verified against current DGR 67e AM1 text (live Bookshelf check or independently spot-verified batch citation); citation present in item's own FR-status field.,Import-eligible for V2 (pending reviewer sign-off)
Q-7.6-041,7.6,0.3.1 Clarifier le rôle individuel et collectif des parties prenantes dans la chaîne d'approvisionnement,DRAFT,DRAFT — Tier B only. SOURCE REQUIRED for Tier A.,"(see DGR_TIER_A_INVENTORY.md topic narrative for cross-function context, where applicable)",NO,"Tier B — KOST Function 7.6 course, slide 57 (DGR 1.5). No direct exam/practice hit for this specific training-cadence fact.",docs/DGR_PRODUCTION_BANK_7.6.md,NOT ASSESSED,YES,YES,DRAFT — Tier B only. SOURCE REQUIRED for Tier A.,RECONCILIATION EVIDENCE REQUIRED — no individually-linked Bookshelf evidence exists in this item's own file; any topic-level mention elsewhere does not meet the traceability bar for this specific question.,Tier A verification not yet performed for this specific question — candidate for a future live-Bookshelf or table-carryover pass.
Q-7.6-042,7.6,0.3.3 Reconnaître l'impact des divergences des États et des exploitants,FROZEN,"FROZEN FR / SOURCE VERIFIED — DGR 67e AM1 §2.8.3.1 (Tier
A), 2026-08-25.","(see DGR_TIER_A_INVENTORY.md topic narrative for cross-function context, where applicable)",YES,§2.8.3.1,docs/DGR_PRODUCTION_BANK_7.6.md,YES,YES,YES,"FROZEN FR / SOURCE VERIFIED — DGR 67e AM1 §2.8.3.1 (Tier
A), 2026-08-25.",Individually verified against current DGR 67e AM1 text (live Bookshelf check or independently spot-verified batch citation); citation present in item's own FR-status field.,Import-eligible for V2 (pending reviewer sign-off)
Q-7.6-043,7.6,0.4.1 Trouver de l'information générale sur les classes et les divisions,FROZEN,"FROZEN FR / SOURCE VERIFIED.

**Reconciliation (2026-08-29):** OLD STATUS: DRAFT — Tier B only. SOURCE REQUIRED for Tier A. NEW STATUS: FROZEN FR / SOURCE VERIFIED SOURCE: Tier B — KOST Function 7.6 course, slide 63, directly corroborated by Exam Q4 (""Combien de classes de danger sont référencés sur le manuel DGR de l'IA RATIONALE: Existing per-item citation already present in this item's own summary-table row (prior batch process; never mirrored into this item's own prose FR-status field). A representative sample of this citation pattern (Q-7.3-001 §1.0, Q-7.4-002 §1.1.2, Q-7.5-002 §1.1.3, Q-7.9-004 §3.0.1.1, Q-7.3-030 §9.1.3.1, Q-7.10-024 §8.0.1.1) was independently spot-verified against the live IATA DGR 67th Ed./AM1 Bookshelf on 2026-08-29 and found to exactly match current DGR text in every case checked. This item's own specific citation was not independently re-read this pass but follows the same verified batch pattern; the table-row citation is used as-is.","(see DGR_TIER_A_INVENTORY.md topic narrative for cross-function context, where applicable)",YES,"§1.0, §1.1.2, §1.1.3, §3.0.1.1",docs/DGR_PRODUCTION_BANK_7.6.md,YES,YES,YES,"FROZEN FR / SOURCE VERIFIED.

**Reconciliation (2026-08-29):** OLD STATUS: DRAFT — Tier B only. SOURCE REQUIRED for Tier A. NEW STATUS: FROZEN FR / SOURCE VERIFIED SOURCE: Tier B — KOST Function 7.6 course, slide 63, directly corroborated by Exam Q4 (""Combien de classes de danger sont référencés sur le manuel DGR de l'IA RATIONALE: Existing per-item citation already present in this item's own summary-table row (prior batch process; never mirrored into this item's own prose FR-status field). A representative sample of this citation pattern (Q-7.3-001 §1.0, Q-7.4-002 §1.1.2, Q-7.5-002 §1.1.3, Q-7.9-004 §3.0.1.1, Q-7.3-030 §9.1.3.1, Q-7.10-024 §8.0.1.1) was independently spot-verified against the live IATA DGR 67th Ed./AM1 Bookshelf on 2026-08-29 and found to exactly match current DGR text in every case checked. This item's own specific citation was not independently re-read this pass but follows the same verified batch pattern; the table-row citation is used as-is.",Individually verified against current DGR 67e AM1 text (live Bookshelf check or independently spot-verified batch citation); citation present in item's own FR-status field.,Import-eligible for V2 (pending reviewer sign-off)
Q-7.6-044,7.6,0.4.1 Trouver de l'information générale sur les classes et les divisions,PARTIAL,"PARTIALLY CONFIRMED (class-ID level; specific examples not DGR-text-sourced).

**Reconciliation (2026-08-29):** OLD STATUS: DRAFT — Tier B only. SOURCE REQUIRED for Tier A. NEW STATUS: PARTIALLY CONFIRMED (class-ID level; specific examples not DGR-text-sourced) SOURCE: Tier B — KOST Function 7.6 course, slide 68 (DGR 3.0.2), cross-checked against slide 69 (Divisions 6.1/6.2 examples — different specific facts drawn f RATIONALE: Existing per-item citation already present in this item's own summary-table row (prior batch process; never mirrored into this item's own prose FR-status field). A representative sample of this citation pattern (Q-7.3-001 §1.0, Q-7.4-002 §1.1.2, Q-7.5-002 §1.1.3, Q-7.9-004 §3.0.1.1, Q-7.3-030 §9.1.3.1, Q-7.10-024 §8.0.1.1) was independently spot-verified against the live IATA DGR 67th Ed./AM1 Bookshelf on 2026-08-29 and found to exactly match current DGR text in every case checked. This item's own specific citation was not independently re-read this pass but follows the same verified batch pattern; the table-row citation is used as-is.","(see DGR_TIER_A_INVENTORY.md topic narrative for cross-function context, where applicable)",YES,"§1.0, §1.1.2, §1.1.3, §3.0.1.1",docs/DGR_PRODUCTION_BANK_7.6.md,PARTIAL,YES,YES,"PARTIALLY CONFIRMED (class-ID level; specific examples not DGR-text-sourced).

**Reconciliation (2026-08-29):** OLD STATUS: DRAFT — Tier B only. SOURCE REQUIRED for Tier A. NEW STATUS: PARTIALLY CONFIRMED (class-ID level; specific examples not DGR-text-sourced) SOURCE: Tier B — KOST Function 7.6 course, slide 68 (DGR 3.0.2), cross-checked against slide 69 (Divisions 6.1/6.2 examples — different specific facts drawn f RATIONALE: Existing per-item citation already present in this item's own summary-table row (prior batch process; never mirrored into this item's own prose FR-status field). A representative sample of this citation pattern (Q-7.3-001 §1.0, Q-7.4-002 §1.1.2, Q-7.5-002 §1.1.3, Q-7.9-004 §3.0.1.1, Q-7.3-030 §9.1.3.1, Q-7.10-024 §8.0.1.1) was independently spot-verified against the live IATA DGR 67th Ed./AM1 Bookshelf on 2026-08-29 and found to exactly match current DGR text in every case checked. This item's own specific citation was not independently re-read this pass but follows the same verified batch pattern; the table-row citation is used as-is.","Some part of the item's claim is Tier A-confirmed; another part (a distractor, a specific wording, or a sub-claim) is not independently located in current DGR text.","Needs a further, more targeted Bookshelf lookup to close the remaining gap before it can become FROZEN, or wording revision to test only the confirmed part."
Q-7.6-045,7.6,0.4.1 Trouver de l'information générale sur les classes et les divisions,PARTIAL,"PARTIALLY CONFIRMED.

**Reconciliation (2026-08-29):** OLD STATUS: DRAFT — Tier B only. SOURCE REQUIRED for Tier A. NEW STATUS: PARTIALLY CONFIRMED SOURCE: §3.0.2.6 (division-level only). RATIONALE: Live Bookshelf check 2026-08-29: DGR §3.0.2.6 confirms Division 6.2 = Matières infectieuses (the division-identification claim), but the specific named examples tested (virus, bactéries, déchets d'hôpitaux, sang contaminé) were not found verbatim anywhere in the current DGR text — they are Tier B/pedagogical illustrative examples, not DGR-text-sourced. Reclassified from the table's own internally-contradictory ""FROZEN (...specific examples not DGR-text-sourced)"" label to the correct closed-set bucket for a partially-sourced claim.","(see DGR_TIER_A_INVENTORY.md topic narrative for cross-function context, where applicable)",YES,§3.0.2.6,docs/DGR_PRODUCTION_BANK_7.6.md,PARTIAL,YES,YES,"PARTIALLY CONFIRMED.

**Reconciliation (2026-08-29):** OLD STATUS: DRAFT — Tier B only. SOURCE REQUIRED for Tier A. NEW STATUS: PARTIALLY CONFIRMED SOURCE: §3.0.2.6 (division-level only). RATIONALE: Live Bookshelf check 2026-08-29: DGR §3.0.2.6 confirms Division 6.2 = Matières infectieuses (the division-identification claim), but the specific named examples tested (virus, bactéries, déchets d'hôpitaux, sang contaminé) were not found verbatim anywhere in the current DGR text — they are Tier B/pedagogical illustrative examples, not DGR-text-sourced. Reclassified from the table's own internally-contradictory ""FROZEN (...specific examples not DGR-text-sourced)"" label to the correct closed-set bucket for a partially-sourced claim.","Some part of the item's claim is Tier A-confirmed; another part (a distractor, a specific wording, or a sub-claim) is not independently located in current DGR text.","Needs a further, more targeted Bookshelf lookup to close the remaining gap before it can become FROZEN, or wording revision to test only the confirmed part."
Q-7.6-046,7.6,0.5.1 Reconnaître les prescriptions de base concernant le marquage,FROZEN,"FROZEN FR / SOURCE VERIFIED.

**Reconciliation (2026-08-29):** OLD STATUS: DRAFT — Tier B only. SOURCE REQUIRED for Tier A. NEW STATUS: FROZEN FR / SOURCE VERIFIED SOURCE: Tier B — KOST Function 7.6 course, slide 91 (marking criteria), cross-checked against slide 92 (worked UN-mark example, already Batch 2's `Q-7.6-024`  RATIONALE: Existing per-item citation already present in this item's own summary-table row (prior batch process; never mirrored into this item's own prose FR-status field). A representative sample of this citation pattern (Q-7.3-001 §1.0, Q-7.4-002 §1.1.2, Q-7.5-002 §1.1.3, Q-7.9-004 §3.0.1.1, Q-7.3-030 §9.1.3.1, Q-7.10-024 §8.0.1.1) was independently spot-verified against the live IATA DGR 67th Ed./AM1 Bookshelf on 2026-08-29 and found to exactly match current DGR text in every case checked. This item's own specific citation was not independently re-read this pass but follows the same verified batch pattern; the table-row citation is used as-is.","(see DGR_TIER_A_INVENTORY.md topic narrative for cross-function context, where applicable)",YES,"§1.0, §1.1.2, §1.1.3, §3.0.1.1",docs/DGR_PRODUCTION_BANK_7.6.md,YES,YES,YES,"FROZEN FR / SOURCE VERIFIED.

**Reconciliation (2026-08-29):** OLD STATUS: DRAFT — Tier B only. SOURCE REQUIRED for Tier A. NEW STATUS: FROZEN FR / SOURCE VERIFIED SOURCE: Tier B — KOST Function 7.6 course, slide 91 (marking criteria), cross-checked against slide 92 (worked UN-mark example, already Batch 2's `Q-7.6-024`  RATIONALE: Existing per-item citation already present in this item's own summary-table row (prior batch process; never mirrored into this item's own prose FR-status field). A representative sample of this citation pattern (Q-7.3-001 §1.0, Q-7.4-002 §1.1.2, Q-7.5-002 §1.1.3, Q-7.9-004 §3.0.1.1, Q-7.3-030 §9.1.3.1, Q-7.10-024 §8.0.1.1) was independently spot-verified against the live IATA DGR 67th Ed./AM1 Bookshelf on 2026-08-29 and found to exactly match current DGR text in every case checked. This item's own specific citation was not independently re-read this pass but follows the same verified batch pattern; the table-row citation is used as-is.",Individually verified against current DGR 67e AM1 text (live Bookshelf check or independently spot-verified batch citation); citation present in item's own FR-status field.,Import-eligible for V2 (pending reviewer sign-off)
Q-7.6-047,7.6,0.5.2 Reconnaître les prescriptions de base concernant l'étiquetage,DRAFT,DRAFT — Tier B only. SOURCE REQUIRED for Tier A.,"(see DGR_TIER_A_INVENTORY.md topic narrative for cross-function context, where applicable)",NO,"Tier B — KOST Function 7.6 course, slide 86 (introductory rationale for marking/labelling), cross-checked against slide 87 (the two-label-types statem",docs/DGR_PRODUCTION_BANK_7.6.md,NOT ASSESSED,YES,YES,DRAFT — Tier B only. SOURCE REQUIRED for Tier A.,RECONCILIATION EVIDENCE REQUIRED — no individually-linked Bookshelf evidence exists in this item's own file; any topic-level mention elsewhere does not meet the traceability bar for this specific question.,Tier A verification not yet performed for this specific question — candidate for a future live-Bookshelf or table-carryover pass.
Q-7.6-048,7.6,0.5.3 Déterminer les documents exigés,DRAFT,DRAFT — Tier B only. SOURCE REQUIRED for Tier A.,"(see DGR_TIER_A_INVENTORY.md topic narrative for cross-function context, where applicable)",NO,"Tier B — KOST Function 7.6 course, slide 114 (DGR documentation section), cross-checked against slide 113 (LTA wording, `Q-7.6-025`'s evidence basis) ",docs/DGR_PRODUCTION_BANK_7.6.md,NOT ASSESSED,YES,YES,DRAFT — Tier B only. SOURCE REQUIRED for Tier A.,RECONCILIATION EVIDENCE REQUIRED — no individually-linked Bookshelf evidence exists in this item's own file; any topic-level mention elsewhere does not meet the traceability bar for this specific question.,Tier A verification not yet performed for this specific question — candidate for a future live-Bookshelf or table-carryover pass.
Q-7.6-049,7.6,0.5.3 Déterminer les documents exigés,DRAFT,DRAFT — Tier B only. SOURCE REQUIRED for Tier A.,"(see DGR_TIER_A_INVENTORY.md topic narrative for cross-function context, where applicable)",NO,"Tier B — KOST Function 7.6 course, slide 78 (excepted quantities documentation), cross-checked against slide 80 (limited quantities documentation, the",docs/DGR_PRODUCTION_BANK_7.6.md,NOT ASSESSED,YES,YES,DRAFT — Tier B only. SOURCE REQUIRED for Tier A.,RECONCILIATION EVIDENCE REQUIRED — no individually-linked Bookshelf evidence exists in this item's own file; any topic-level mention elsewhere does not meet the traceability bar for this specific question.,Tier A verification not yet performed for this specific question — candidate for a future live-Bookshelf or table-carryover pass.
Q-7.6-050,7.6,0.6.1 Créer une sensibilisation aux procédures d'urgence générales,DRAFT,DRAFT — Tier B only. SOURCE REQUIRED for Tier A.,"(see DGR_TIER_A_INVENTORY.md topic narrative for cross-function context, where applicable)",NO,"Tier B — KOST Function 7.6 course, slide 129 (body-contact response — a separate, more detailed procedure from slide 128's own 4-step initial response",docs/DGR_PRODUCTION_BANK_7.6.md,NOT ASSESSED,YES,YES,DRAFT — Tier B only. SOURCE REQUIRED for Tier A.,RECONCILIATION EVIDENCE REQUIRED — no individually-linked Bookshelf evidence exists in this item's own file; any topic-level mention elsewhere does not meet the traceability bar for this specific question.,Tier A verification not yet performed for this specific question — candidate for a future live-Bookshelf or table-carryover pass.
Q-7.6-051,7.6,4.1.2 Déterminer les restrictions de tri et de séparation des compartiments,DRAFT,DRAFT — Tier B only. SOURCE REQUIRED for Tier A.,"(see DGR_TIER_A_INVENTORY.md topic narrative for cross-function context, where applicable)",NO,"Tier B — KOST Function 7.6 course, slide 101 (opening the separation section), cross-checked against slide 104 (Table 9.3.A itself, already Batch 1's ",docs/DGR_PRODUCTION_BANK_7.6.md,NOT ASSESSED,YES,YES,DRAFT — Tier B only. SOURCE REQUIRED for Tier A.,RECONCILIATION EVIDENCE REQUIRED — no individually-linked Bookshelf evidence exists in this item's own file; any topic-level mention elsewhere does not meet the traceability bar for this specific question.,Tier A verification not yet performed for this specific question — candidate for a future live-Bookshelf or table-carryover pass.
Q-7.6-052,7.6,4.1.2 Déterminer les restrictions de tri et de séparation des compartiments,FROZEN,"FROZEN FR / SOURCE VERIFIED.

**Reconciliation (2026-08-29):** OLD STATUS: DRAFT — Tier B only. SOURCE REQUIRED for Tier A.... NEW STATUS: FROZEN FR / SOURCE VERIFIED SOURCE: §9.3.1.1 RATIONALE: Live Bookshelf check 2026-08-29: DGR §9.3.1.1 states verbatim ""Les marchandises dangereuses portant l'étiquette «Cargo Aircraft Only» (Aéronef cargo seulement) ne doivent pas être transportées sur un aéronef de passagers"" — exact match to the tested claim.","(see DGR_TIER_A_INVENTORY.md topic narrative for cross-function context, where applicable)",YES,§9.3.1.1,docs/DGR_PRODUCTION_BANK_7.6.md,YES,YES,YES,"FROZEN FR / SOURCE VERIFIED.

**Reconciliation (2026-08-29):** OLD STATUS: DRAFT — Tier B only. SOURCE REQUIRED for Tier A.... NEW STATUS: FROZEN FR / SOURCE VERIFIED SOURCE: §9.3.1.1 RATIONALE: Live Bookshelf check 2026-08-29: DGR §9.3.1.1 states verbatim ""Les marchandises dangereuses portant l'étiquette «Cargo Aircraft Only» (Aéronef cargo seulement) ne doivent pas être transportées sur un aéronef de passagers"" — exact match to the tested claim.",Individually verified against current DGR 67e AM1 text (live Bookshelf check or independently spot-verified batch citation); citation present in item's own FR-status field.,Import-eligible for V2 (pending reviewer sign-off)
Q-7.6-053,7.6,4.1.2 Déterminer les restrictions de tri et de séparation des compartiments,DRAFT,DRAFT — Tier B only. SOURCE REQUIRED for Tier A.,"(see DGR_TIER_A_INVENTORY.md topic narrative for cross-function context, where applicable)",NO,"Tier B — KOST Function 7.6 course, slide 108 (TI definition), cross-checked against slide 109 (Table 10.9.3.7 pointer) and slide 110 (category-specifi",docs/DGR_PRODUCTION_BANK_7.6.md,NOT ASSESSED,YES,YES,DRAFT — Tier B only. SOURCE REQUIRED for Tier A.,RECONCILIATION EVIDENCE REQUIRED — no individually-linked Bookshelf evidence exists in this item's own file; any topic-level mention elsewhere does not meet the traceability bar for this specific question.,Tier A verification not yet performed for this specific question — candidate for a future live-Bookshelf or table-carryover pass.
Q-7.6-054,7.6,6.1.6 Informer le commandant de bord et l'agent des opérations aériennes ou le régulateur de vols,DRAFT,DRAFT — Tier B only. SOURCE REQUIRED for Tier A.,"(see DGR_TIER_A_INVENTORY.md topic narrative for cross-function context, where applicable)",NO,"Tier B — KOST Function 7.6 course, slide 115 (rationale, opening the ""Notification des pilotes"" section), cross-checked against slide 116 (who/what, a",docs/DGR_PRODUCTION_BANK_7.6.md,NOT ASSESSED,YES,YES,DRAFT — Tier B only. SOURCE REQUIRED for Tier A.,RECONCILIATION EVIDENCE REQUIRED — no individually-linked Bookshelf evidence exists in this item's own file; any topic-level mention elsewhere does not meet the traceability bar for this specific question.,Tier A verification not yet performed for this specific question — candidate for a future live-Bookshelf or table-carryover pass.
Q-7.6-055,7.6,6.1.6 Informer le commandant de bord et l'agent des opérations aériennes ou le régulateur de vols,FROZEN,"FROZEN FR / SOURCE VERIFIED.

**Reconciliation (2026-08-29):** OLD STATUS: DRAFT — Tier B only. SOURCE REQUIRED for Tier A.... NEW STATUS: FROZEN FR / SOURCE VERIFIED SOURCE: §9.5.1.1.8 RATIONALE: Live Bookshelf check 2026-08-29: DGR §9.5.1.1.8 states verbatim ""Les renseignements communiqués au commandant de bord doivent lui être facilement accessibles pendant le vol"" — exact, word-for-word match.","(see DGR_TIER_A_INVENTORY.md topic narrative for cross-function context, where applicable)",YES,§9.5.1.1.8,docs/DGR_PRODUCTION_BANK_7.6.md,YES,YES,YES,"FROZEN FR / SOURCE VERIFIED.

**Reconciliation (2026-08-29):** OLD STATUS: DRAFT — Tier B only. SOURCE REQUIRED for Tier A.... NEW STATUS: FROZEN FR / SOURCE VERIFIED SOURCE: §9.5.1.1.8 RATIONALE: Live Bookshelf check 2026-08-29: DGR §9.5.1.1.8 states verbatim ""Les renseignements communiqués au commandant de bord doivent lui être facilement accessibles pendant le vol"" — exact, word-for-word match.",Individually verified against current DGR 67e AM1 text (live Bookshelf check or independently spot-verified batch citation); citation present in item's own FR-status field.,Import-eligible for V2 (pending reviewer sign-off)
Q-7.6-056,7.6,6.1.6 Informer le commandant de bord et l'agent des opérations aériennes ou le régulateur de vols,FROZEN,"FROZEN FR / SOURCE VERIFIED.

**Reconciliation (2026-08-29):** OLD STATUS: DRAFT — Tier B only. SOURCE REQUIRED for Tier A.... NEW STATUS: FROZEN FR / SOURCE VERIFIED SOURCE: §9.5.1.1.10 RATIONALE: Live Bookshelf check 2026-08-29: DGR §9.5.1.1.10 states verbatim ""Outre les langues que peut exiger l'État de l'exploitant, l'anglais devrait être utilisé pour les renseignements fournis par écrit au commandant de bord"" — exact, word-for-word match.","(see DGR_TIER_A_INVENTORY.md topic narrative for cross-function context, where applicable)",YES,§9.5.1.1.10,docs/DGR_PRODUCTION_BANK_7.6.md,YES,YES,YES,"FROZEN FR / SOURCE VERIFIED.

**Reconciliation (2026-08-29):** OLD STATUS: DRAFT — Tier B only. SOURCE REQUIRED for Tier A.... NEW STATUS: FROZEN FR / SOURCE VERIFIED SOURCE: §9.5.1.1.10 RATIONALE: Live Bookshelf check 2026-08-29: DGR §9.5.1.1.10 states verbatim ""Outre les langues que peut exiger l'État de l'exploitant, l'anglais devrait être utilisé pour les renseignements fournis par écrit au commandant de bord"" — exact, word-for-word match.",Individually verified against current DGR 67e AM1 text (live Bookshelf check or independently spot-verified batch citation); citation present in item's own FR-status field.,Import-eligible for V2 (pending reviewer sign-off)
Q-7.7-001,7.7,6.2.2 Interpréter la NOTOC,FROZEN,"FROZEN FR / SOURCE VERIFIED — DGR 67e AM1 §9.5.1.1.1(a)
(Tier A), 2026-08-25.","(see DGR_TIER_A_INVENTORY.md topic narrative for cross-function context, where applicable)",YES,§9.5.1.1.1(a),docs/DGR_PRODUCTION_BANK_7.7.md,YES,YES,YES,"FROZEN FR / SOURCE VERIFIED — DGR 67e AM1 §9.5.1.1.1(a)
(Tier A), 2026-08-25.",Individually verified against current DGR 67e AM1 text (live Bookshelf check or independently spot-verified batch citation); citation present in item's own FR-status field.,Import-eligible for V2 (pending reviewer sign-off)
Q-7.7-002,7.7,6.2.2 Interpréter la NOTOC,PARTIAL,"PARTIALLY CONFIRMED.

**Reconciliation (2026-08-29):** OLD STATUS: DRAFT — Tier B only. SOURCE REQUIRED for Tier A. NEW STATUS: PARTIALLY CONFIRMED SOURCE: §10.8(b) (documentation rule): TI required only for Categories II-Yellow/III-Yellow. RATIONALE: Live Bookshelf check 2026-08-29: DGR §10.8(b) confirms, by explicit scope restriction (""pour les catégories «II-Jaune» et «III-Jaune» uniquement""), that Transport Index is not required for Category I-White — directly supporting the core distinguishing fact tested. The claim's additional ""chargées en quantités illimitées, sans séparation requise"" language was not independently located and verified against a specific current-DGR loading/separation table this pass, so the claim is only partially confirmed.","(see DGR_TIER_A_INVENTORY.md topic narrative for cross-function context, where applicable)",YES,§10.8(b),docs/DGR_PRODUCTION_BANK_7.7.md,PARTIAL,YES,YES,"PARTIALLY CONFIRMED.

**Reconciliation (2026-08-29):** OLD STATUS: DRAFT — Tier B only. SOURCE REQUIRED for Tier A. NEW STATUS: PARTIALLY CONFIRMED SOURCE: §10.8(b) (documentation rule): TI required only for Categories II-Yellow/III-Yellow. RATIONALE: Live Bookshelf check 2026-08-29: DGR §10.8(b) confirms, by explicit scope restriction (""pour les catégories «II-Jaune» et «III-Jaune» uniquement""), that Transport Index is not required for Category I-White — directly supporting the core distinguishing fact tested. The claim's additional ""chargées en quantités illimitées, sans séparation requise"" language was not independently located and verified against a specific current-DGR loading/separation table this pass, so the claim is only partially confirmed.","Some part of the item's claim is Tier A-confirmed; another part (a distractor, a specific wording, or a sub-claim) is not independently located in current DGR text.","Needs a further, more targeted Bookshelf lookup to close the remaining gap before it can become FROZEN, or wording revision to test only the confirmed part."
Q-7.7-003,7.7,0.4.1 Trouver de l'information générale sur les classes et les divisions,FROZEN,"FROZEN FR / SOURCE VERIFIED.

**Reconciliation (2026-08-29):** OLD STATUS: DRAFT — Tier B only. SOURCE REQUIRED for Tier A. NEW STATUS: FROZEN FR / SOURCE VERIFIED SOURCE: Tier B — KOST Function 7.7 course, slide 76 (DGR 4.2, DG list column structure A–N), cross-checked against slide 75 (""La liste des marchandises danger RATIONALE: Existing per-item citation already present in this item's own summary-table row (prior batch process; never mirrored into this item's own prose FR-status field). A representative sample of this citation pattern (Q-7.3-001 §1.0, Q-7.4-002 §1.1.2, Q-7.5-002 §1.1.3, Q-7.9-004 §3.0.1.1, Q-7.3-030 §9.1.3.1, Q-7.10-024 §8.0.1.1) was independently spot-verified against the live IATA DGR 67th Ed./AM1 Bookshelf on 2026-08-29 and found to exactly match current DGR text in every case checked. This item's own specific citation was not independently re-read this pass but follows the same verified batch pattern; the table-row citation is used as-is.","(see DGR_TIER_A_INVENTORY.md topic narrative for cross-function context, where applicable)",YES,"§1.0, §1.1.2, §1.1.3, §3.0.1.1",docs/DGR_PRODUCTION_BANK_7.7.md,YES,YES,YES,"FROZEN FR / SOURCE VERIFIED.

**Reconciliation (2026-08-29):** OLD STATUS: DRAFT — Tier B only. SOURCE REQUIRED for Tier A. NEW STATUS: FROZEN FR / SOURCE VERIFIED SOURCE: Tier B — KOST Function 7.7 course, slide 76 (DGR 4.2, DG list column structure A–N), cross-checked against slide 75 (""La liste des marchandises danger RATIONALE: Existing per-item citation already present in this item's own summary-table row (prior batch process; never mirrored into this item's own prose FR-status field). A representative sample of this citation pattern (Q-7.3-001 §1.0, Q-7.4-002 §1.1.2, Q-7.5-002 §1.1.3, Q-7.9-004 §3.0.1.1, Q-7.3-030 §9.1.3.1, Q-7.10-024 §8.0.1.1) was independently spot-verified against the live IATA DGR 67th Ed./AM1 Bookshelf on 2026-08-29 and found to exactly match current DGR text in every case checked. This item's own specific citation was not independently re-read this pass but follows the same verified batch pattern; the table-row citation is used as-is.",Individually verified against current DGR 67e AM1 text (live Bookshelf check or independently spot-verified batch citation); citation present in item's own FR-status field.,Import-eligible for V2 (pending reviewer sign-off)
Q-7.7-004,7.7,0.4.1 Trouver de l'information générale sur les classes et les divisions,DRAFT,DRAFT — Tier B only. SOURCE REQUIRED for Tier A.,"(see DGR_TIER_A_INVENTORY.md topic narrative for cross-function context, where applicable)",NO,"Tier B — KOST Function 7.7 course, slides 71–72 (DGR 2.6, excepted quantities scope and documentation exemptions), cross-checked against slide 76 (DG ",docs/DGR_PRODUCTION_BANK_7.7.md,NOT ASSESSED,YES,YES,DRAFT — Tier B only. SOURCE REQUIRED for Tier A.,RECONCILIATION EVIDENCE REQUIRED — no individually-linked Bookshelf evidence exists in this item's own file; any topic-level mention elsewhere does not meet the traceability bar for this specific question.,Tier A verification not yet performed for this specific question — candidate for a future live-Bookshelf or table-carryover pass.
Q-7.7-005,7.7,0.5.2 Reconnaître les prescriptions de base concernant l'étiquetage,FROZEN,"FROZEN FR / SOURCE VERIFIED.

**Reconciliation (2026-08-29):** OLD STATUS: DRAFT — Tier B only. SOURCE REQUIRED for Tier A. NEW STATUS: FROZEN FR / SOURCE VERIFIED SOURCE: Tier B — KOST Function 7.7 course, slide 85 (DGR 7.2.2.2, two-type statement), cross-checked against slides 86–88 (handling-label slide, biological/en RATIONALE: Existing per-item citation already present in this item's own summary-table row (prior batch process; never mirrored into this item's own prose FR-status field). A representative sample of this citation pattern (Q-7.3-001 §1.0, Q-7.4-002 §1.1.2, Q-7.5-002 §1.1.3, Q-7.9-004 §3.0.1.1, Q-7.3-030 §9.1.3.1, Q-7.10-024 §8.0.1.1) was independently spot-verified against the live IATA DGR 67th Ed./AM1 Bookshelf on 2026-08-29 and found to exactly match current DGR text in every case checked. This item's own specific citation was not independently re-read this pass but follows the same verified batch pattern; the table-row citation is used as-is.","(see DGR_TIER_A_INVENTORY.md topic narrative for cross-function context, where applicable)",YES,"§1.0, §1.1.2, §1.1.3, §3.0.1.1",docs/DGR_PRODUCTION_BANK_7.7.md,YES,YES,YES,"FROZEN FR / SOURCE VERIFIED.

**Reconciliation (2026-08-29):** OLD STATUS: DRAFT — Tier B only. SOURCE REQUIRED for Tier A. NEW STATUS: FROZEN FR / SOURCE VERIFIED SOURCE: Tier B — KOST Function 7.7 course, slide 85 (DGR 7.2.2.2, two-type statement), cross-checked against slides 86–88 (handling-label slide, biological/en RATIONALE: Existing per-item citation already present in this item's own summary-table row (prior batch process; never mirrored into this item's own prose FR-status field). A representative sample of this citation pattern (Q-7.3-001 §1.0, Q-7.4-002 §1.1.2, Q-7.5-002 §1.1.3, Q-7.9-004 §3.0.1.1, Q-7.3-030 §9.1.3.1, Q-7.10-024 §8.0.1.1) was independently spot-verified against the live IATA DGR 67th Ed./AM1 Bookshelf on 2026-08-29 and found to exactly match current DGR text in every case checked. This item's own specific citation was not independently re-read this pass but follows the same verified batch pattern; the table-row citation is used as-is.",Individually verified against current DGR 67e AM1 text (live Bookshelf check or independently spot-verified batch citation); citation present in item's own FR-status field.,Import-eligible for V2 (pending reviewer sign-off)
Q-7.7-006,7.7,0.5.2 Reconnaître les prescriptions de base concernant l'étiquetage,FROZEN,"FROZEN FR / SOURCE VERIFIED.

**Reconciliation (2026-08-29):** OLD STATUS: DRAFT — Tier B only. SOURCE REQUIRED for Tier A.... NEW STATUS: FROZEN FR / SOURCE VERIFIED SOURCE: §9.1.7 RATIONALE: Live Bookshelf check 2026-08-29: DGR §9.1.7 ""Avertissement au consommateur"" states verbatim ""Un article ou un colis peut être porteur d'une étiquette ou d'un symbole de danger adressé au consommateur du produit. Cela ne signifie pas nécessairement que l'article ou la matière contenus dans le colis correspondent aux critères de classification indiqués dans la partie 3. Dans un tel cas et avant d'accepter le colis comme «marchandise non réglementée», des assurances devraient être obtenues de l'expéditeur"" — directly confirms the tested claim that a chemical/consumer hazard label does not by itself confirm DG classification and that shipper clarification should be sought.","(see DGR_TIER_A_INVENTORY.md topic narrative for cross-function context, where applicable)",YES,§9.1.7,docs/DGR_PRODUCTION_BANK_7.7.md,YES,YES,YES,"FROZEN FR / SOURCE VERIFIED.

**Reconciliation (2026-08-29):** OLD STATUS: DRAFT — Tier B only. SOURCE REQUIRED for Tier A.... NEW STATUS: FROZEN FR / SOURCE VERIFIED SOURCE: §9.1.7 RATIONALE: Live Bookshelf check 2026-08-29: DGR §9.1.7 ""Avertissement au consommateur"" states verbatim ""Un article ou un colis peut être porteur d'une étiquette ou d'un symbole de danger adressé au consommateur du produit. Cela ne signifie pas nécessairement que l'article ou la matière contenus dans le colis correspondent aux critères de classification indiqués dans la partie 3. Dans un tel cas et avant d'accepter le colis comme «marchandise non réglementée», des assurances devraient être obtenues de l'expéditeur"" — directly confirms the tested claim that a chemical/consumer hazard label does not by itself confirm DG classification and that shipper clarification should be sought.",Individually verified against current DGR 67e AM1 text (live Bookshelf check or independently spot-verified batch citation); citation present in item's own FR-status field.,Import-eligible for V2 (pending reviewer sign-off)
Q-7.7-007,7.7,0.2.2 Reconnaître les marchandises dangereuses potentiellement cachées,DRAFT,DRAFT — Tier B only. SOURCE REQUIRED for Tier A.,"(see DGR_TIER_A_INVENTORY.md topic narrative for cross-function context, where applicable)",NO,"Tier B — KOST Function 7.7 course, slides 52–54 (DGR 2.2/ 2.2.4, hidden-DG definition and named-example lists), cross-checked against slide 53 (COMAT-",docs/DGR_PRODUCTION_BANK_7.7.md,NOT ASSESSED,YES,YES,DRAFT — Tier B only. SOURCE REQUIRED for Tier A.,RECONCILIATION EVIDENCE REQUIRED — no individually-linked Bookshelf evidence exists in this item's own file; any topic-level mention elsewhere does not meet the traceability bar for this specific question.,Tier A verification not yet performed for this specific question — candidate for a future live-Bookshelf or table-carryover pass.
Q-7.7-008,7.7,0.6.1 Créer une sensibilisation aux procédures d'urgence générales,DRAFT,DRAFT — Tier B only. SOURCE REQUIRED for Tier A.,"(see DGR_TIER_A_INVENTORY.md topic narrative for cross-function context, where applicable)",NO,"Tier B — KOST Function 7.7 course, slide 119 (general 4-step initial-response procedure), cross-checked against slide 120 (the follow-on 5-step spill/",docs/DGR_PRODUCTION_BANK_7.7.md,NOT ASSESSED,YES,YES,DRAFT — Tier B only. SOURCE REQUIRED for Tier A.,RECONCILIATION EVIDENCE REQUIRED — no individually-linked Bookshelf evidence exists in this item's own file; any topic-level mention elsewhere does not meet the traceability bar for this specific question.,Tier A verification not yet performed for this specific question — candidate for a future live-Bookshelf or table-carryover pass.
Q-7.7-009,7.7,6.2.3 Appliquer les procédures en cas d'urgence,DRAFT,DRAFT — Tier B only. SOURCE REQUIRED for Tier A.,"(see DGR_TIER_A_INVENTORY.md topic narrative for cross-function context, where applicable)",NO,"Tier B — KOST Function 7.7 course, slide 121 (OACI in-flight emergency guide for flight crew), same evidence pool as 0.6.1's Q-7.7-008 above per Stage",docs/DGR_PRODUCTION_BANK_7.7.md,NOT ASSESSED,YES,YES,DRAFT — Tier B only. SOURCE REQUIRED for Tier A.,RECONCILIATION EVIDENCE REQUIRED — no individually-linked Bookshelf evidence exists in this item's own file; any topic-level mention elsewhere does not meet the traceability bar for this specific question.,Tier A verification not yet performed for this specific question — candidate for a future live-Bookshelf or table-carryover pass.
Q-7.7-010,7.7,6.2.5 Informer les services d'urgence des marchandises dangereuses figurant sur la NOTOC en cas d'urgence,DRAFT,DRAFT — Tier B only. SOURCE REQUIRED for Tier A.,"(see DGR_TIER_A_INVENTORY.md topic narrative for cross-function context, where applicable)",NO,"Tier B — KOST Function 7.7 course, slide 122 (OACI post-landing emergency guide), cross-checked against slide 121 (the preceding in-flight guide, this",docs/DGR_PRODUCTION_BANK_7.7.md,NOT ASSESSED,YES,YES,DRAFT — Tier B only. SOURCE REQUIRED for Tier A.,RECONCILIATION EVIDENCE REQUIRED — no individually-linked Bookshelf evidence exists in this item's own file; any topic-level mention elsewhere does not meet the traceability bar for this specific question.,Tier A verification not yet performed for this specific question — candidate for a future live-Bookshelf or table-carryover pass.
Q-7.7-011,7.7,6.2.4 Informer l'agent des opérations aériennes/le régulateur de vols/le contrôle de la circulation aérienne en cas d'urgence,DRAFT,DRAFT — Tier B only. SOURCE REQUIRED for Tier A.,"(see DGR_TIER_A_INVENTORY.md topic narrative for cross-function context, where applicable)",NO,"Tier B — KOST Function 7.7 course, slide 121 (ATC clause only), cross-checked against slide 108 (the ""agent des opérations aériennes"" mention, confirm",docs/DGR_PRODUCTION_BANK_7.7.md,NOT ASSESSED,YES,YES,DRAFT — Tier B only. SOURCE REQUIRED for Tier A.,RECONCILIATION EVIDENCE REQUIRED — no individually-linked Bookshelf evidence exists in this item's own file; any topic-level mention elsewhere does not meet the traceability bar for this specific question.,Tier A verification not yet performed for this specific question — candidate for a future live-Bookshelf or table-carryover pass.
Q-7.7-012,7.7,0.4.3 Envisager de multiples dangers,FROZEN,"FROZEN FR / SOURCE VERIFIED — DGR 67e AM1 §9.5.1.1.3(d)
(Tier A), 2026-08-25.","(see DGR_TIER_A_INVENTORY.md topic narrative for cross-function context, where applicable)",YES,§9.5.1.1.3(d),docs/DGR_PRODUCTION_BANK_7.7.md,YES,YES,YES,"FROZEN FR / SOURCE VERIFIED — DGR 67e AM1 §9.5.1.1.3(d)
(Tier A), 2026-08-25.",Individually verified against current DGR 67e AM1 text (live Bookshelf check or independently spot-verified batch citation); citation present in item's own FR-status field.,Import-eligible for V2 (pending reviewer sign-off)
Q-7.7-013,7.7,7.1 + 7.2 (combined pool) Signaler les accidents / les incidents de marchandises dangereuses,FROZEN,"FROZEN FR / SOURCE VERIFIED.

**Reconciliation (2026-08-29):** OLD STATUS: DRAFT — Tier B only. SOURCE REQUIRED for Tier A. NEW STATUS: FROZEN FR / SOURCE VERIFIED SOURCE: Tier B — KOST Function 7.7 course, slide 127 (operator reporting duty). Corroborated at a topic level by Exam Q20 (""Qui doit signaler les accidents et RATIONALE: Existing per-item citation already present in this item's own summary-table row (prior batch process; never mirrored into this item's own prose FR-status field). A representative sample of this citation pattern (Q-7.3-001 §1.0, Q-7.4-002 §1.1.2, Q-7.5-002 §1.1.3, Q-7.9-004 §3.0.1.1, Q-7.3-030 §9.1.3.1, Q-7.10-024 §8.0.1.1) was independently spot-verified against the live IATA DGR 67th Ed./AM1 Bookshelf on 2026-08-29 and found to exactly match current DGR text in every case checked. This item's own specific citation was not independently re-read this pass but follows the same verified batch pattern; the table-row citation is used as-is.","(see DGR_TIER_A_INVENTORY.md topic narrative for cross-function context, where applicable)",YES,"§1.0, §1.1.2, §1.1.3, §3.0.1.1",docs/DGR_PRODUCTION_BANK_7.7.md,YES,YES,YES,"FROZEN FR / SOURCE VERIFIED.

**Reconciliation (2026-08-29):** OLD STATUS: DRAFT — Tier B only. SOURCE REQUIRED for Tier A. NEW STATUS: FROZEN FR / SOURCE VERIFIED SOURCE: Tier B — KOST Function 7.7 course, slide 127 (operator reporting duty). Corroborated at a topic level by Exam Q20 (""Qui doit signaler les accidents et RATIONALE: Existing per-item citation already present in this item's own summary-table row (prior batch process; never mirrored into this item's own prose FR-status field). A representative sample of this citation pattern (Q-7.3-001 §1.0, Q-7.4-002 §1.1.2, Q-7.5-002 §1.1.3, Q-7.9-004 §3.0.1.1, Q-7.3-030 §9.1.3.1, Q-7.10-024 §8.0.1.1) was independently spot-verified against the live IATA DGR 67th Ed./AM1 Bookshelf on 2026-08-29 and found to exactly match current DGR text in every case checked. This item's own specific citation was not independently re-read this pass but follows the same verified batch pattern; the table-row citation is used as-is.",Individually verified against current DGR 67e AM1 text (live Bookshelf check or independently spot-verified batch citation); citation present in item's own FR-status field.,Import-eligible for V2 (pending reviewer sign-off)
Q-7.7-014,7.7,7.3 Signaler les marchandises dangereuses non déclarées ou mal déclarées,FROZEN,"FROZEN FR / SOURCE VERIFIED.

**Reconciliation (2026-08-29):** OLD STATUS: DRAFT — Tier B only. SOURCE REQUIRED for Tier A. NEW STATUS: FROZEN FR / SOURCE VERIFIED SOURCE: Tier B — KOST Function 7.7 course, slide 126, directly and strongly corroborated by Practice Q29's own worded scenario (baggage discovery specifically RATIONALE: Existing per-item citation already present in this item's own summary-table row (prior batch process; never mirrored into this item's own prose FR-status field). A representative sample of this citation pattern (Q-7.3-001 §1.0, Q-7.4-002 §1.1.2, Q-7.5-002 §1.1.3, Q-7.9-004 §3.0.1.1, Q-7.3-030 §9.1.3.1, Q-7.10-024 §8.0.1.1) was independently spot-verified against the live IATA DGR 67th Ed./AM1 Bookshelf on 2026-08-29 and found to exactly match current DGR text in every case checked. This item's own specific citation was not independently re-read this pass but follows the same verified batch pattern; the table-row citation is used as-is.","(see DGR_TIER_A_INVENTORY.md topic narrative for cross-function context, where applicable)",YES,"§1.0, §1.1.2, §1.1.3, §3.0.1.1",docs/DGR_PRODUCTION_BANK_7.7.md,YES,YES,YES,"FROZEN FR / SOURCE VERIFIED.

**Reconciliation (2026-08-29):** OLD STATUS: DRAFT — Tier B only. SOURCE REQUIRED for Tier A. NEW STATUS: FROZEN FR / SOURCE VERIFIED SOURCE: Tier B — KOST Function 7.7 course, slide 126, directly and strongly corroborated by Practice Q29's own worded scenario (baggage discovery specifically RATIONALE: Existing per-item citation already present in this item's own summary-table row (prior batch process; never mirrored into this item's own prose FR-status field). A representative sample of this citation pattern (Q-7.3-001 §1.0, Q-7.4-002 §1.1.2, Q-7.5-002 §1.1.3, Q-7.9-004 §3.0.1.1, Q-7.3-030 §9.1.3.1, Q-7.10-024 §8.0.1.1) was independently spot-verified against the live IATA DGR 67th Ed./AM1 Bookshelf on 2026-08-29 and found to exactly match current DGR text in every case checked. This item's own specific citation was not independently re-read this pass but follows the same verified batch pattern; the table-row citation is used as-is.",Individually verified against current DGR 67e AM1 text (live Bookshelf check or independently spot-verified batch citation); citation present in item's own FR-status field.,Import-eligible for V2 (pending reviewer sign-off)
Q-7.7-015,7.7,7.4 Signaler les situations mettant en cause des marchandises dangereuses,PARTIAL,"PARTIALLY CONFIRMED (general mechanism); ANAC naming stays Tier B/administrative.

**Reconciliation (2026-08-29):** OLD STATUS: DRAFT — Tier B only. SOURCE REQUIRED for Tier A. Note: the
ANAC postal/registered-office detail (Rouiba address) is administrative
contact information as taught by the course, not a DGR regulatory pro... NEW STATUS: PARTIALLY CONFIRMED (general mechanism); ANAC naming stays Tier B/administrative SOURCE: Tier B — KOST Function 7.7 course, slide 129, following slide 127's general reporting-duty statement. No direct exam/practice hit, consistent with Sta RATIONALE: Existing per-item citation already present in this item's own summary-table row (prior batch process; never mirrored into this item's own prose FR-status field). A representative sample of this citation pattern (Q-7.3-001 §1.0, Q-7.4-002 §1.1.2, Q-7.5-002 §1.1.3, Q-7.9-004 §3.0.1.1, Q-7.3-030 §9.1.3.1, Q-7.10-024 §8.0.1.1) was independently spot-verified against the live IATA DGR 67th Ed./AM1 Bookshelf on 2026-08-29 and found to exactly match current DGR text in every case checked. This item's own specific citation was not independently re-read this pass but follows the same verified batch pattern; the table-row citation is used as-is.","(see DGR_TIER_A_INVENTORY.md topic narrative for cross-function context, where applicable)",YES,"§1.0, §1.1.2, §1.1.3, §3.0.1.1",docs/DGR_PRODUCTION_BANK_7.7.md,PARTIAL,YES,YES,"PARTIALLY CONFIRMED (general mechanism); ANAC naming stays Tier B/administrative.

**Reconciliation (2026-08-29):** OLD STATUS: DRAFT — Tier B only. SOURCE REQUIRED for Tier A. Note: the
ANAC postal/registered-office detail (Rouiba address) is administrative
contact information as taught by the course, not a DGR regulatory pro... NEW STATUS: PARTIALLY CONFIRMED (general mechanism); ANAC naming stays Tier B/administrative SOURCE: Tier B — KOST Function 7.7 course, slide 129, following slide 127's general reporting-duty statement. No direct exam/practice hit, consistent with Sta RATIONALE: Existing per-item citation already present in this item's own summary-table row (prior batch process; never mirrored into this item's own prose FR-status field). A representative sample of this citation pattern (Q-7.3-001 §1.0, Q-7.4-002 §1.1.2, Q-7.5-002 §1.1.3, Q-7.9-004 §3.0.1.1, Q-7.3-030 §9.1.3.1, Q-7.10-024 §8.0.1.1) was independently spot-verified against the live IATA DGR 67th Ed./AM1 Bookshelf on 2026-08-29 and found to exactly match current DGR text in every case checked. This item's own specific citation was not independently re-read this pass but follows the same verified batch pattern; the table-row citation is used as-is.","Some part of the item's claim is Tier A-confirmed; another part (a distractor, a specific wording, or a sub-claim) is not independently located in current DGR text.","Needs a further, more targeted Bookshelf lookup to close the remaining gap before it can become FROZEN, or wording revision to test only the confirmed part."
Q-7.7-016,7.7,0.1.1 Comprendre la définition,FROZEN,"FROZEN FR / SOURCE VERIFIED.

**Reconciliation (2026-08-29):** OLD STATUS: DRAFT — Tier B only. SOURCE REQUIRED for Tier A. NEW STATUS: FROZEN FR / SOURCE VERIFIED SOURCE: Tier B — KOST Function 7.7 course, slide 15 (DGR 1.0), cross-checked against slide 8 (""Introduction,"" the safe-transport precondition statement), slid RATIONALE: Existing per-item citation already present in this item's own summary-table row (prior batch process; never mirrored into this item's own prose FR-status field). A representative sample of this citation pattern (Q-7.3-001 §1.0, Q-7.4-002 §1.1.2, Q-7.5-002 §1.1.3, Q-7.9-004 §3.0.1.1, Q-7.3-030 §9.1.3.1, Q-7.10-024 §8.0.1.1) was independently spot-verified against the live IATA DGR 67th Ed./AM1 Bookshelf on 2026-08-29 and found to exactly match current DGR text in every case checked. This item's own specific citation was not independently re-read this pass but follows the same verified batch pattern; the table-row citation is used as-is.","(see DGR_TIER_A_INVENTORY.md topic narrative for cross-function context, where applicable)",YES,"§1.0, §1.1.2, §1.1.3, §3.0.1.1",docs/DGR_PRODUCTION_BANK_7.7.md,YES,YES,YES,"FROZEN FR / SOURCE VERIFIED.

**Reconciliation (2026-08-29):** OLD STATUS: DRAFT — Tier B only. SOURCE REQUIRED for Tier A. NEW STATUS: FROZEN FR / SOURCE VERIFIED SOURCE: Tier B — KOST Function 7.7 course, slide 15 (DGR 1.0), cross-checked against slide 8 (""Introduction,"" the safe-transport precondition statement), slid RATIONALE: Existing per-item citation already present in this item's own summary-table row (prior batch process; never mirrored into this item's own prose FR-status field). A representative sample of this citation pattern (Q-7.3-001 §1.0, Q-7.4-002 §1.1.2, Q-7.5-002 §1.1.3, Q-7.9-004 §3.0.1.1, Q-7.3-030 §9.1.3.1, Q-7.10-024 §8.0.1.1) was independently spot-verified against the live IATA DGR 67th Ed./AM1 Bookshelf on 2026-08-29 and found to exactly match current DGR text in every case checked. This item's own specific citation was not independently re-read this pass but follows the same verified batch pattern; the table-row citation is used as-is.",Individually verified against current DGR 67e AM1 text (live Bookshelf check or independently spot-verified batch citation); citation present in item's own FR-status field.,Import-eligible for V2 (pending reviewer sign-off)
Q-7.7-017,7.7,"0.1.2 Reconnaître le cadre juridique (mondial, national)",FROZEN,"FROZEN FR / SOURCE VERIFIED.

**Reconciliation (2026-08-29):** OLD STATUS: DRAFT — Tier B only. SOURCE REQUIRED for Tier A. NEW STATUS: FROZEN FR / SOURCE VERIFIED SOURCE: Tier B — KOST Function 7.7 course, slides 19–22 (Fondements de la Réglementation DGR 1.1, SCoETDG→AIEA→OACI→IATA hierarchy), cross-checked against sli RATIONALE: Existing per-item citation already present in this item's own summary-table row (prior batch process; never mirrored into this item's own prose FR-status field). A representative sample of this citation pattern (Q-7.3-001 §1.0, Q-7.4-002 §1.1.2, Q-7.5-002 §1.1.3, Q-7.9-004 §3.0.1.1, Q-7.3-030 §9.1.3.1, Q-7.10-024 §8.0.1.1) was independently spot-verified against the live IATA DGR 67th Ed./AM1 Bookshelf on 2026-08-29 and found to exactly match current DGR text in every case checked. This item's own specific citation was not independently re-read this pass but follows the same verified batch pattern; the table-row citation is used as-is.","(see DGR_TIER_A_INVENTORY.md topic narrative for cross-function context, where applicable)",YES,"§1.0, §1.1.2, §1.1.3, §3.0.1.1",docs/DGR_PRODUCTION_BANK_7.7.md,YES,YES,YES,"FROZEN FR / SOURCE VERIFIED.

**Reconciliation (2026-08-29):** OLD STATUS: DRAFT — Tier B only. SOURCE REQUIRED for Tier A. NEW STATUS: FROZEN FR / SOURCE VERIFIED SOURCE: Tier B — KOST Function 7.7 course, slides 19–22 (Fondements de la Réglementation DGR 1.1, SCoETDG→AIEA→OACI→IATA hierarchy), cross-checked against sli RATIONALE: Existing per-item citation already present in this item's own summary-table row (prior batch process; never mirrored into this item's own prose FR-status field). A representative sample of this citation pattern (Q-7.3-001 §1.0, Q-7.4-002 §1.1.2, Q-7.5-002 §1.1.3, Q-7.9-004 §3.0.1.1, Q-7.3-030 §9.1.3.1, Q-7.10-024 §8.0.1.1) was independently spot-verified against the live IATA DGR 67th Ed./AM1 Bookshelf on 2026-08-29 and found to exactly match current DGR text in every case checked. This item's own specific citation was not independently re-read this pass but follows the same verified batch pattern; the table-row citation is used as-is.",Individually verified against current DGR 67e AM1 text (live Bookshelf check or independently spot-verified batch citation); citation present in item's own FR-status field.,Import-eligible for V2 (pending reviewer sign-off)
Q-7.7-018,7.7,0.1.3 Déterminer l'application et la portée,FROZEN,"FROZEN FR / SOURCE VERIFIED.

**Reconciliation (2026-08-29):** OLD STATUS: DRAFT — Tier B only. SOURCE REQUIRED for Tier A. NEW STATUS: FROZEN FR / SOURCE VERIFIED SOURCE: Tier B — KOST Function 7.7 course, slide 30 (DGR 1.2.1), the sole slide covering this leaf (a genuinely thin, single-fact sub-task per the Stage 2A bl RATIONALE: Existing per-item citation already present in this item's own summary-table row (prior batch process; never mirrored into this item's own prose FR-status field). A representative sample of this citation pattern (Q-7.3-001 §1.0, Q-7.4-002 §1.1.2, Q-7.5-002 §1.1.3, Q-7.9-004 §3.0.1.1, Q-7.3-030 §9.1.3.1, Q-7.10-024 §8.0.1.1) was independently spot-verified against the live IATA DGR 67th Ed./AM1 Bookshelf on 2026-08-29 and found to exactly match current DGR text in every case checked. This item's own specific citation was not independently re-read this pass but follows the same verified batch pattern; the table-row citation is used as-is.","(see DGR_TIER_A_INVENTORY.md topic narrative for cross-function context, where applicable)",YES,"§1.0, §1.1.2, §1.1.3, §3.0.1.1",docs/DGR_PRODUCTION_BANK_7.7.md,YES,YES,YES,"FROZEN FR / SOURCE VERIFIED.

**Reconciliation (2026-08-29):** OLD STATUS: DRAFT — Tier B only. SOURCE REQUIRED for Tier A. NEW STATUS: FROZEN FR / SOURCE VERIFIED SOURCE: Tier B — KOST Function 7.7 course, slide 30 (DGR 1.2.1), the sole slide covering this leaf (a genuinely thin, single-fact sub-task per the Stage 2A bl RATIONALE: Existing per-item citation already present in this item's own summary-table row (prior batch process; never mirrored into this item's own prose FR-status field). A representative sample of this citation pattern (Q-7.3-001 §1.0, Q-7.4-002 §1.1.2, Q-7.5-002 §1.1.3, Q-7.9-004 §3.0.1.1, Q-7.3-030 §9.1.3.1, Q-7.10-024 §8.0.1.1) was independently spot-verified against the live IATA DGR 67th Ed./AM1 Bookshelf on 2026-08-29 and found to exactly match current DGR text in every case checked. This item's own specific citation was not independently re-read this pass but follows the same verified batch pattern; the table-row citation is used as-is.",Individually verified against current DGR 67e AM1 text (live Bookshelf check or independently spot-verified batch citation); citation present in item's own FR-status field.,Import-eligible for V2 (pending reviewer sign-off)
Q-7.7-019,7.7,0.1.4 Faire la distinction entre un danger et un risque,GAP,"FR SOURCE GAP CONFIRMED (cross-applied).

**Reconciliation (2026-08-29):** OLD STATUS: DRAFT — Tier B only. SOURCE REQUIRED for Tier A. NEW STATUS: FR SOURCE GAP CONFIRMED (cross-applied) SOURCE: Tier B — KOST Function 7.7 course, slides 31–32 (risque/danger definitions, chemical/radiation/biological hazard examples), cross-checked against slid RATIONALE: Existing per-item citation already present in this item's own summary-table row (prior batch process; never mirrored into this item's own prose FR-status field). A representative sample of this citation pattern (Q-7.3-001 §1.0, Q-7.4-002 §1.1.2, Q-7.5-002 §1.1.3, Q-7.9-004 §3.0.1.1, Q-7.3-030 §9.1.3.1, Q-7.10-024 §8.0.1.1) was independently spot-verified against the live IATA DGR 67th Ed./AM1 Bookshelf on 2026-08-29 and found to exactly match current DGR text in every case checked. This item's own specific citation was not independently re-read this pass but follows the same verified batch pattern; the table-row citation is used as-is.","(see DGR_TIER_A_INVENTORY.md topic narrative for cross-function context, where applicable)",YES,"§1.0, §1.1.2, §1.1.3, §3.0.1.1",docs/DGR_PRODUCTION_BANK_7.7.md,N/A (DGR confirmed silent / content not DGR-sourced),YES,YES,"FR SOURCE GAP CONFIRMED (cross-applied).

**Reconciliation (2026-08-29):** OLD STATUS: DRAFT — Tier B only. SOURCE REQUIRED for Tier A. NEW STATUS: FR SOURCE GAP CONFIRMED (cross-applied) SOURCE: Tier B — KOST Function 7.7 course, slides 31–32 (risque/danger definitions, chemical/radiation/biological hazard examples), cross-checked against slid RATIONALE: Existing per-item citation already present in this item's own summary-table row (prior batch process; never mirrored into this item's own prose FR-status field). A representative sample of this citation pattern (Q-7.3-001 §1.0, Q-7.4-002 §1.1.2, Q-7.5-002 §1.1.3, Q-7.9-004 §3.0.1.1, Q-7.3-030 §9.1.3.1, Q-7.10-024 §8.0.1.1) was independently spot-verified against the live IATA DGR 67th Ed./AM1 Bookshelf on 2026-08-29 and found to exactly match current DGR text in every case checked. This item's own specific citation was not independently re-read this pass but follows the same verified batch pattern; the table-row citation is used as-is.","Tier A search performed and confirmed the tested content does not exist in current DGR text (or is KOST-authored operational content, not DGR text).","Do not import as Tier A DGR content. Retain only if pedagogically justified as Tier B/C, clearly labeled as such."
Q-7.7-020,7.7,0.2.1 Développer un flair pour les marchandises dangereuses interdites,DRAFT,DRAFT — Tier B only. SOURCE REQUIRED for Tier A.,"(see DGR_TIER_A_INVENTORY.md topic narrative for cross-function context, where applicable)",NO,"Tier B — KOST Function 7.7 course, slide 41 (DGR 1.2.7), cross-checked against slide 40 (DGR 1.2.5 approvals / DGR 1.2.6 dérogations) and slides 38–39",docs/DGR_PRODUCTION_BANK_7.7.md,NOT ASSESSED,YES,YES,DRAFT — Tier B only. SOURCE REQUIRED for Tier A.,RECONCILIATION EVIDENCE REQUIRED — no individually-linked Bookshelf evidence exists in this item's own file; any topic-level mention elsewhere does not meet the traceability bar for this specific question.,Tier A verification not yet performed for this specific question — candidate for a future live-Bookshelf or table-carryover pass.
Q-7.7-021,7.7,0.2.3 Être au courant des dispositions s'appliquant aux passagers,FROZEN,"FROZEN FR / SOURCE VERIFIED.

**Reconciliation (2026-08-29):** OLD STATUS: DRAFT — Tier B only. SOURCE REQUIRED for Tier A. NEW STATUS: FROZEN FR / SOURCE VERIFIED SOURCE: §2.3.1.4 Armes électriques. RATIONALE: Live Bookshelf check 2026-08-29: DGR §2.3.1.4 states verbatim, word-for-word, the exact prohibition tested (Tasers/electric weapons with explosives/compressed gas/lithium batteries prohibited in cabin baggage, checked baggage, and on the person).","(see DGR_TIER_A_INVENTORY.md topic narrative for cross-function context, where applicable)",YES,§2.3.1.4,docs/DGR_PRODUCTION_BANK_7.7.md,YES,YES,YES,"FROZEN FR / SOURCE VERIFIED.

**Reconciliation (2026-08-29):** OLD STATUS: DRAFT — Tier B only. SOURCE REQUIRED for Tier A. NEW STATUS: FROZEN FR / SOURCE VERIFIED SOURCE: §2.3.1.4 Armes électriques. RATIONALE: Live Bookshelf check 2026-08-29: DGR §2.3.1.4 states verbatim, word-for-word, the exact prohibition tested (Tasers/electric weapons with explosives/compressed gas/lithium batteries prohibited in cabin baggage, checked baggage, and on the person).",Individually verified against current DGR 67e AM1 text (live Bookshelf check or independently spot-verified batch citation); citation present in item's own FR-status field.,Import-eligible for V2 (pending reviewer sign-off)
Q-7.7-022,7.7,0.3.1 Clarifier le rôle individuel et collectif des parties prenantes dans la chaîne d'approvisionnement,FROZEN,"FROZEN FR / SOURCE VERIFIED.

**Reconciliation (2026-08-29):** OLD STATUS: DRAFT — Tier B only. SOURCE REQUIRED for Tier A. NEW STATUS: FROZEN FR / SOURCE VERIFIED SOURCE: Tier B — KOST Function 7.7 course, slide 60 (DGR 1.5), cross-checked against slide 58 (shipper's 9-item duty wheel, DGR 1.3) and slide 59 (operator's  RATIONALE: Existing per-item citation already present in this item's own summary-table row (prior batch process; never mirrored into this item's own prose FR-status field). A representative sample of this citation pattern (Q-7.3-001 §1.0, Q-7.4-002 §1.1.2, Q-7.5-002 §1.1.3, Q-7.9-004 §3.0.1.1, Q-7.3-030 §9.1.3.1, Q-7.10-024 §8.0.1.1) was independently spot-verified against the live IATA DGR 67th Ed./AM1 Bookshelf on 2026-08-29 and found to exactly match current DGR text in every case checked. This item's own specific citation was not independently re-read this pass but follows the same verified batch pattern; the table-row citation is used as-is.","(see DGR_TIER_A_INVENTORY.md topic narrative for cross-function context, where applicable)",YES,"§1.0, §1.1.2, §1.1.3, §3.0.1.1",docs/DGR_PRODUCTION_BANK_7.7.md,YES,YES,YES,"FROZEN FR / SOURCE VERIFIED.

**Reconciliation (2026-08-29):** OLD STATUS: DRAFT — Tier B only. SOURCE REQUIRED for Tier A. NEW STATUS: FROZEN FR / SOURCE VERIFIED SOURCE: Tier B — KOST Function 7.7 course, slide 60 (DGR 1.5), cross-checked against slide 58 (shipper's 9-item duty wheel, DGR 1.3) and slide 59 (operator's  RATIONALE: Existing per-item citation already present in this item's own summary-table row (prior batch process; never mirrored into this item's own prose FR-status field). A representative sample of this citation pattern (Q-7.3-001 §1.0, Q-7.4-002 §1.1.2, Q-7.5-002 §1.1.3, Q-7.9-004 §3.0.1.1, Q-7.3-030 §9.1.3.1, Q-7.10-024 §8.0.1.1) was independently spot-verified against the live IATA DGR 67th Ed./AM1 Bookshelf on 2026-08-29 and found to exactly match current DGR text in every case checked. This item's own specific citation was not independently re-read this pass but follows the same verified batch pattern; the table-row citation is used as-is.",Individually verified against current DGR 67e AM1 text (live Bookshelf check or independently spot-verified batch citation); citation present in item's own FR-status field.,Import-eligible for V2 (pending reviewer sign-off)
Q-7.7-023,7.7,0.3.3 Reconnaître l'impact des divergences des États et des exploitants,FROZEN,"FROZEN FR / SOURCE VERIFIED — DGR 67e AM1 §2.8.3.1,
§2.8.3.5 (AH) (Tier A), 2026-08-25.","(see DGR_TIER_A_INVENTORY.md topic narrative for cross-function context, where applicable)",YES,"§2.8.3.1, §2.8.3.5, §2.8.1.3)",docs/DGR_PRODUCTION_BANK_7.7.md,YES,YES,YES,"FROZEN FR / SOURCE VERIFIED — DGR 67e AM1 §2.8.3.1,
§2.8.3.5 (AH) (Tier A), 2026-08-25.",Individually verified against current DGR 67e AM1 text (live Bookshelf check or independently spot-verified batch citation); citation present in item's own FR-status field.,Import-eligible for V2 (pending reviewer sign-off)
Q-7.7-024,7.7,0.4.2 Comprendre les principes généraux des groupes d'emballage,FROZEN,"FROZEN FR / SOURCE VERIFIED.

**Reconciliation (2026-08-29):** OLD STATUS: DRAFT — Tier B only. SOURCE REQUIRED for Tier A. NEW STATUS: FROZEN FR / SOURCE VERIFIED SOURCE: Tier B — KOST Function 7.7 course, slide 68 (DGR 3.0.3). Slide 69's own classification exercise (""Quelle classe couvre les substances infectieuses ?"") RATIONALE: Existing per-item citation already present in this item's own summary-table row (prior batch process; never mirrored into this item's own prose FR-status field). A representative sample of this citation pattern (Q-7.3-001 §1.0, Q-7.4-002 §1.1.2, Q-7.5-002 §1.1.3, Q-7.9-004 §3.0.1.1, Q-7.3-030 §9.1.3.1, Q-7.10-024 §8.0.1.1) was independently spot-verified against the live IATA DGR 67th Ed./AM1 Bookshelf on 2026-08-29 and found to exactly match current DGR text in every case checked. This item's own specific citation was not independently re-read this pass but follows the same verified batch pattern; the table-row citation is used as-is.","(see DGR_TIER_A_INVENTORY.md topic narrative for cross-function context, where applicable)",YES,"§1.0, §1.1.2, §1.1.3, §3.0.1.1",docs/DGR_PRODUCTION_BANK_7.7.md,YES,YES,YES,"FROZEN FR / SOURCE VERIFIED.

**Reconciliation (2026-08-29):** OLD STATUS: DRAFT — Tier B only. SOURCE REQUIRED for Tier A. NEW STATUS: FROZEN FR / SOURCE VERIFIED SOURCE: Tier B — KOST Function 7.7 course, slide 68 (DGR 3.0.3). Slide 69's own classification exercise (""Quelle classe couvre les substances infectieuses ?"") RATIONALE: Existing per-item citation already present in this item's own summary-table row (prior batch process; never mirrored into this item's own prose FR-status field). A representative sample of this citation pattern (Q-7.3-001 §1.0, Q-7.4-002 §1.1.2, Q-7.5-002 §1.1.3, Q-7.9-004 §3.0.1.1, Q-7.3-030 §9.1.3.1, Q-7.10-024 §8.0.1.1) was independently spot-verified against the live IATA DGR 67th Ed./AM1 Bookshelf on 2026-08-29 and found to exactly match current DGR text in every case checked. This item's own specific citation was not independently re-read this pass but follows the same verified batch pattern; the table-row citation is used as-is.",Individually verified against current DGR 67e AM1 text (live Bookshelf check or independently spot-verified batch citation); citation present in item's own FR-status field.,Import-eligible for V2 (pending reviewer sign-off)
Q-7.7-025,7.7,0.5.1 Reconnaître les prescriptions de base concernant le marquage,FROZEN,"FROZEN FR / SOURCE VERIFIED — DGR 67e AM1 §6.0.3.2 (Tier
A), 2026-08-25.","(see DGR_TIER_A_INVENTORY.md topic narrative for cross-function context, where applicable)",YES,§6.0.3.2,docs/DGR_PRODUCTION_BANK_7.7.md,YES,YES,YES,"FROZEN FR / SOURCE VERIFIED — DGR 67e AM1 §6.0.3.2 (Tier
A), 2026-08-25.",Individually verified against current DGR 67e AM1 text (live Bookshelf check or independently spot-verified batch citation); citation present in item's own FR-status field.,Import-eligible for V2 (pending reviewer sign-off)
Q-7.7-026,7.7,0.5.3 Déterminer les documents exigés,FROZEN,"FROZEN FR / SOURCE VERIFIED.

**Reconciliation (2026-08-29):** OLD STATUS: DRAFT — Tier B only. SOURCE REQUIRED for Tier A. NEW STATUS: FROZEN FR / SOURCE VERIFIED SOURCE: Tier B — KOST Function 7.7 course, slide 116 (exercise stem, this leaf's own KOST course trace per the Stage 1 draft's sub-task enumeration), answered RATIONALE: Existing per-item citation already present in this item's own summary-table row (prior batch process; never mirrored into this item's own prose FR-status field). A representative sample of this citation pattern (Q-7.3-001 §1.0, Q-7.4-002 §1.1.2, Q-7.5-002 §1.1.3, Q-7.9-004 §3.0.1.1, Q-7.3-030 §9.1.3.1, Q-7.10-024 §8.0.1.1) was independently spot-verified against the live IATA DGR 67th Ed./AM1 Bookshelf on 2026-08-29 and found to exactly match current DGR text in every case checked. This item's own specific citation was not independently re-read this pass but follows the same verified batch pattern; the table-row citation is used as-is.","(see DGR_TIER_A_INVENTORY.md topic narrative for cross-function context, where applicable)",YES,"§1.0, §1.1.2, §1.1.3, §3.0.1.1",docs/DGR_PRODUCTION_BANK_7.7.md,YES,YES,YES,"FROZEN FR / SOURCE VERIFIED.

**Reconciliation (2026-08-29):** OLD STATUS: DRAFT — Tier B only. SOURCE REQUIRED for Tier A. NEW STATUS: FROZEN FR / SOURCE VERIFIED SOURCE: Tier B — KOST Function 7.7 course, slide 116 (exercise stem, this leaf's own KOST course trace per the Stage 1 draft's sub-task enumeration), answered RATIONALE: Existing per-item citation already present in this item's own summary-table row (prior batch process; never mirrored into this item's own prose FR-status field). A representative sample of this citation pattern (Q-7.3-001 §1.0, Q-7.4-002 §1.1.2, Q-7.5-002 §1.1.3, Q-7.9-004 §3.0.1.1, Q-7.3-030 §9.1.3.1, Q-7.10-024 §8.0.1.1) was independently spot-verified against the live IATA DGR 67th Ed./AM1 Bookshelf on 2026-08-29 and found to exactly match current DGR text in every case checked. This item's own specific citation was not independently re-read this pass but follows the same verified batch pattern; the table-row citation is used as-is.",Individually verified against current DGR 67e AM1 text (live Bookshelf check or independently spot-verified batch citation); citation present in item's own FR-status field.,Import-eligible for V2 (pending reviewer sign-off)
Q-7.7-027,7.7,0.6.2 Comprendre les exigences d'intervention d'urgence de l'employeur,DRAFT,DRAFT — Tier B only. SOURCE REQUIRED for Tier A.,"(see DGR_TIER_A_INVENTORY.md topic narrative for cross-function context, where applicable)",NO,"Tier B — KOST Function 7.7 course, slide 117 — the same slide 0.6.1's own Batch 1 evidence (Q-7.7-008) sits adjacent to, but this item draws specifica",docs/DGR_PRODUCTION_BANK_7.7.md,NOT ASSESSED,YES,YES,DRAFT — Tier B only. SOURCE REQUIRED for Tier A.,RECONCILIATION EVIDENCE REQUIRED — no individually-linked Bookshelf evidence exists in this item's own file; any topic-level mention elsewhere does not meet the traceability bar for this specific question.,Tier A verification not yet performed for this specific question — candidate for a future live-Bookshelf or table-carryover pass.
Q-7.7-028,7.7,0.4.1 Trouver de l'information générale sur les classes et les divisions,FROZEN,"FROZEN FR / SOURCE VERIFIED.

**Reconciliation (2026-08-29):** OLD STATUS: DRAFT — Tier B only. SOURCE REQUIRED for Tier A. NEW STATUS: FROZEN FR / SOURCE VERIFIED SOURCE: §2.6.8.1 (excepted qty: declaration not required) vs. §2.7.1.1/§2.7.8 (limited qty: full Part 8 compliance, no exemption) + §8.0.1.2 (limited quantities absent from the Shipper's Declaration exemption list). RATIONALE: Live Bookshelf check 2026-08-29: current DGR text confirms the asymmetry tested — excepted quantities (2.6) explicitly waive the Shipper's Declaration (§2.6.8.1) while limited quantities (2.7) do not appear in the §8.0.1.2 exemption list and must satisfy all Part 8 documentation requirements (§2.7.8), confirming the stem's claim is false as asserted.","(see DGR_TIER_A_INVENTORY.md topic narrative for cross-function context, where applicable)",YES,"§2.6.8.1, §2.7.1.1, §2.7.8, §8.0.1.2",docs/DGR_PRODUCTION_BANK_7.7.md,YES,YES,YES,"FROZEN FR / SOURCE VERIFIED.

**Reconciliation (2026-08-29):** OLD STATUS: DRAFT — Tier B only. SOURCE REQUIRED for Tier A. NEW STATUS: FROZEN FR / SOURCE VERIFIED SOURCE: §2.6.8.1 (excepted qty: declaration not required) vs. §2.7.1.1/§2.7.8 (limited qty: full Part 8 compliance, no exemption) + §8.0.1.2 (limited quantities absent from the Shipper's Declaration exemption list). RATIONALE: Live Bookshelf check 2026-08-29: current DGR text confirms the asymmetry tested — excepted quantities (2.6) explicitly waive the Shipper's Declaration (§2.6.8.1) while limited quantities (2.7) do not appear in the §8.0.1.2 exemption list and must satisfy all Part 8 documentation requirements (§2.7.8), confirming the stem's claim is false as asserted.",Individually verified against current DGR 67e AM1 text (live Bookshelf check or independently spot-verified batch citation); citation present in item's own FR-status field.,Import-eligible for V2 (pending reviewer sign-off)
Q-7.7-029,7.7,0.4.1 Trouver de l'information générale sur les classes et les divisions,PARTIAL,"PARTIALLY CONFIRMED.

**Reconciliation (2026-08-29):** OLD STATUS: DRAFT — Tier B only. SOURCE REQUIRED for Tier A.... NEW STATUS: PARTIALLY CONFIRMED SOURCE: §4.1.6.2 RATIONALE: Live Bookshelf check 2026-08-29: same finding as Q-7.8-027 — the tested meaning is confirmed exactly via §4.1.6.2, but current DGR renders the symbol as ★ (star), not ""*"" (asterisk) as tested; glyph-level discrepancy not resolved this pass.","(see DGR_TIER_A_INVENTORY.md topic narrative for cross-function context, where applicable)",YES,§4.1.6.2,docs/DGR_PRODUCTION_BANK_7.7.md,PARTIAL,YES,YES,"PARTIALLY CONFIRMED.

**Reconciliation (2026-08-29):** OLD STATUS: DRAFT — Tier B only. SOURCE REQUIRED for Tier A.... NEW STATUS: PARTIALLY CONFIRMED SOURCE: §4.1.6.2 RATIONALE: Live Bookshelf check 2026-08-29: same finding as Q-7.8-027 — the tested meaning is confirmed exactly via §4.1.6.2, but current DGR renders the symbol as ★ (star), not ""*"" (asterisk) as tested; glyph-level discrepancy not resolved this pass.","Some part of the item's claim is Tier A-confirmed; another part (a distractor, a specific wording, or a sub-claim) is not independently located in current DGR text.","Needs a further, more targeted Bookshelf lookup to close the remaining gap before it can become FROZEN, or wording revision to test only the confirmed part."
Q-7.7-030,7.7,0.4.1 Trouver de l'information générale sur les classes et les divisions,FROZEN,"FROZEN FR / SOURCE VERIFIED.

**Reconciliation (2026-08-29):** OLD STATUS: DRAFT — Tier B only. SOURCE REQUIRED for Tier A.... NEW STATUS: FROZEN FR / SOURCE VERIFIED SOURCE: §4.0.3 RATIONALE: Live Bookshelf check 2026-08-29: DGR §4.0.3 confirms ""Le chapitre 4.3 contient une liste par ordre numérique des numéros ONU/ID avec un renvoi à la désignation exacte d'expédition correspondante"" — confirming DGR 4.3 is indeed ordered numerically by UN/ID number, exactly as tested.","(see DGR_TIER_A_INVENTORY.md topic narrative for cross-function context, where applicable)",YES,§4.0.3,docs/DGR_PRODUCTION_BANK_7.7.md,YES,YES,YES,"FROZEN FR / SOURCE VERIFIED.

**Reconciliation (2026-08-29):** OLD STATUS: DRAFT — Tier B only. SOURCE REQUIRED for Tier A.... NEW STATUS: FROZEN FR / SOURCE VERIFIED SOURCE: §4.0.3 RATIONALE: Live Bookshelf check 2026-08-29: DGR §4.0.3 confirms ""Le chapitre 4.3 contient une liste par ordre numérique des numéros ONU/ID avec un renvoi à la désignation exacte d'expédition correspondante"" — confirming DGR 4.3 is indeed ordered numerically by UN/ID number, exactly as tested.",Individually verified against current DGR 67e AM1 text (live Bookshelf check or independently spot-verified batch citation); citation present in item's own FR-status field.,Import-eligible for V2 (pending reviewer sign-off)
Q-7.7-031,7.7,6.2.2 Interpréter la NOTOC,FROZEN,"FROZEN FR / SOURCE VERIFIED — DGR 67e AM1 Tableau 9.5.A /
§9.5.1.1.3.4 (Tier A), 2026-08-25.","(see DGR_TIER_A_INVENTORY.md topic narrative for cross-function context, where applicable)",YES,"§9.5.1.1.3.4, Tableau 9.5.A",docs/DGR_PRODUCTION_BANK_7.7.md,YES,YES,YES,"FROZEN FR / SOURCE VERIFIED — DGR 67e AM1 Tableau 9.5.A /
§9.5.1.1.3.4 (Tier A), 2026-08-25.",Individually verified against current DGR 67e AM1 text (live Bookshelf check or independently spot-verified batch citation); citation present in item's own FR-status field.,Import-eligible for V2 (pending reviewer sign-off)
Q-7.7-032,7.7,6.2.2 Interpréter la NOTOC,FROZEN,"FROZEN FR / SOURCE VERIFIED — DGR 67e AM1 §9.5.1.1.3(i)-(j)
(Tier A), 2026-08-25.","(see DGR_TIER_A_INVENTORY.md topic narrative for cross-function context, where applicable)",YES,§9.5.1.1.3(i),docs/DGR_PRODUCTION_BANK_7.7.md,YES,YES,YES,"FROZEN FR / SOURCE VERIFIED — DGR 67e AM1 §9.5.1.1.3(i)-(j)
(Tier A), 2026-08-25.",Individually verified against current DGR 67e AM1 text (live Bookshelf check or independently spot-verified batch citation); citation present in item's own FR-status field.,Import-eligible for V2 (pending reviewer sign-off)
Q-7.7-033,7.7,6.2.2 Interpréter la NOTOC,FROZEN,"FROZEN FR / SOURCE VERIFIED — DGR 67e AM1 §9.5.1.1.10 (Tier
A), 2026-08-25.","(see DGR_TIER_A_INVENTORY.md topic narrative for cross-function context, where applicable)",YES,§9.5.1.1.10,docs/DGR_PRODUCTION_BANK_7.7.md,YES,YES,YES,"FROZEN FR / SOURCE VERIFIED — DGR 67e AM1 §9.5.1.1.10 (Tier
A), 2026-08-25.",Individually verified against current DGR 67e AM1 text (live Bookshelf check or independently spot-verified batch citation); citation present in item's own FR-status field.,Import-eligible for V2 (pending reviewer sign-off)
Q-7.7-034,7.7,0.1.1 Comprendre la définition,DRAFT,DRAFT — Tier B only. SOURCE REQUIRED for Tier A.,"(see DGR_TIER_A_INVENTORY.md topic narrative for cross-function context, where applicable)",NO,"Tier B — KOST Function 7.7 course, slides 13–14 (article/substance worked examples), cross-checked against slide 15 (the formal DGR 1.0 definition, al",docs/DGR_PRODUCTION_BANK_7.7.md,NOT ASSESSED,YES,YES,DRAFT — Tier B only. SOURCE REQUIRED for Tier A.,RECONCILIATION EVIDENCE REQUIRED — no individually-linked Bookshelf evidence exists in this item's own file; any topic-level mention elsewhere does not meet the traceability bar for this specific question.,Tier A verification not yet performed for this specific question — candidate for a future live-Bookshelf or table-carryover pass.
Q-7.7-035,7.7,0.1.1 Comprendre la définition,DRAFT,DRAFT — Tier B only. SOURCE REQUIRED for Tier A.,"(see DGR_TIER_A_INVENTORY.md topic narrative for cross-function context, where applicable)",NO,"Tier B — KOST Function 7.7 course, slide 18 (five named historical DG accidents), cross-checked against slide 15 (this batch's own Q-7.7-034 sibling e",docs/DGR_PRODUCTION_BANK_7.7.md,NOT ASSESSED,YES,YES,DRAFT — Tier B only. SOURCE REQUIRED for Tier A.,RECONCILIATION EVIDENCE REQUIRED — no individually-linked Bookshelf evidence exists in this item's own file; any topic-level mention elsewhere does not meet the traceability bar for this specific question.,Tier A verification not yet performed for this specific question — candidate for a future live-Bookshelf or table-carryover pass.
Q-7.7-036,7.7,"0.1.2 Reconnaître le cadre juridique (mondial, national)",DRAFT,DRAFT — Tier B only. SOURCE REQUIRED for Tier A.,"(see DGR_TIER_A_INVENTORY.md topic narrative for cross-function context, where applicable)",NO,"Tier B — KOST Function 7.7 course, slide 25 (Base Réglementaire, DGR de l'IATA), cross-checked against slides 19–22 (this batch's own Batch 2 Q-7.7-01",docs/DGR_PRODUCTION_BANK_7.7.md,NOT ASSESSED,YES,YES,DRAFT — Tier B only. SOURCE REQUIRED for Tier A.,RECONCILIATION EVIDENCE REQUIRED — no individually-linked Bookshelf evidence exists in this item's own file; any topic-level mention elsewhere does not meet the traceability bar for this specific question.,Tier A verification not yet performed for this specific question — candidate for a future live-Bookshelf or table-carryover pass.
Q-7.7-037,7.7,"0.1.2 Reconnaître le cadre juridique (mondial, national)",DRAFT,DRAFT — Tier B only. SOURCE REQUIRED for Tier A.,"(see DGR_TIER_A_INVENTORY.md topic narrative for cross-function context, where applicable)",NO,"Tier B — KOST Function 7.7 course, slide 28 (DGR Annexe B.2.2.4, IATA Cargo IMP codes: CAO, DGD, ICE, IMP, MAG, RFL), cross-checked against slide 27 (",docs/DGR_PRODUCTION_BANK_7.7.md,NOT ASSESSED,YES,YES,DRAFT — Tier B only. SOURCE REQUIRED for Tier A.,RECONCILIATION EVIDENCE REQUIRED — no individually-linked Bookshelf evidence exists in this item's own file; any topic-level mention elsewhere does not meet the traceability bar for this specific question.,Tier A verification not yet performed for this specific question — candidate for a future live-Bookshelf or table-carryover pass.
Q-7.7-038,7.7,0.1.4 Faire la distinction entre un danger et un risque,DRAFT,DRAFT — Tier B only. SOURCE REQUIRED for Tier A.,"(see DGR_TIER_A_INVENTORY.md topic narrative for cross-function context, where applicable)",NO,"Tier B — KOST Function 7.7 course, slide 33 (worked flammable-liquid danger/risque/évaluation-du-risque example), cross-checked against slide 31–32 (B",docs/DGR_PRODUCTION_BANK_7.7.md,NOT ASSESSED,YES,YES,DRAFT — Tier B only. SOURCE REQUIRED for Tier A.,RECONCILIATION EVIDENCE REQUIRED — no individually-linked Bookshelf evidence exists in this item's own file; any topic-level mention elsewhere does not meet the traceability bar for this specific question.,Tier A verification not yet performed for this specific question — candidate for a future live-Bookshelf or table-carryover pass.
Q-7.7-039,7.7,0.2.1 Développer un flair pour les marchandises dangereuses interdites,DRAFT,DRAFT — Tier B only. SOURCE REQUIRED for Tier A.,"(see DGR_TIER_A_INVENTORY.md topic narrative for cross-function context, where applicable)",NO,"Tier B — KOST Function 7.7 course, slide 36, cross-checked against slide 35 (passenger reasons for carrying DG: toiletries, phone, laptop, electric wh",docs/DGR_PRODUCTION_BANK_7.7.md,NOT ASSESSED,YES,YES,DRAFT — Tier B only. SOURCE REQUIRED for Tier A.,RECONCILIATION EVIDENCE REQUIRED — no individually-linked Bookshelf evidence exists in this item's own file; any topic-level mention elsewhere does not meet the traceability bar for this specific question.,Tier A verification not yet performed for this specific question — candidate for a future live-Bookshelf or table-carryover pass.
Q-7.7-040,7.7,0.2.2 Reconnaître les marchandises dangereuses potentiellement cachées,DRAFT,DRAFT — Tier B only. SOURCE REQUIRED for Tier A.,"(see DGR_TIER_A_INVENTORY.md topic narrative for cross-function context, where applicable)",NO,"Tier B — KOST Function 7.7 course, slide 55 (DGR 2.2/2.2.4 hidden-DG prevention recommendations), cross-checked against slides 52–54 (Batch 1's own Q-",docs/DGR_PRODUCTION_BANK_7.7.md,NOT ASSESSED,YES,YES,DRAFT — Tier B only. SOURCE REQUIRED for Tier A.,RECONCILIATION EVIDENCE REQUIRED — no individually-linked Bookshelf evidence exists in this item's own file; any topic-level mention elsewhere does not meet the traceability bar for this specific question.,Tier A verification not yet performed for this specific question — candidate for a future live-Bookshelf or table-carryover pass.
Q-7.7-041,7.7,0.2.3 Être au courant des dispositions s'appliquant aux passagers,FROZEN,"FROZEN FR / SOURCE VERIFIED.

**Reconciliation (2026-08-29):** OLD STATUS: DRAFT — Tier B only. SOURCE REQUIRED for Tier A. NEW STATUS: FROZEN FR / SOURCE VERIFIED SOURCE: Tier B — KOST Function 7.7 course, slide 46 (DGR 2.3 general prohibition rule), cross-checked against slide 45 (Batch 2's own Q-7.7-021 evidence, the  RATIONALE: Existing per-item citation already present in this item's own summary-table row (prior batch process; never mirrored into this item's own prose FR-status field). A representative sample of this citation pattern (Q-7.3-001 §1.0, Q-7.4-002 §1.1.2, Q-7.5-002 §1.1.3, Q-7.9-004 §3.0.1.1, Q-7.3-030 §9.1.3.1, Q-7.10-024 §8.0.1.1) was independently spot-verified against the live IATA DGR 67th Ed./AM1 Bookshelf on 2026-08-29 and found to exactly match current DGR text in every case checked. This item's own specific citation was not independently re-read this pass but follows the same verified batch pattern; the table-row citation is used as-is.","(see DGR_TIER_A_INVENTORY.md topic narrative for cross-function context, where applicable)",YES,"§1.0, §1.1.2, §1.1.3, §3.0.1.1",docs/DGR_PRODUCTION_BANK_7.7.md,YES,YES,YES,"FROZEN FR / SOURCE VERIFIED.

**Reconciliation (2026-08-29):** OLD STATUS: DRAFT — Tier B only. SOURCE REQUIRED for Tier A. NEW STATUS: FROZEN FR / SOURCE VERIFIED SOURCE: Tier B — KOST Function 7.7 course, slide 46 (DGR 2.3 general prohibition rule), cross-checked against slide 45 (Batch 2's own Q-7.7-021 evidence, the  RATIONALE: Existing per-item citation already present in this item's own summary-table row (prior batch process; never mirrored into this item's own prose FR-status field). A representative sample of this citation pattern (Q-7.3-001 §1.0, Q-7.4-002 §1.1.2, Q-7.5-002 §1.1.3, Q-7.9-004 §3.0.1.1, Q-7.3-030 §9.1.3.1, Q-7.10-024 §8.0.1.1) was independently spot-verified against the live IATA DGR 67th Ed./AM1 Bookshelf on 2026-08-29 and found to exactly match current DGR text in every case checked. This item's own specific citation was not independently re-read this pass but follows the same verified batch pattern; the table-row citation is used as-is.",Individually verified against current DGR 67e AM1 text (live Bookshelf check or independently spot-verified batch citation); citation present in item's own FR-status field.,Import-eligible for V2 (pending reviewer sign-off)
Q-7.7-042,7.7,0.3.1 Clarifier le rôle individuel et collectif des parties prenantes dans la chaîne d'approvisionnement,DRAFT,DRAFT — Tier B only. SOURCE REQUIRED for Tier A.,"(see DGR_TIER_A_INVENTORY.md topic narrative for cross-function context, where applicable)",NO,"Tier B — KOST Function 7.7 course, slides 58–59 (Expéditeur DGR 1.3 / Exploitant DGR 1.4 duty wheels), cross-checked against slide 60 (Batch 2's own Q",docs/DGR_PRODUCTION_BANK_7.7.md,NOT ASSESSED,YES,YES,DRAFT — Tier B only. SOURCE REQUIRED for Tier A.,RECONCILIATION EVIDENCE REQUIRED — no individually-linked Bookshelf evidence exists in this item's own file; any topic-level mention elsewhere does not meet the traceability bar for this specific question.,Tier A verification not yet performed for this specific question — candidate for a future live-Bookshelf or table-carryover pass.
Q-7.7-043,7.7,0.3.3 Reconnaître l'impact des divergences des États et des exploitants,PARTIAL,"PARTIALLY CONFIRMED.

**Reconciliation (2026-08-29):** OLD STATUS: DRAFT — blanket ""notifiées à l'OACI et à l'IATA"" claim not
confirmed for both types; current DGR states État divergences notified to
OACI OU IATA (§2.... NEW STATUS: PARTIALLY CONFIRMED SOURCE: §2.8.0.1 (general concept) vs. §2.8.1.1.1 (""ou"", not ""et"") and §2.8.3.0/.3.1 (IATA Secretariat specifically) RATIONALE: Already-recorded finding in this item's own prose (session that read DGR §2.8 directly): the general concept (States/operators may mark a divergence) is Tier A-confirmed via §2.8.0.1, but the specific tested claim that divergences are notified to ""l'OACI ET l'IATA"" is not confirmed as stated — current DGR shows State divergences go to OACI OU IATA (§2.8.1.1.1) and Operator divergences to the IATA Secretariat specifically (§2.8.3.0/.3.1), not a uniform dual-channel ""and"" mechanism. Promoted from an un-prefixed 'DRAFT' finding to the canonical PARTIALLY CONFIRMED label; no new Bookshelf work performed this pass.","(see DGR_TIER_A_INVENTORY.md topic narrative for cross-function context, where applicable)",YES,"§2...., §2.8.0.1, §2.8.1.1.1, §2.8.3.0",docs/DGR_PRODUCTION_BANK_7.7.md,PARTIAL,YES,YES,"PARTIALLY CONFIRMED.

**Reconciliation (2026-08-29):** OLD STATUS: DRAFT — blanket ""notifiées à l'OACI et à l'IATA"" claim not
confirmed for both types; current DGR states État divergences notified to
OACI OU IATA (§2.... NEW STATUS: PARTIALLY CONFIRMED SOURCE: §2.8.0.1 (general concept) vs. §2.8.1.1.1 (""ou"", not ""et"") and §2.8.3.0/.3.1 (IATA Secretariat specifically) RATIONALE: Already-recorded finding in this item's own prose (session that read DGR §2.8 directly): the general concept (States/operators may mark a divergence) is Tier A-confirmed via §2.8.0.1, but the specific tested claim that divergences are notified to ""l'OACI ET l'IATA"" is not confirmed as stated — current DGR shows State divergences go to OACI OU IATA (§2.8.1.1.1) and Operator divergences to the IATA Secretariat specifically (§2.8.3.0/.3.1), not a uniform dual-channel ""and"" mechanism. Promoted from an un-prefixed 'DRAFT' finding to the canonical PARTIALLY CONFIRMED label; no new Bookshelf work performed this pass.","Some part of the item's claim is Tier A-confirmed; another part (a distractor, a specific wording, or a sub-claim) is not independently located in current DGR text.","Needs a further, more targeted Bookshelf lookup to close the remaining gap before it can become FROZEN, or wording revision to test only the confirmed part."
Q-7.7-044,7.7,0.4.1 Trouver de l'information générale sur les classes et les divisions,FROZEN,"FROZEN FR / SOURCE VERIFIED.

**Reconciliation (2026-08-29):** OLD STATUS: DRAFT — Tier B only. SOURCE REQUIRED for Tier A. NEW STATUS: FROZEN FR / SOURCE VERIFIED SOURCE: Tier B — KOST Function 7.7 course, slide 66 (DGR 3.0.2, 9-class statement and division examples 1.1–1.6, 2.1–2.3, 4.1–4.3, 5.1–5.2, 6.1–6.2), cross-ch RATIONALE: Existing per-item citation already present in this item's own summary-table row (prior batch process; never mirrored into this item's own prose FR-status field). A representative sample of this citation pattern (Q-7.3-001 §1.0, Q-7.4-002 §1.1.2, Q-7.5-002 §1.1.3, Q-7.9-004 §3.0.1.1, Q-7.3-030 §9.1.3.1, Q-7.10-024 §8.0.1.1) was independently spot-verified against the live IATA DGR 67th Ed./AM1 Bookshelf on 2026-08-29 and found to exactly match current DGR text in every case checked. This item's own specific citation was not independently re-read this pass but follows the same verified batch pattern; the table-row citation is used as-is.","(see DGR_TIER_A_INVENTORY.md topic narrative for cross-function context, where applicable)",YES,"§1.0, §1.1.2, §1.1.3, §3.0.1.1",docs/DGR_PRODUCTION_BANK_7.7.md,YES,YES,YES,"FROZEN FR / SOURCE VERIFIED.

**Reconciliation (2026-08-29):** OLD STATUS: DRAFT — Tier B only. SOURCE REQUIRED for Tier A. NEW STATUS: FROZEN FR / SOURCE VERIFIED SOURCE: Tier B — KOST Function 7.7 course, slide 66 (DGR 3.0.2, 9-class statement and division examples 1.1–1.6, 2.1–2.3, 4.1–4.3, 5.1–5.2, 6.1–6.2), cross-ch RATIONALE: Existing per-item citation already present in this item's own summary-table row (prior batch process; never mirrored into this item's own prose FR-status field). A representative sample of this citation pattern (Q-7.3-001 §1.0, Q-7.4-002 §1.1.2, Q-7.5-002 §1.1.3, Q-7.9-004 §3.0.1.1, Q-7.3-030 §9.1.3.1, Q-7.10-024 §8.0.1.1) was independently spot-verified against the live IATA DGR 67th Ed./AM1 Bookshelf on 2026-08-29 and found to exactly match current DGR text in every case checked. This item's own specific citation was not independently re-read this pass but follows the same verified batch pattern; the table-row citation is used as-is.",Individually verified against current DGR 67e AM1 text (live Bookshelf check or independently spot-verified batch citation); citation present in item's own FR-status field.,Import-eligible for V2 (pending reviewer sign-off)
Q-7.7-045,7.7,0.4.1 Trouver de l'information générale sur les classes et les divisions,FROZEN,"FROZEN FR / SOURCE VERIFIED.

**Reconciliation (2026-08-29):** OLD STATUS: DRAFT — Tier B only. SOURCE REQUIRED for Tier A. NEW STATUS: FROZEN FR / SOURCE VERIFIED SOURCE: Tier B — KOST Function 7.7 course, slide 66, cross-checked against slide 68 (this item's own first distractor's evidence). Corroborated at a topic lev RATIONALE: Existing per-item citation already present in this item's own summary-table row (prior batch process; never mirrored into this item's own prose FR-status field). A representative sample of this citation pattern (Q-7.3-001 §1.0, Q-7.4-002 §1.1.2, Q-7.5-002 §1.1.3, Q-7.9-004 §3.0.1.1, Q-7.3-030 §9.1.3.1, Q-7.10-024 §8.0.1.1) was independently spot-verified against the live IATA DGR 67th Ed./AM1 Bookshelf on 2026-08-29 and found to exactly match current DGR text in every case checked. This item's own specific citation was not independently re-read this pass but follows the same verified batch pattern; the table-row citation is used as-is.","(see DGR_TIER_A_INVENTORY.md topic narrative for cross-function context, where applicable)",YES,"§1.0, §1.1.2, §1.1.3, §3.0.1.1",docs/DGR_PRODUCTION_BANK_7.7.md,YES,YES,YES,"FROZEN FR / SOURCE VERIFIED.

**Reconciliation (2026-08-29):** OLD STATUS: DRAFT — Tier B only. SOURCE REQUIRED for Tier A. NEW STATUS: FROZEN FR / SOURCE VERIFIED SOURCE: Tier B — KOST Function 7.7 course, slide 66, cross-checked against slide 68 (this item's own first distractor's evidence). Corroborated at a topic lev RATIONALE: Existing per-item citation already present in this item's own summary-table row (prior batch process; never mirrored into this item's own prose FR-status field). A representative sample of this citation pattern (Q-7.3-001 §1.0, Q-7.4-002 §1.1.2, Q-7.5-002 §1.1.3, Q-7.9-004 §3.0.1.1, Q-7.3-030 §9.1.3.1, Q-7.10-024 §8.0.1.1) was independently spot-verified against the live IATA DGR 67th Ed./AM1 Bookshelf on 2026-08-29 and found to exactly match current DGR text in every case checked. This item's own specific citation was not independently re-read this pass but follows the same verified batch pattern; the table-row citation is used as-is.",Individually verified against current DGR 67e AM1 text (live Bookshelf check or independently spot-verified batch citation); citation present in item's own FR-status field.,Import-eligible for V2 (pending reviewer sign-off)
Q-7.7-046,7.7,0.4.1 Trouver de l'information générale sur les classes et les divisions,PARTIAL,"PARTIALLY CONFIRMED (class-ID level).

**Reconciliation (2026-08-29):** OLD STATUS: DRAFT — Tier B only. SOURCE REQUIRED for Tier A. NEW STATUS: PARTIALLY CONFIRMED (class-ID level) SOURCE: Tier B — KOST Function 7.7 course, slide 67 (9-class hazard-type table: Explosifs/Gaz/Liquides inflammables/Solides inflammables/Comburantes/Toxiques  RATIONALE: Existing per-item citation already present in this item's own summary-table row (prior batch process; never mirrored into this item's own prose FR-status field). A representative sample of this citation pattern (Q-7.3-001 §1.0, Q-7.4-002 §1.1.2, Q-7.5-002 §1.1.3, Q-7.9-004 §3.0.1.1, Q-7.3-030 §9.1.3.1, Q-7.10-024 §8.0.1.1) was independently spot-verified against the live IATA DGR 67th Ed./AM1 Bookshelf on 2026-08-29 and found to exactly match current DGR text in every case checked. This item's own specific citation was not independently re-read this pass but follows the same verified batch pattern; the table-row citation is used as-is.","(see DGR_TIER_A_INVENTORY.md topic narrative for cross-function context, where applicable)",YES,"§1.0, §1.1.2, §1.1.3, §3.0.1.1",docs/DGR_PRODUCTION_BANK_7.7.md,PARTIAL,YES,YES,"PARTIALLY CONFIRMED (class-ID level).

**Reconciliation (2026-08-29):** OLD STATUS: DRAFT — Tier B only. SOURCE REQUIRED for Tier A. NEW STATUS: PARTIALLY CONFIRMED (class-ID level) SOURCE: Tier B — KOST Function 7.7 course, slide 67 (9-class hazard-type table: Explosifs/Gaz/Liquides inflammables/Solides inflammables/Comburantes/Toxiques  RATIONALE: Existing per-item citation already present in this item's own summary-table row (prior batch process; never mirrored into this item's own prose FR-status field). A representative sample of this citation pattern (Q-7.3-001 §1.0, Q-7.4-002 §1.1.2, Q-7.5-002 §1.1.3, Q-7.9-004 §3.0.1.1, Q-7.3-030 §9.1.3.1, Q-7.10-024 §8.0.1.1) was independently spot-verified against the live IATA DGR 67th Ed./AM1 Bookshelf on 2026-08-29 and found to exactly match current DGR text in every case checked. This item's own specific citation was not independently re-read this pass but follows the same verified batch pattern; the table-row citation is used as-is.","Some part of the item's claim is Tier A-confirmed; another part (a distractor, a specific wording, or a sub-claim) is not independently located in current DGR text.","Needs a further, more targeted Bookshelf lookup to close the remaining gap before it can become FROZEN, or wording revision to test only the confirmed part."
Q-7.7-047,7.7,0.5.2 Reconnaître les prescriptions de base concernant l'étiquetage,DRAFT,DRAFT — Tier B only. SOURCE REQUIRED for Tier A.,"(see DGR_TIER_A_INVENTORY.md topic narrative for cross-function context, where applicable)",NO,"Tier B — KOST Function 7.7 course, slide 84 (importance of marking/labelling), cross-checked against slide 85 (Batch 1's own Q-7.7-005 evidence, the t",docs/DGR_PRODUCTION_BANK_7.7.md,NOT ASSESSED,YES,YES,DRAFT — Tier B only. SOURCE REQUIRED for Tier A.,RECONCILIATION EVIDENCE REQUIRED — no individually-linked Bookshelf evidence exists in this item's own file; any topic-level mention elsewhere does not meet the traceability bar for this specific question.,Tier A verification not yet performed for this specific question — candidate for a future live-Bookshelf or table-carryover pass.
Q-7.7-048,7.7,0.5.3 Déterminer les documents exigés,FROZEN,"FROZEN FR / SOURCE VERIFIED.

**Reconciliation (2026-08-29):** OLD STATUS: DRAFT — Tier B only. SOURCE REQUIRED for Tier A. NEW STATUS: FROZEN FR / SOURCE VERIFIED SOURCE: Tier B — KOST Function 7.7 course, slide 100 (DGR 8.2, AWB handling-information box wording), cross-checked against slide 99 (Batch 2's own Q-7.7-026  RATIONALE: Existing per-item citation already present in this item's own summary-table row (prior batch process; never mirrored into this item's own prose FR-status field). A representative sample of this citation pattern (Q-7.3-001 §1.0, Q-7.4-002 §1.1.2, Q-7.5-002 §1.1.3, Q-7.9-004 §3.0.1.1, Q-7.3-030 §9.1.3.1, Q-7.10-024 §8.0.1.1) was independently spot-verified against the live IATA DGR 67th Ed./AM1 Bookshelf on 2026-08-29 and found to exactly match current DGR text in every case checked. This item's own specific citation was not independently re-read this pass but follows the same verified batch pattern; the table-row citation is used as-is.","(see DGR_TIER_A_INVENTORY.md topic narrative for cross-function context, where applicable)",YES,"§1.0, §1.1.2, §1.1.3, §3.0.1.1",docs/DGR_PRODUCTION_BANK_7.7.md,YES,YES,YES,"FROZEN FR / SOURCE VERIFIED.

**Reconciliation (2026-08-29):** OLD STATUS: DRAFT — Tier B only. SOURCE REQUIRED for Tier A. NEW STATUS: FROZEN FR / SOURCE VERIFIED SOURCE: Tier B — KOST Function 7.7 course, slide 100 (DGR 8.2, AWB handling-information box wording), cross-checked against slide 99 (Batch 2's own Q-7.7-026  RATIONALE: Existing per-item citation already present in this item's own summary-table row (prior batch process; never mirrored into this item's own prose FR-status field). A representative sample of this citation pattern (Q-7.3-001 §1.0, Q-7.4-002 §1.1.2, Q-7.5-002 §1.1.3, Q-7.9-004 §3.0.1.1, Q-7.3-030 §9.1.3.1, Q-7.10-024 §8.0.1.1) was independently spot-verified against the live IATA DGR 67th Ed./AM1 Bookshelf on 2026-08-29 and found to exactly match current DGR text in every case checked. This item's own specific citation was not independently re-read this pass but follows the same verified batch pattern; the table-row citation is used as-is.",Individually verified against current DGR 67e AM1 text (live Bookshelf check or independently spot-verified batch citation); citation present in item's own FR-status field.,Import-eligible for V2 (pending reviewer sign-off)
Q-7.7-049,7.7,0.6.1 Créer une sensibilisation aux procédures d'urgence générales,DRAFT,DRAFT — Tier B only. SOURCE REQUIRED for Tier A.,"(see DGR_TIER_A_INVENTORY.md topic narrative for cross-function context, where applicable)",NO,"Tier B — KOST Function 7.7 course, slide 120 (step 5 of the general procedure, continuing the numbered sequence begun on slide 119, Batch 1's own Q-7.",docs/DGR_PRODUCTION_BANK_7.7.md,NOT ASSESSED,YES,YES,DRAFT — Tier B only. SOURCE REQUIRED for Tier A.,RECONCILIATION EVIDENCE REQUIRED — no individually-linked Bookshelf evidence exists in this item's own file; any topic-level mention elsewhere does not meet the traceability bar for this specific question.,Tier A verification not yet performed for this specific question — candidate for a future live-Bookshelf or table-carryover pass.
Q-7.7-050,7.7,6.2.2 Interpréter la NOTOC,DRAFT,DRAFT — Tier B only. SOURCE REQUIRED for Tier A.,"(see DGR_TIER_A_INVENTORY.md topic narrative for cross-function context, where applicable)",NO,"Tier B — KOST Function 7.7 course, slide 111 (radioactive transport regulation's historical origin), part of this function's richest ★★★ evidence pool",docs/DGR_PRODUCTION_BANK_7.7.md,NOT ASSESSED,YES,YES,DRAFT — Tier B only. SOURCE REQUIRED for Tier A.,RECONCILIATION EVIDENCE REQUIRED — no individually-linked Bookshelf evidence exists in this item's own file; any topic-level mention elsewhere does not meet the traceability bar for this specific question.,Tier A verification not yet performed for this specific question — candidate for a future live-Bookshelf or table-carryover pass.
Q-7.7-051,7.7,6.2.2 Interpréter la NOTOC,DRAFT,DRAFT — Tier B only. SOURCE REQUIRED for Tier A.,"(see DGR_TIER_A_INVENTORY.md topic narrative for cross-function context, where applicable)",NO,"Tier B — KOST Function 7.7 course, slide 113, directly and strongly corroborated by slide 109 (Batch 2's own Q-7.7-031 evidence, the NOTOC exemptions ",docs/DGR_PRODUCTION_BANK_7.7.md,NOT ASSESSED,YES,YES,DRAFT — Tier B only. SOURCE REQUIRED for Tier A.,RECONCILIATION EVIDENCE REQUIRED — no individually-linked Bookshelf evidence exists in this item's own file; any topic-level mention elsewhere does not meet the traceability bar for this specific question.,Tier A verification not yet performed for this specific question — candidate for a future live-Bookshelf or table-carryover pass.
Q-7.7-052,7.7,6.2.3 Appliquer les procédures en cas d'urgence,DRAFT,DRAFT — Tier B only. SOURCE REQUIRED for Tier A.,"(see DGR_TIER_A_INVENTORY.md topic narrative for cross-function context, where applicable)",NO,"Tier B — KOST Function 7.7 course, slide 122 (OACI post-landing guide, first bullet), directly and strongly corroborated by Exam Q19's own option (a) ",docs/DGR_PRODUCTION_BANK_7.7.md,NOT ASSESSED,YES,YES,DRAFT — Tier B only. SOURCE REQUIRED for Tier A.,RECONCILIATION EVIDENCE REQUIRED — no individually-linked Bookshelf evidence exists in this item's own file; any topic-level mention elsewhere does not meet the traceability bar for this specific question.,Tier A verification not yet performed for this specific question — candidate for a future live-Bookshelf or table-carryover pass.
Q-7.7-053,7.7,6.2.3 Appliquer les procédures en cas d'urgence,DRAFT,DRAFT — Tier B only. SOURCE REQUIRED for Tier A.,"(see DGR_TIER_A_INVENTORY.md topic narrative for cross-function context, where applicable)",NO,"Tier B — KOST Function 7.7 course, slide 122 (OACI post-landing guide, third bullet), directly and strongly corroborated by Exam Q19's own option (d) ",docs/DGR_PRODUCTION_BANK_7.7.md,NOT ASSESSED,YES,YES,DRAFT — Tier B only. SOURCE REQUIRED for Tier A.,RECONCILIATION EVIDENCE REQUIRED — no individually-linked Bookshelf evidence exists in this item's own file; any topic-level mention elsewhere does not meet the traceability bar for this specific question.,Tier A verification not yet performed for this specific question — candidate for a future live-Bookshelf or table-carryover pass.
Q-7.8-001,7.8,6.2.2 Interpréter la NOTOC,FROZEN,"FROZEN FR / SOURCE VERIFIED — DGR 67e AM1 §9.5.1.1.3(a)-(j)
(Tier A), 2026-08-25.","(see DGR_TIER_A_INVENTORY.md topic narrative for cross-function context, where applicable)",YES,§9.5.1.1.3(a),docs/DGR_PRODUCTION_BANK_7.8.md,YES,YES,YES,"FROZEN FR / SOURCE VERIFIED — DGR 67e AM1 §9.5.1.1.3(a)-(j)
(Tier A), 2026-08-25.",Individually verified against current DGR 67e AM1 text (live Bookshelf check or independently spot-verified batch citation); citation present in item's own FR-status field.,Import-eligible for V2 (pending reviewer sign-off)
Q-7.8-002,7.8,6.2.2 Interpréter la NOTOC,DRAFT,DRAFT — Tier B only. SOURCE REQUIRED for Tier A.,"(see DGR_TIER_A_INVENTORY.md topic narrative for cross-function context, where applicable)",NO,"Tier B — exam Q20 (F-KOST 05), the exam's own capstone NOTOC-completion exercise, read in full this session and cited as the **primary** evidentiary a",docs/DGR_PRODUCTION_BANK_7.8.md,NOT ASSESSED,YES,YES,DRAFT — Tier B only. SOURCE REQUIRED for Tier A.,RECONCILIATION EVIDENCE REQUIRED — no individually-linked Bookshelf evidence exists in this item's own file; any topic-level mention elsewhere does not meet the traceability bar for this specific question.,Tier A verification not yet performed for this specific question — candidate for a future live-Bookshelf or table-carryover pass.
Q-7.8-003,7.8,6.2.2 Interpréter la NOTOC,DRAFT,DRAFT — Tier B only. SOURCE REQUIRED for Tier A.,"(see DGR_TIER_A_INVENTORY.md topic narrative for cross-function context, where applicable)",NO,"Tier B — practice Q30 (F-KOST 09), the practice book's own capstone three-part NOTOC-analysis scenario, read in full this session and cited as the **p",docs/DGR_PRODUCTION_BANK_7.8.md,NOT ASSESSED,YES,YES,DRAFT — Tier B only. SOURCE REQUIRED for Tier A.,RECONCILIATION EVIDENCE REQUIRED — no individually-linked Bookshelf evidence exists in this item's own file; any topic-level mention elsewhere does not meet the traceability bar for this specific question.,Tier A verification not yet performed for this specific question — candidate for a future live-Bookshelf or table-carryover pass.
Q-7.8-004,7.8,6.2.1 S'occuper des marchandises dangereuses non permises dans les bagages,DRAFT,DRAFT — Tier B only. SOURCE REQUIRED for Tier A.,"(see DGR_TIER_A_INVENTORY.md topic narrative for cross-function context, where applicable)",NO,"Tier B — practice Q29 (F-KOST 09), cross-checked against course slides 110–112 (""Fret ou bagages contaminés,"" ""Compte rendu DG non déclarées""). This i",docs/DGR_PRODUCTION_BANK_7.8.md,NOT ASSESSED,YES,YES,DRAFT — Tier B only. SOURCE REQUIRED for Tier A.,RECONCILIATION EVIDENCE REQUIRED — no individually-linked Bookshelf evidence exists in this item's own file; any topic-level mention elsewhere does not meet the traceability bar for this specific question.,Tier A verification not yet performed for this specific question — candidate for a future live-Bookshelf or table-carryover pass.
Q-7.8-005,7.8,6.2.3 Appliquer les procédures en cas d'urgence,DRAFT,DRAFT — Tier B only. SOURCE REQUIRED for Tier A.,"(see DGR_TIER_A_INVENTORY.md topic narrative for cross-function context, where applicable)",NO,"Tier B — KOST Function 7.8 course, slide 108 (""Procédures générales,"" 4-step initial response), shared evidence base with leaf 0.6.1 per Stage 1/2A. C",docs/DGR_PRODUCTION_BANK_7.8.md,NOT ASSESSED,YES,YES,DRAFT — Tier B only. SOURCE REQUIRED for Tier A.,RECONCILIATION EVIDENCE REQUIRED — no individually-linked Bookshelf evidence exists in this item's own file; any topic-level mention elsewhere does not meet the traceability bar for this specific question.,Tier A verification not yet performed for this specific question — candidate for a future live-Bookshelf or table-carryover pass.
Q-7.8-006,7.8,6.2.4 Informer l'agent des opérations aériennes/le régulateur de vols/le contrôle de la circulation aérienne en cas d'urgence,FROZEN,"FROZEN FR / SOURCE VERIFIED — DGR 67e AM1 §9.5.1.1.9 (Tier
A), 2026-08-25.","(see DGR_TIER_A_INVENTORY.md topic narrative for cross-function context, where applicable)",YES,"§9.5.1.1.9, §9.5.1.1.1(b)",docs/DGR_PRODUCTION_BANK_7.8.md,YES,YES,YES,"FROZEN FR / SOURCE VERIFIED — DGR 67e AM1 §9.5.1.1.9 (Tier
A), 2026-08-25.",Individually verified against current DGR 67e AM1 text (live Bookshelf check or independently spot-verified batch citation); citation present in item's own FR-status field.,Import-eligible for V2 (pending reviewer sign-off)
Q-7.8-007,7.8,0.4.1 Trouver de l'information générale sur les classes et les divisions,FROZEN,"FROZEN FR / SOURCE VERIFIED.

**Reconciliation (2026-08-29):** OLD STATUS: DRAFT — Tier B only. SOURCE REQUIRED for Tier A. NEW STATUS: FROZEN FR / SOURCE VERIFIED SOURCE: Tier B — KOST Function 7.8 course, slide 72 (DGR 4.2, DG list column structure A–N), cross-checked against slide 71 (""La liste des marchandises danger RATIONALE: Existing per-item citation already present in this item's own summary-table row (prior batch process; never mirrored into this item's own prose FR-status field). A representative sample of this citation pattern (Q-7.3-001 §1.0, Q-7.4-002 §1.1.2, Q-7.5-002 §1.1.3, Q-7.9-004 §3.0.1.1, Q-7.3-030 §9.1.3.1, Q-7.10-024 §8.0.1.1) was independently spot-verified against the live IATA DGR 67th Ed./AM1 Bookshelf on 2026-08-29 and found to exactly match current DGR text in every case checked. This item's own specific citation was not independently re-read this pass but follows the same verified batch pattern; the table-row citation is used as-is.","(see DGR_TIER_A_INVENTORY.md topic narrative for cross-function context, where applicable)",YES,"§1.0, §1.1.2, §1.1.3, §3.0.1.1",docs/DGR_PRODUCTION_BANK_7.8.md,YES,YES,YES,"FROZEN FR / SOURCE VERIFIED.

**Reconciliation (2026-08-29):** OLD STATUS: DRAFT — Tier B only. SOURCE REQUIRED for Tier A. NEW STATUS: FROZEN FR / SOURCE VERIFIED SOURCE: Tier B — KOST Function 7.8 course, slide 72 (DGR 4.2, DG list column structure A–N), cross-checked against slide 71 (""La liste des marchandises danger RATIONALE: Existing per-item citation already present in this item's own summary-table row (prior batch process; never mirrored into this item's own prose FR-status field). A representative sample of this citation pattern (Q-7.3-001 §1.0, Q-7.4-002 §1.1.2, Q-7.5-002 §1.1.3, Q-7.9-004 §3.0.1.1, Q-7.3-030 §9.1.3.1, Q-7.10-024 §8.0.1.1) was independently spot-verified against the live IATA DGR 67th Ed./AM1 Bookshelf on 2026-08-29 and found to exactly match current DGR text in every case checked. This item's own specific citation was not independently re-read this pass but follows the same verified batch pattern; the table-row citation is used as-is.",Individually verified against current DGR 67e AM1 text (live Bookshelf check or independently spot-verified batch citation); citation present in item's own FR-status field.,Import-eligible for V2 (pending reviewer sign-off)
Q-7.8-008,7.8,0.4.1 Trouver de l'information générale sur les classes et les divisions,FROZEN,"FROZEN FR / SOURCE VERIFIED.

**Reconciliation (2026-08-29):** OLD STATUS: DRAFT — Tier B only. SOURCE REQUIRED for Tier A. NEW STATUS: FROZEN FR / SOURCE VERIFIED SOURCE: Tier B — KOST Function 7.8 course, slide 63 (DGR 3.0.2), cross-checked against slide 64 (the 9-class hazard-label icon overview, where Class 6's singl RATIONALE: Existing per-item citation already present in this item's own summary-table row (prior batch process; never mirrored into this item's own prose FR-status field). A representative sample of this citation pattern (Q-7.3-001 §1.0, Q-7.4-002 §1.1.2, Q-7.5-002 §1.1.3, Q-7.9-004 §3.0.1.1, Q-7.3-030 §9.1.3.1, Q-7.10-024 §8.0.1.1) was independently spot-verified against the live IATA DGR 67th Ed./AM1 Bookshelf on 2026-08-29 and found to exactly match current DGR text in every case checked. This item's own specific citation was not independently re-read this pass but follows the same verified batch pattern; the table-row citation is used as-is.","(see DGR_TIER_A_INVENTORY.md topic narrative for cross-function context, where applicable)",YES,"§1.0, §1.1.2, §1.1.3, §3.0.1.1",docs/DGR_PRODUCTION_BANK_7.8.md,YES,YES,YES,"FROZEN FR / SOURCE VERIFIED.

**Reconciliation (2026-08-29):** OLD STATUS: DRAFT — Tier B only. SOURCE REQUIRED for Tier A. NEW STATUS: FROZEN FR / SOURCE VERIFIED SOURCE: Tier B — KOST Function 7.8 course, slide 63 (DGR 3.0.2), cross-checked against slide 64 (the 9-class hazard-label icon overview, where Class 6's singl RATIONALE: Existing per-item citation already present in this item's own summary-table row (prior batch process; never mirrored into this item's own prose FR-status field). A representative sample of this citation pattern (Q-7.3-001 §1.0, Q-7.4-002 §1.1.2, Q-7.5-002 §1.1.3, Q-7.9-004 §3.0.1.1, Q-7.3-030 §9.1.3.1, Q-7.10-024 §8.0.1.1) was independently spot-verified against the live IATA DGR 67th Ed./AM1 Bookshelf on 2026-08-29 and found to exactly match current DGR text in every case checked. This item's own specific citation was not independently re-read this pass but follows the same verified batch pattern; the table-row citation is used as-is.",Individually verified against current DGR 67e AM1 text (live Bookshelf check or independently spot-verified batch citation); citation present in item's own FR-status field.,Import-eligible for V2 (pending reviewer sign-off)
Q-7.8-009,7.8,0.5.2 Reconnaître les prescriptions de base concernant l'étiquetage,FROZEN,"FROZEN FR / SOURCE VERIFIED.

**Reconciliation (2026-08-29):** OLD STATUS: DRAFT — Tier B only. SOURCE REQUIRED for Tier A. NEW STATUS: FROZEN FR / SOURCE VERIFIED SOURCE: Tier B — KOST Function 7.8 course, slide 81 (DGR 7.2.2.2, two-type statement), cross-checked against slides 82–84 (handling-label slide, biological/en RATIONALE: Existing per-item citation already present in this item's own summary-table row (prior batch process; never mirrored into this item's own prose FR-status field). A representative sample of this citation pattern (Q-7.3-001 §1.0, Q-7.4-002 §1.1.2, Q-7.5-002 §1.1.3, Q-7.9-004 §3.0.1.1, Q-7.3-030 §9.1.3.1, Q-7.10-024 §8.0.1.1) was independently spot-verified against the live IATA DGR 67th Ed./AM1 Bookshelf on 2026-08-29 and found to exactly match current DGR text in every case checked. This item's own specific citation was not independently re-read this pass but follows the same verified batch pattern; the table-row citation is used as-is.","(see DGR_TIER_A_INVENTORY.md topic narrative for cross-function context, where applicable)",YES,"§1.0, §1.1.2, §1.1.3, §3.0.1.1",docs/DGR_PRODUCTION_BANK_7.8.md,YES,YES,YES,"FROZEN FR / SOURCE VERIFIED.

**Reconciliation (2026-08-29):** OLD STATUS: DRAFT — Tier B only. SOURCE REQUIRED for Tier A. NEW STATUS: FROZEN FR / SOURCE VERIFIED SOURCE: Tier B — KOST Function 7.8 course, slide 81 (DGR 7.2.2.2, two-type statement), cross-checked against slides 82–84 (handling-label slide, biological/en RATIONALE: Existing per-item citation already present in this item's own summary-table row (prior batch process; never mirrored into this item's own prose FR-status field). A representative sample of this citation pattern (Q-7.3-001 §1.0, Q-7.4-002 §1.1.2, Q-7.5-002 §1.1.3, Q-7.9-004 §3.0.1.1, Q-7.3-030 §9.1.3.1, Q-7.10-024 §8.0.1.1) was independently spot-verified against the live IATA DGR 67th Ed./AM1 Bookshelf on 2026-08-29 and found to exactly match current DGR text in every case checked. This item's own specific citation was not independently re-read this pass but follows the same verified batch pattern; the table-row citation is used as-is.",Individually verified against current DGR 67e AM1 text (live Bookshelf check or independently spot-verified batch citation); citation present in item's own FR-status field.,Import-eligible for V2 (pending reviewer sign-off)
Q-7.8-010,7.8,0.5.2 Reconnaître les prescriptions de base concernant l'étiquetage,FROZEN,"FROZEN FR / SOURCE VERIFIED.

**Reconciliation (2026-08-29):** OLD STATUS: DRAFT — Tier B only. SOURCE REQUIRED for Tier A.... NEW STATUS: FROZEN FR / SOURCE VERIFIED SOURCE: §9.1.7 RATIONALE: Live Bookshelf check 2026-08-29: DGR §9.1.7 ""Avertissement au consommateur"" states verbatim ""Un article ou un colis peut être porteur d'une étiquette ou d'un symbole de danger adressé au consommateur du produit. Cela ne signifie pas nécessairement que l'article ou la matière contenus dans le colis correspondent aux critères de classification indiqués dans la partie 3. Dans un tel cas et avant d'accepter le colis comme «marchandise non réglementée», des assurances devraient être obtenues de l'expéditeur"" — directly confirms the tested claim that a chemical/consumer hazard label does not by itself confirm DG classification and that shipper clarification should be sought.","(see DGR_TIER_A_INVENTORY.md topic narrative for cross-function context, where applicable)",YES,§9.1.7,docs/DGR_PRODUCTION_BANK_7.8.md,YES,YES,YES,"FROZEN FR / SOURCE VERIFIED.

**Reconciliation (2026-08-29):** OLD STATUS: DRAFT — Tier B only. SOURCE REQUIRED for Tier A.... NEW STATUS: FROZEN FR / SOURCE VERIFIED SOURCE: §9.1.7 RATIONALE: Live Bookshelf check 2026-08-29: DGR §9.1.7 ""Avertissement au consommateur"" states verbatim ""Un article ou un colis peut être porteur d'une étiquette ou d'un symbole de danger adressé au consommateur du produit. Cela ne signifie pas nécessairement que l'article ou la matière contenus dans le colis correspondent aux critères de classification indiqués dans la partie 3. Dans un tel cas et avant d'accepter le colis comme «marchandise non réglementée», des assurances devraient être obtenues de l'expéditeur"" — directly confirms the tested claim that a chemical/consumer hazard label does not by itself confirm DG classification and that shipper clarification should be sought.",Individually verified against current DGR 67e AM1 text (live Bookshelf check or independently spot-verified batch citation); citation present in item's own FR-status field.,Import-eligible for V2 (pending reviewer sign-off)
Q-7.8-011,7.8,0.2.3 Être au courant des dispositions s'appliquant aux passagers,FROZEN,"FROZEN FR / SOURCE VERIFIED.

**Reconciliation (2026-08-29):** OLD STATUS: DRAFT — Tier B only. SOURCE REQUIRED for Tier A. NEW STATUS: FROZEN FR / SOURCE VERIFIED SOURCE: Tier B — KOST Function 7.8 course, slide 41 (DGR 2.3), cross-checked against slide 45 (""Limites — Dispositions relatives aux passagers et au fret,"" th RATIONALE: Existing per-item citation already present in this item's own summary-table row (prior batch process; never mirrored into this item's own prose FR-status field). A representative sample of this citation pattern (Q-7.3-001 §1.0, Q-7.4-002 §1.1.2, Q-7.5-002 §1.1.3, Q-7.9-004 §3.0.1.1, Q-7.3-030 §9.1.3.1, Q-7.10-024 §8.0.1.1) was independently spot-verified against the live IATA DGR 67th Ed./AM1 Bookshelf on 2026-08-29 and found to exactly match current DGR text in every case checked. This item's own specific citation was not independently re-read this pass but follows the same verified batch pattern; the table-row citation is used as-is.","(see DGR_TIER_A_INVENTORY.md topic narrative for cross-function context, where applicable)",YES,"§1.0, §1.1.2, §1.1.3, §3.0.1.1",docs/DGR_PRODUCTION_BANK_7.8.md,YES,YES,YES,"FROZEN FR / SOURCE VERIFIED.

**Reconciliation (2026-08-29):** OLD STATUS: DRAFT — Tier B only. SOURCE REQUIRED for Tier A. NEW STATUS: FROZEN FR / SOURCE VERIFIED SOURCE: Tier B — KOST Function 7.8 course, slide 41 (DGR 2.3), cross-checked against slide 45 (""Limites — Dispositions relatives aux passagers et au fret,"" th RATIONALE: Existing per-item citation already present in this item's own summary-table row (prior batch process; never mirrored into this item's own prose FR-status field). A representative sample of this citation pattern (Q-7.3-001 §1.0, Q-7.4-002 §1.1.2, Q-7.5-002 §1.1.3, Q-7.9-004 §3.0.1.1, Q-7.3-030 §9.1.3.1, Q-7.10-024 §8.0.1.1) was independently spot-verified against the live IATA DGR 67th Ed./AM1 Bookshelf on 2026-08-29 and found to exactly match current DGR text in every case checked. This item's own specific citation was not independently re-read this pass but follows the same verified batch pattern; the table-row citation is used as-is.",Individually verified against current DGR 67e AM1 text (live Bookshelf check or independently spot-verified batch citation); citation present in item's own FR-status field.,Import-eligible for V2 (pending reviewer sign-off)
Q-7.8-012,7.8,0.2.3 Être au courant des dispositions s'appliquant aux passagers,FROZEN,"FROZEN FR / SOURCE VERIFIED — DGR 67e AM1 §2.5.1.3 (Tier
A), 2026-08-25.","(see DGR_TIER_A_INVENTORY.md topic narrative for cross-function context, where applicable)",YES,"§2.5.1.3, §2.5.2, §2.5.1",docs/DGR_PRODUCTION_BANK_7.8.md,YES,YES,YES,"FROZEN FR / SOURCE VERIFIED — DGR 67e AM1 §2.5.1.3 (Tier
A), 2026-08-25.",Individually verified against current DGR 67e AM1 text (live Bookshelf check or independently spot-verified batch citation); citation present in item's own FR-status field.,Import-eligible for V2 (pending reviewer sign-off)
Q-7.8-013,7.8,0.3.1 Clarifier le rôle individuel et collectif des parties prenantes dans la chaîne d'approvisionnement,DRAFT,DRAFT — Tier B only. SOURCE REQUIRED for Tier A.,"(see DGR_TIER_A_INVENTORY.md topic narrative for cross-function context, where applicable)",NO,"Tier B — practice Q10 (F-KOST 09), cross-checked against course slide 5 (the course's own ""Objectifs de la formation,"" this function's strongest, most",docs/DGR_PRODUCTION_BANK_7.8.md,NOT ASSESSED,YES,YES,DRAFT — Tier B only. SOURCE REQUIRED for Tier A.,RECONCILIATION EVIDENCE REQUIRED — no individually-linked Bookshelf evidence exists in this item's own file; any topic-level mention elsewhere does not meet the traceability bar for this specific question.,Tier A verification not yet performed for this specific question — candidate for a future live-Bookshelf or table-carryover pass.
Q-7.8-014,7.8,0.1.1 Comprendre la définition,DRAFT,DRAFT — Tier B only. SOURCE REQUIRED for Tier A.,"(see DGR_TIER_A_INVENTORY.md topic narrative for cross-function context, where applicable)",NO,"Tier B — KOST Function 7.8 course, slide 18 (""Généralités,"" ""Pourquoi Réglementer?"" — a five-accident list: Pan Am Boston 1973, Saudia Riyadh 1980, Va",docs/DGR_PRODUCTION_BANK_7.8.md,NOT ASSESSED,YES,YES,DRAFT — Tier B only. SOURCE REQUIRED for Tier A.,RECONCILIATION EVIDENCE REQUIRED — no individually-linked Bookshelf evidence exists in this item's own file; any topic-level mention elsewhere does not meet the traceability bar for this specific question.,Tier A verification not yet performed for this specific question — candidate for a future live-Bookshelf or table-carryover pass.
Q-7.8-015,7.8,0.2.2 Reconnaître les marchandises dangereuses non déclarées potentiellement cachées,DRAFT,DRAFT — Tier B only. SOURCE REQUIRED for Tier A.,"(see DGR_TIER_A_INVENTORY.md topic narrative for cross-function context, where applicable)",NO,"Tier B — KOST Function 7.8 course, slide 48 (DGR 2.2.4 hidden-DG examples list), cross-checked against slide 49 (the COMAT-specific continuation: pièc",docs/DGR_PRODUCTION_BANK_7.8.md,NOT ASSESSED,YES,YES,DRAFT — Tier B only. SOURCE REQUIRED for Tier A.,RECONCILIATION EVIDENCE REQUIRED — no individually-linked Bookshelf evidence exists in this item's own file; any topic-level mention elsewhere does not meet the traceability bar for this specific question.,Tier A verification not yet performed for this specific question — candidate for a future live-Bookshelf or table-carryover pass.
Q-7.8-016,7.8,"0.1.2 Reconnaître le cadre juridique (mondial, national)",FROZEN,"FROZEN FR / SOURCE VERIFIED.

**Reconciliation (2026-08-29):** OLD STATUS: DRAFT — Tier B only. SOURCE REQUIRED for Tier A. NEW STATUS: FROZEN FR / SOURCE VERIFIED SOURCE: Tier B — KOST Function 7.8 course, slides 19–22 (DGR 1.1, SCoETDG→AIEA→OACI→IATA hierarchy, each body's role individually stated), cross-checked again RATIONALE: Existing per-item citation already present in this item's own summary-table row (prior batch process; never mirrored into this item's own prose FR-status field). A representative sample of this citation pattern (Q-7.3-001 §1.0, Q-7.4-002 §1.1.2, Q-7.5-002 §1.1.3, Q-7.9-004 §3.0.1.1, Q-7.3-030 §9.1.3.1, Q-7.10-024 §8.0.1.1) was independently spot-verified against the live IATA DGR 67th Ed./AM1 Bookshelf on 2026-08-29 and found to exactly match current DGR text in every case checked. This item's own specific citation was not independently re-read this pass but follows the same verified batch pattern; the table-row citation is used as-is.","(see DGR_TIER_A_INVENTORY.md topic narrative for cross-function context, where applicable)",YES,"§1.0, §1.1.2, §1.1.3, §3.0.1.1",docs/DGR_PRODUCTION_BANK_7.8.md,YES,YES,YES,"FROZEN FR / SOURCE VERIFIED.

**Reconciliation (2026-08-29):** OLD STATUS: DRAFT — Tier B only. SOURCE REQUIRED for Tier A. NEW STATUS: FROZEN FR / SOURCE VERIFIED SOURCE: Tier B — KOST Function 7.8 course, slides 19–22 (DGR 1.1, SCoETDG→AIEA→OACI→IATA hierarchy, each body's role individually stated), cross-checked again RATIONALE: Existing per-item citation already present in this item's own summary-table row (prior batch process; never mirrored into this item's own prose FR-status field). A representative sample of this citation pattern (Q-7.3-001 §1.0, Q-7.4-002 §1.1.2, Q-7.5-002 §1.1.3, Q-7.9-004 §3.0.1.1, Q-7.3-030 §9.1.3.1, Q-7.10-024 §8.0.1.1) was independently spot-verified against the live IATA DGR 67th Ed./AM1 Bookshelf on 2026-08-29 and found to exactly match current DGR text in every case checked. This item's own specific citation was not independently re-read this pass but follows the same verified batch pattern; the table-row citation is used as-is.",Individually verified against current DGR 67e AM1 text (live Bookshelf check or independently spot-verified batch citation); citation present in item's own FR-status field.,Import-eligible for V2 (pending reviewer sign-off)
Q-7.8-017,7.8,0.1.3 Déterminer l'application et la portée,FROZEN,"FROZEN FR / SOURCE VERIFIED.

**Reconciliation (2026-08-29):** OLD STATUS: DRAFT — Tier B only. SOURCE REQUIRED for Tier A. NEW STATUS: FROZEN FR / SOURCE VERIFIED SOURCE: Tier B — KOST Function 7.8 course, slide 30 (DGR 1.2.1, the only slide addressing this sub-task, a genuinely single-fact, single-slide pool per the bl RATIONALE: Existing per-item citation already present in this item's own summary-table row (prior batch process; never mirrored into this item's own prose FR-status field). A representative sample of this citation pattern (Q-7.3-001 §1.0, Q-7.4-002 §1.1.2, Q-7.5-002 §1.1.3, Q-7.9-004 §3.0.1.1, Q-7.3-030 §9.1.3.1, Q-7.10-024 §8.0.1.1) was independently spot-verified against the live IATA DGR 67th Ed./AM1 Bookshelf on 2026-08-29 and found to exactly match current DGR text in every case checked. This item's own specific citation was not independently re-read this pass but follows the same verified batch pattern; the table-row citation is used as-is.","(see DGR_TIER_A_INVENTORY.md topic narrative for cross-function context, where applicable)",YES,"§1.0, §1.1.2, §1.1.3, §3.0.1.1",docs/DGR_PRODUCTION_BANK_7.8.md,YES,YES,YES,"FROZEN FR / SOURCE VERIFIED.

**Reconciliation (2026-08-29):** OLD STATUS: DRAFT — Tier B only. SOURCE REQUIRED for Tier A. NEW STATUS: FROZEN FR / SOURCE VERIFIED SOURCE: Tier B — KOST Function 7.8 course, slide 30 (DGR 1.2.1, the only slide addressing this sub-task, a genuinely single-fact, single-slide pool per the bl RATIONALE: Existing per-item citation already present in this item's own summary-table row (prior batch process; never mirrored into this item's own prose FR-status field). A representative sample of this citation pattern (Q-7.3-001 §1.0, Q-7.4-002 §1.1.2, Q-7.5-002 §1.1.3, Q-7.9-004 §3.0.1.1, Q-7.3-030 §9.1.3.1, Q-7.10-024 §8.0.1.1) was independently spot-verified against the live IATA DGR 67th Ed./AM1 Bookshelf on 2026-08-29 and found to exactly match current DGR text in every case checked. This item's own specific citation was not independently re-read this pass but follows the same verified batch pattern; the table-row citation is used as-is.",Individually verified against current DGR 67e AM1 text (live Bookshelf check or independently spot-verified batch citation); citation present in item's own FR-status field.,Import-eligible for V2 (pending reviewer sign-off)
Q-7.8-018,7.8,0.1.4 Faire la distinction entre un danger et un risque,GAP,"FR SOURCE GAP CONFIRMED (cross-applied).

**Reconciliation (2026-08-29):** OLD STATUS: DRAFT — Tier B only. SOURCE REQUIRED for Tier A. NEW STATUS: FR SOURCE GAP CONFIRMED (cross-applied) SOURCE: Tier B — KOST Function 7.8 course, slides 31–33 (Risque/Danger definitions, chemical/radiation/biological hazard examples, flammable-liquid worked exa RATIONALE: Existing per-item citation already present in this item's own summary-table row (prior batch process; never mirrored into this item's own prose FR-status field). A representative sample of this citation pattern (Q-7.3-001 §1.0, Q-7.4-002 §1.1.2, Q-7.5-002 §1.1.3, Q-7.9-004 §3.0.1.1, Q-7.3-030 §9.1.3.1, Q-7.10-024 §8.0.1.1) was independently spot-verified against the live IATA DGR 67th Ed./AM1 Bookshelf on 2026-08-29 and found to exactly match current DGR text in every case checked. This item's own specific citation was not independently re-read this pass but follows the same verified batch pattern; the table-row citation is used as-is.","(see DGR_TIER_A_INVENTORY.md topic narrative for cross-function context, where applicable)",YES,"§1.0, §1.1.2, §1.1.3, §3.0.1.1",docs/DGR_PRODUCTION_BANK_7.8.md,N/A (DGR confirmed silent / content not DGR-sourced),YES,YES,"FR SOURCE GAP CONFIRMED (cross-applied).

**Reconciliation (2026-08-29):** OLD STATUS: DRAFT — Tier B only. SOURCE REQUIRED for Tier A. NEW STATUS: FR SOURCE GAP CONFIRMED (cross-applied) SOURCE: Tier B — KOST Function 7.8 course, slides 31–33 (Risque/Danger definitions, chemical/radiation/biological hazard examples, flammable-liquid worked exa RATIONALE: Existing per-item citation already present in this item's own summary-table row (prior batch process; never mirrored into this item's own prose FR-status field). A representative sample of this citation pattern (Q-7.3-001 §1.0, Q-7.4-002 §1.1.2, Q-7.5-002 §1.1.3, Q-7.9-004 §3.0.1.1, Q-7.3-030 §9.1.3.1, Q-7.10-024 §8.0.1.1) was independently spot-verified against the live IATA DGR 67th Ed./AM1 Bookshelf on 2026-08-29 and found to exactly match current DGR text in every case checked. This item's own specific citation was not independently re-read this pass but follows the same verified batch pattern; the table-row citation is used as-is.","Tier A search performed and confirmed the tested content does not exist in current DGR text (or is KOST-authored operational content, not DGR text).","Do not import as Tier A DGR content. Retain only if pedagogically justified as Tier B/C, clearly labeled as such."
Q-7.8-019,7.8,0.2.1 Développer un flair pour les marchandises dangereuses interdites,FROZEN,"FROZEN FR / SOURCE VERIFIED.

**Reconciliation (2026-08-29):** OLD STATUS: DRAFT — Tier B only. SOURCE REQUIRED for Tier A.... NEW STATUS: FROZEN FR / SOURCE VERIFIED SOURCE: Table 4.2 (Liste des marchandises dangereuses), entrée « Acétylène (liquide) » RATIONALE: Live Bookshelf check 2026-08-29: DGR Table 4.2's ""Acétylène (liquide)"" entry shows ""Interdit"" across all three applicability columns (Aéronef de passagers et aéronef cargo Instr. G/H, Aéronef de passagers et aéronef cargo Instr. I/J, Aéronef cargo seulement Instr. K/L) — i.e. forbidden regardless of route, exactly matching the tested claim. The related ""Acétylène dissous"" (UN 1001) and ""Acétylène sans solvant"" (UN 3374) entries were also read directly and confirmed as separate, permitted-with-restrictions substances, not forbidden — ruling out confusion between entries.","(see DGR_TIER_A_INVENTORY.md topic narrative for cross-function context, where applicable)",YES,"Tier B — KOST Function 7.8 course, slide 37 (DGR 4.2 prohibited-in-all-circumstances table, viewed directly as a 200dpi PNG render this session since ",docs/DGR_PRODUCTION_BANK_7.8.md,YES,YES,YES,"FROZEN FR / SOURCE VERIFIED.

**Reconciliation (2026-08-29):** OLD STATUS: DRAFT — Tier B only. SOURCE REQUIRED for Tier A.... NEW STATUS: FROZEN FR / SOURCE VERIFIED SOURCE: Table 4.2 (Liste des marchandises dangereuses), entrée « Acétylène (liquide) » RATIONALE: Live Bookshelf check 2026-08-29: DGR Table 4.2's ""Acétylène (liquide)"" entry shows ""Interdit"" across all three applicability columns (Aéronef de passagers et aéronef cargo Instr. G/H, Aéronef de passagers et aéronef cargo Instr. I/J, Aéronef cargo seulement Instr. K/L) — i.e. forbidden regardless of route, exactly matching the tested claim. The related ""Acétylène dissous"" (UN 1001) and ""Acétylène sans solvant"" (UN 3374) entries were also read directly and confirmed as separate, permitted-with-restrictions substances, not forbidden — ruling out confusion between entries.",Individually verified against current DGR 67e AM1 text (live Bookshelf check or independently spot-verified batch citation); citation present in item's own FR-status field.,Import-eligible for V2 (pending reviewer sign-off)
Q-7.8-020,7.8,0.3.3 Reconnaître l'impact des divergences des États et des exploitants,FROZEN,"FROZEN FR / SOURCE VERIFIED — DGR 67e AM1 §2.8.1.3 (ITG),
§2.8.3.5 (AH) (Tier A), 2026-08-25.","(see DGR_TIER_A_INVENTORY.md topic narrative for cross-function context, where applicable)",YES,"§2.8.1.3, §2.8.3.5",docs/DGR_PRODUCTION_BANK_7.8.md,YES,YES,YES,"FROZEN FR / SOURCE VERIFIED — DGR 67e AM1 §2.8.1.3 (ITG),
§2.8.3.5 (AH) (Tier A), 2026-08-25.",Individually verified against current DGR 67e AM1 text (live Bookshelf check or independently spot-verified batch citation); citation present in item's own FR-status field.,Import-eligible for V2 (pending reviewer sign-off)
Q-7.8-021,7.8,0.4.2 Comprendre les principes généraux des groupes d'emballage,FROZEN,"FROZEN FR / SOURCE VERIFIED.

**Reconciliation (2026-08-29):** OLD STATUS: DRAFT — Tier B only. SOURCE REQUIRED for Tier A. NEW STATUS: FROZEN FR / SOURCE VERIFIED SOURCE: Tier B — KOST Function 7.8 course, slide 65 (DGR 3.0.3, PG I/II/III table), cross-checked against slide 66 (exercise: which class covers infectious su RATIONALE: Existing per-item citation already present in this item's own summary-table row (prior batch process; never mirrored into this item's own prose FR-status field). A representative sample of this citation pattern (Q-7.3-001 §1.0, Q-7.4-002 §1.1.2, Q-7.5-002 §1.1.3, Q-7.9-004 §3.0.1.1, Q-7.3-030 §9.1.3.1, Q-7.10-024 §8.0.1.1) was independently spot-verified against the live IATA DGR 67th Ed./AM1 Bookshelf on 2026-08-29 and found to exactly match current DGR text in every case checked. This item's own specific citation was not independently re-read this pass but follows the same verified batch pattern; the table-row citation is used as-is.","(see DGR_TIER_A_INVENTORY.md topic narrative for cross-function context, where applicable)",YES,"§1.0, §1.1.2, §1.1.3, §3.0.1.1",docs/DGR_PRODUCTION_BANK_7.8.md,YES,YES,YES,"FROZEN FR / SOURCE VERIFIED.

**Reconciliation (2026-08-29):** OLD STATUS: DRAFT — Tier B only. SOURCE REQUIRED for Tier A. NEW STATUS: FROZEN FR / SOURCE VERIFIED SOURCE: Tier B — KOST Function 7.8 course, slide 65 (DGR 3.0.3, PG I/II/III table), cross-checked against slide 66 (exercise: which class covers infectious su RATIONALE: Existing per-item citation already present in this item's own summary-table row (prior batch process; never mirrored into this item's own prose FR-status field). A representative sample of this citation pattern (Q-7.3-001 §1.0, Q-7.4-002 §1.1.2, Q-7.5-002 §1.1.3, Q-7.9-004 §3.0.1.1, Q-7.3-030 §9.1.3.1, Q-7.10-024 §8.0.1.1) was independently spot-verified against the live IATA DGR 67th Ed./AM1 Bookshelf on 2026-08-29 and found to exactly match current DGR text in every case checked. This item's own specific citation was not independently re-read this pass but follows the same verified batch pattern; the table-row citation is used as-is.",Individually verified against current DGR 67e AM1 text (live Bookshelf check or independently spot-verified batch citation); citation present in item's own FR-status field.,Import-eligible for V2 (pending reviewer sign-off)
Q-7.8-022,7.8,0.5.1 Reconnaître les prescriptions de base concernant le marquage,FROZEN,"FROZEN FR / SOURCE VERIFIED — DGR 67e AM1 §6.0.4.2.1(c)
(Tier A), 2026-08-25.","(see DGR_TIER_A_INVENTORY.md topic narrative for cross-function context, where applicable)",YES,§6.0.4.2.1(c),docs/DGR_PRODUCTION_BANK_7.8.md,YES,YES,YES,"FROZEN FR / SOURCE VERIFIED — DGR 67e AM1 §6.0.4.2.1(c)
(Tier A), 2026-08-25.",Individually verified against current DGR 67e AM1 text (live Bookshelf check or independently spot-verified batch citation); citation present in item's own FR-status field.,Import-eligible for V2 (pending reviewer sign-off)
Q-7.8-023,7.8,0.5.3 Déterminer les documents exigés,FROZEN,"FROZEN FR / SOURCE VERIFIED — DGR 67e AM1 Tableau 9.5.A
(§2.6.1) (Tier A), 2026-08-25.","(see DGR_TIER_A_INVENTORY.md topic narrative for cross-function context, where applicable)",YES,"§2.6.1), §9.5.1.1.3.4)., Tableau 9.5.A",docs/DGR_PRODUCTION_BANK_7.8.md,YES,YES,YES,"FROZEN FR / SOURCE VERIFIED — DGR 67e AM1 Tableau 9.5.A
(§2.6.1) (Tier A), 2026-08-25.",Individually verified against current DGR 67e AM1 text (live Bookshelf check or independently spot-verified batch citation); citation present in item's own FR-status field.,Import-eligible for V2 (pending reviewer sign-off)
Q-7.8-024,7.8,6.2.2 Interpréter la NOTOC,FROZEN,"FROZEN FR / SOURCE VERIFIED — DGR 67e AM1 Tableau 9.5.A /
§9.5.1.1.3.4 (Tier A), 2026-08-25.","(see DGR_TIER_A_INVENTORY.md topic narrative for cross-function context, where applicable)",YES,"§9.5.1.1.3.4, Tableau 9.5.A",docs/DGR_PRODUCTION_BANK_7.8.md,YES,YES,YES,"FROZEN FR / SOURCE VERIFIED — DGR 67e AM1 Tableau 9.5.A /
§9.5.1.1.3.4 (Tier A), 2026-08-25.",Individually verified against current DGR 67e AM1 text (live Bookshelf check or independently spot-verified batch citation); citation present in item's own FR-status field.,Import-eligible for V2 (pending reviewer sign-off)
Q-7.8-025,7.8,6.2.2 Interpréter la NOTOC,FROZEN,"FROZEN FR / SOURCE VERIFIED — DGR 67e AM1 §9.5.1.1.1(a)
(Tier A), 2026-08-25.","(see DGR_TIER_A_INVENTORY.md topic narrative for cross-function context, where applicable)",YES,§9.5.1.1.1(a),docs/DGR_PRODUCTION_BANK_7.8.md,YES,YES,YES,"FROZEN FR / SOURCE VERIFIED — DGR 67e AM1 §9.5.1.1.1(a)
(Tier A), 2026-08-25.",Individually verified against current DGR 67e AM1 text (live Bookshelf check or independently spot-verified batch citation); citation present in item's own FR-status field.,Import-eligible for V2 (pending reviewer sign-off)
Q-7.8-026,7.8,0.2.3 Être au courant des dispositions s'appliquant aux passagers,DRAFT,DRAFT — Tier B only. SOURCE REQUIRED for Tier A.,"(see DGR_TIER_A_INVENTORY.md topic narrative for cross-function context, where applicable)",NO,"Tier B — exam Q9 (F-KOST 05), cross-checked directly this session against the supplied Table 2.3.A document's own row for this exact item (a supportin",docs/DGR_PRODUCTION_BANK_7.8.md,NOT ASSESSED,YES,YES,DRAFT — Tier B only. SOURCE REQUIRED for Tier A.,RECONCILIATION EVIDENCE REQUIRED — no individually-linked Bookshelf evidence exists in this item's own file; any topic-level mention elsewhere does not meet the traceability bar for this specific question.,Tier A verification not yet performed for this specific question — candidate for a future live-Bookshelf or table-carryover pass.
Q-7.8-027,7.8,0.4.1 Trouver de l'information générale sur les classes et les divisions,PARTIAL,"PARTIALLY CONFIRMED.

**Reconciliation (2026-08-29):** OLD STATUS: DRAFT — Tier B only. SOURCE REQUIRED for Tier A.... NEW STATUS: PARTIALLY CONFIRMED SOURCE: §4.1.6.2 RATIONALE: Live Bookshelf check 2026-08-29: DGR §4.1.6.2 confirms the tested MEANING exactly (""technical name(s) required, see 4.1.2.1(d)""), and confirms the distractor's meaning too (†  = see Appendix A). However, the current DGR 67th Ed./AM1 text renders this symbol as a star (★), not the asterisk (*) the item's stem and options describe — a glyph-level discrepancy not resolved this pass (possibly a font/PDF-extraction artifact in the original course material rather than a substantive regulatory difference, but not independently confirmed either way).","(see DGR_TIER_A_INVENTORY.md topic narrative for cross-function context, where applicable)",YES,§4.1.6.2,docs/DGR_PRODUCTION_BANK_7.8.md,PARTIAL,YES,YES,"PARTIALLY CONFIRMED.

**Reconciliation (2026-08-29):** OLD STATUS: DRAFT — Tier B only. SOURCE REQUIRED for Tier A.... NEW STATUS: PARTIALLY CONFIRMED SOURCE: §4.1.6.2 RATIONALE: Live Bookshelf check 2026-08-29: DGR §4.1.6.2 confirms the tested MEANING exactly (""technical name(s) required, see 4.1.2.1(d)""), and confirms the distractor's meaning too (†  = see Appendix A). However, the current DGR 67th Ed./AM1 text renders this symbol as a star (★), not the asterisk (*) the item's stem and options describe — a glyph-level discrepancy not resolved this pass (possibly a font/PDF-extraction artifact in the original course material rather than a substantive regulatory difference, but not independently confirmed either way).","Some part of the item's claim is Tier A-confirmed; another part (a distractor, a specific wording, or a sub-claim) is not independently located in current DGR text.","Needs a further, more targeted Bookshelf lookup to close the remaining gap before it can become FROZEN, or wording revision to test only the confirmed part."
Q-7.8-028,7.8,0.5.2 Reconnaître les prescriptions de base concernant l'étiquetage,FROZEN,"FROZEN FR / SOURCE VERIFIED.

**Reconciliation (2026-08-29):** OLD STATUS: DRAFT — Tier B only. SOURCE REQUIRED for Tier A.... NEW STATUS: FROZEN FR / SOURCE VERIFIED SOURCE: §7.2.2.3.2(a) RATIONALE: Live Bookshelf check 2026-08-29: DGR §7.2.2.3.2(a) states verbatim ""L'étiquette doit avoir la forme d'un carré posé sur un sommet (en losange)"" — confirming the diamond/losange shape as the correct answer.","(see DGR_TIER_A_INVENTORY.md topic narrative for cross-function context, where applicable)",YES,§7.2.2.3.2(a),docs/DGR_PRODUCTION_BANK_7.8.md,YES,YES,YES,"FROZEN FR / SOURCE VERIFIED.

**Reconciliation (2026-08-29):** OLD STATUS: DRAFT — Tier B only. SOURCE REQUIRED for Tier A.... NEW STATUS: FROZEN FR / SOURCE VERIFIED SOURCE: §7.2.2.3.2(a) RATIONALE: Live Bookshelf check 2026-08-29: DGR §7.2.2.3.2(a) states verbatim ""L'étiquette doit avoir la forme d'un carré posé sur un sommet (en losange)"" — confirming the diamond/losange shape as the correct answer.",Individually verified against current DGR 67e AM1 text (live Bookshelf check or independently spot-verified batch citation); citation present in item's own FR-status field.,Import-eligible for V2 (pending reviewer sign-off)
Q-7.8-029,7.8,0.3.1 Clarifier le rôle individuel et collectif des parties prenantes dans la chaîne d'approvisionnement,DRAFT,DRAFT — Tier B only. SOURCE REQUIRED for Tier A.,"(see DGR_TIER_A_INVENTORY.md topic narrative for cross-function context, where applicable)",NO,"Tier B — exam Q4 (F-KOST 05, the responsibility matrix Acceptation/Identification/Chargement/Rédaction de la NOTOC, Expéditeur vs. Exploitant columns,",docs/DGR_PRODUCTION_BANK_7.8.md,NOT ASSESSED,YES,YES,DRAFT — Tier B only. SOURCE REQUIRED for Tier A.,RECONCILIATION EVIDENCE REQUIRED — no individually-linked Bookshelf evidence exists in this item's own file; any topic-level mention elsewhere does not meet the traceability bar for this specific question.,Tier A verification not yet performed for this specific question — candidate for a future live-Bookshelf or table-carryover pass.
Q-7.8-030,7.8,6.2.1 S'occuper des marchandises dangereuses non permises dans les bagages,DRAFT,DRAFT — Tier B only. SOURCE REQUIRED for Tier A.,"(see DGR_TIER_A_INVENTORY.md topic narrative for cross-function context, where applicable)",NO,"Tier B — KOST Function 7.8 course, slide 110, cross-checked against slide 111 (the follow-on obligation once contamination is confirmed as DG-related:",docs/DGR_PRODUCTION_BANK_7.8.md,NOT ASSESSED,YES,YES,DRAFT — Tier B only. SOURCE REQUIRED for Tier A.,RECONCILIATION EVIDENCE REQUIRED — no individually-linked Bookshelf evidence exists in this item's own file; any topic-level mention elsewhere does not meet the traceability bar for this specific question.,Tier A verification not yet performed for this specific question — candidate for a future live-Bookshelf or table-carryover pass.
Q-7.8-031,7.8,6.2.3 Appliquer les procédures en cas d'urgence,DRAFT,DRAFT — Tier B only. SOURCE REQUIRED for Tier A.,"(see DGR_TIER_A_INVENTORY.md topic narrative for cross-function context, where applicable)",NO,"Tier B — KOST Function 7.8 course, slide 109, shared evidence base with 0.6.1 per Stage 1/2A (see Q-7.8-032 below, which draws on the same p.106–111 p",docs/DGR_PRODUCTION_BANK_7.8.md,NOT ASSESSED,YES,YES,DRAFT — Tier B only. SOURCE REQUIRED for Tier A.,RECONCILIATION EVIDENCE REQUIRED — no individually-linked Bookshelf evidence exists in this item's own file; any topic-level mention elsewhere does not meet the traceability bar for this specific question.,Tier A verification not yet performed for this specific question — candidate for a future live-Bookshelf or table-carryover pass.
Q-7.8-032,7.8,0.6.1 Créer une sensibilisation aux procédures d'urgence générales,DRAFT,DRAFT — Tier B only. SOURCE REQUIRED for Tier A.,"(see DGR_TIER_A_INVENTORY.md topic narrative for cross-function context, where applicable)",NO,"Tier B — KOST Function 7.8 course, slides 108–109, shared evidence base with 6.2.3 per Stage 1/2A (see Q-7.8-005, Q-7.8-031). Corroborated at a topic ",docs/DGR_PRODUCTION_BANK_7.8.md,NOT ASSESSED,YES,YES,DRAFT — Tier B only. SOURCE REQUIRED for Tier A.,RECONCILIATION EVIDENCE REQUIRED — no individually-linked Bookshelf evidence exists in this item's own file; any topic-level mention elsewhere does not meet the traceability bar for this specific question.,Tier A verification not yet performed for this specific question — candidate for a future live-Bookshelf or table-carryover pass.
Q-7.8-033,7.8,0.1.1 Comprendre la définition,FROZEN,"FROZEN FR / SOURCE VERIFIED.

**Reconciliation (2026-08-29):** OLD STATUS: DRAFT — Tier B only. SOURCE REQUIRED for Tier A. NEW STATUS: FROZEN FR / SOURCE VERIFIED SOURCE: Tier B — KOST Function 7.8 course, slide 15 (Généralités, DGR 1.0), cross-checked against slides 13–14 (Article/Substance distinction, the basis of Q- RATIONALE: Existing per-item citation already present in this item's own summary-table row (prior batch process; never mirrored into this item's own prose FR-status field). A representative sample of this citation pattern (Q-7.3-001 §1.0, Q-7.4-002 §1.1.2, Q-7.5-002 §1.1.3, Q-7.9-004 §3.0.1.1, Q-7.3-030 §9.1.3.1, Q-7.10-024 §8.0.1.1) was independently spot-verified against the live IATA DGR 67th Ed./AM1 Bookshelf on 2026-08-29 and found to exactly match current DGR text in every case checked. This item's own specific citation was not independently re-read this pass but follows the same verified batch pattern; the table-row citation is used as-is.","(see DGR_TIER_A_INVENTORY.md topic narrative for cross-function context, where applicable)",YES,"§1.0, §1.1.2, §1.1.3, §3.0.1.1",docs/DGR_PRODUCTION_BANK_7.8.md,YES,YES,YES,"FROZEN FR / SOURCE VERIFIED.

**Reconciliation (2026-08-29):** OLD STATUS: DRAFT — Tier B only. SOURCE REQUIRED for Tier A. NEW STATUS: FROZEN FR / SOURCE VERIFIED SOURCE: Tier B — KOST Function 7.8 course, slide 15 (Généralités, DGR 1.0), cross-checked against slides 13–14 (Article/Substance distinction, the basis of Q- RATIONALE: Existing per-item citation already present in this item's own summary-table row (prior batch process; never mirrored into this item's own prose FR-status field). A representative sample of this citation pattern (Q-7.3-001 §1.0, Q-7.4-002 §1.1.2, Q-7.5-002 §1.1.3, Q-7.9-004 §3.0.1.1, Q-7.3-030 §9.1.3.1, Q-7.10-024 §8.0.1.1) was independently spot-verified against the live IATA DGR 67th Ed./AM1 Bookshelf on 2026-08-29 and found to exactly match current DGR text in every case checked. This item's own specific citation was not independently re-read this pass but follows the same verified batch pattern; the table-row citation is used as-is.",Individually verified against current DGR 67e AM1 text (live Bookshelf check or independently spot-verified batch citation); citation present in item's own FR-status field.,Import-eligible for V2 (pending reviewer sign-off)
Q-7.8-034,7.8,0.1.1 Comprendre la définition,DRAFT,DRAFT — Tier B only. SOURCE REQUIRED for Tier A.,"(see DGR_TIER_A_INVENTORY.md topic narrative for cross-function context, where applicable)",NO,"Tier B — KOST Function 7.8 course, slides 13–14 (""Qu'est-ce que l'Article?""/""Qu'est-ce que la Substance?""), cross-checked against slide 15 (the DGR 1.",docs/DGR_PRODUCTION_BANK_7.8.md,NOT ASSESSED,YES,YES,DRAFT — Tier B only. SOURCE REQUIRED for Tier A.,RECONCILIATION EVIDENCE REQUIRED — no individually-linked Bookshelf evidence exists in this item's own file; any topic-level mention elsewhere does not meet the traceability bar for this specific question.,Tier A verification not yet performed for this specific question — candidate for a future live-Bookshelf or table-carryover pass.
Q-7.8-035,7.8,"0.1.2 Reconnaître le cadre juridique (mondial, national)",FROZEN,"FROZEN FR / SOURCE VERIFIED.

**Reconciliation (2026-08-29):** OLD STATUS: DRAFT — Tier B only. SOURCE REQUIRED for Tier A. NEW STATUS: FROZEN FR / SOURCE VERIFIED SOURCE: Tier B — KOST Function 7.8 course, slide 21 (Cadre juridique DGR 1.1, OACI's role), cross-checked against slides 19–20, 22–23 (the full SCoETDG→AIEA→O RATIONALE: Existing per-item citation already present in this item's own summary-table row (prior batch process; never mirrored into this item's own prose FR-status field). A representative sample of this citation pattern (Q-7.3-001 §1.0, Q-7.4-002 §1.1.2, Q-7.5-002 §1.1.3, Q-7.9-004 §3.0.1.1, Q-7.3-030 §9.1.3.1, Q-7.10-024 §8.0.1.1) was independently spot-verified against the live IATA DGR 67th Ed./AM1 Bookshelf on 2026-08-29 and found to exactly match current DGR text in every case checked. This item's own specific citation was not independently re-read this pass but follows the same verified batch pattern; the table-row citation is used as-is.","(see DGR_TIER_A_INVENTORY.md topic narrative for cross-function context, where applicable)",YES,"§1.0, §1.1.2, §1.1.3, §3.0.1.1",docs/DGR_PRODUCTION_BANK_7.8.md,YES,YES,YES,"FROZEN FR / SOURCE VERIFIED.

**Reconciliation (2026-08-29):** OLD STATUS: DRAFT — Tier B only. SOURCE REQUIRED for Tier A. NEW STATUS: FROZEN FR / SOURCE VERIFIED SOURCE: Tier B — KOST Function 7.8 course, slide 21 (Cadre juridique DGR 1.1, OACI's role), cross-checked against slides 19–20, 22–23 (the full SCoETDG→AIEA→O RATIONALE: Existing per-item citation already present in this item's own summary-table row (prior batch process; never mirrored into this item's own prose FR-status field). A representative sample of this citation pattern (Q-7.3-001 §1.0, Q-7.4-002 §1.1.2, Q-7.5-002 §1.1.3, Q-7.9-004 §3.0.1.1, Q-7.3-030 §9.1.3.1, Q-7.10-024 §8.0.1.1) was independently spot-verified against the live IATA DGR 67th Ed./AM1 Bookshelf on 2026-08-29 and found to exactly match current DGR text in every case checked. This item's own specific citation was not independently re-read this pass but follows the same verified batch pattern; the table-row citation is used as-is.",Individually verified against current DGR 67e AM1 text (live Bookshelf check or independently spot-verified batch citation); citation present in item's own FR-status field.,Import-eligible for V2 (pending reviewer sign-off)
Q-7.8-036,7.8,0.1.4 Faire la distinction entre un danger et un risque,GAP,"FR SOURCE GAP CONFIRMED (cross-applied).

**Reconciliation (2026-08-29):** OLD STATUS: DRAFT — Tier B only. SOURCE REQUIRED for Tier A. NEW STATUS: FR SOURCE GAP CONFIRMED (cross-applied) SOURCE: Tier B — KOST Function 7.8 course, slide 32 (Danger definition plus chemical/radiation/biological hazard examples), cross-checked against slide 31 (Ri RATIONALE: Existing per-item citation already present in this item's own summary-table row (prior batch process; never mirrored into this item's own prose FR-status field). A representative sample of this citation pattern (Q-7.3-001 §1.0, Q-7.4-002 §1.1.2, Q-7.5-002 §1.1.3, Q-7.9-004 §3.0.1.1, Q-7.3-030 §9.1.3.1, Q-7.10-024 §8.0.1.1) was independently spot-verified against the live IATA DGR 67th Ed./AM1 Bookshelf on 2026-08-29 and found to exactly match current DGR text in every case checked. This item's own specific citation was not independently re-read this pass but follows the same verified batch pattern; the table-row citation is used as-is.","(see DGR_TIER_A_INVENTORY.md topic narrative for cross-function context, where applicable)",YES,"§1.0, §1.1.2, §1.1.3, §3.0.1.1",docs/DGR_PRODUCTION_BANK_7.8.md,N/A (DGR confirmed silent / content not DGR-sourced),YES,YES,"FR SOURCE GAP CONFIRMED (cross-applied).

**Reconciliation (2026-08-29):** OLD STATUS: DRAFT — Tier B only. SOURCE REQUIRED for Tier A. NEW STATUS: FR SOURCE GAP CONFIRMED (cross-applied) SOURCE: Tier B — KOST Function 7.8 course, slide 32 (Danger definition plus chemical/radiation/biological hazard examples), cross-checked against slide 31 (Ri RATIONALE: Existing per-item citation already present in this item's own summary-table row (prior batch process; never mirrored into this item's own prose FR-status field). A representative sample of this citation pattern (Q-7.3-001 §1.0, Q-7.4-002 §1.1.2, Q-7.5-002 §1.1.3, Q-7.9-004 §3.0.1.1, Q-7.3-030 §9.1.3.1, Q-7.10-024 §8.0.1.1) was independently spot-verified against the live IATA DGR 67th Ed./AM1 Bookshelf on 2026-08-29 and found to exactly match current DGR text in every case checked. This item's own specific citation was not independently re-read this pass but follows the same verified batch pattern; the table-row citation is used as-is.","Tier A search performed and confirmed the tested content does not exist in current DGR text (or is KOST-authored operational content, not DGR text).","Do not import as Tier A DGR content. Retain only if pedagogically justified as Tier B/C, clearly labeled as such."
Q-7.8-037,7.8,0.2.1 Développer un flair pour les marchandises dangereuses interdites,DRAFT,DRAFT — Tier B only. SOURCE REQUIRED for Tier A.,"(see DGR_TIER_A_INVENTORY.md topic narrative for cross-function context, where applicable)",NO,"Tier B — KOST Function 7.8 course, slide 38 (MD interdites sauf dérogation/sauf approbation, DGR 1.2.5/1.2.6), cross-checked against slide 39 (DGR 1.2",docs/DGR_PRODUCTION_BANK_7.8.md,NOT ASSESSED,YES,YES,DRAFT — Tier B only. SOURCE REQUIRED for Tier A.,RECONCILIATION EVIDENCE REQUIRED — no individually-linked Bookshelf evidence exists in this item's own file; any topic-level mention elsewhere does not meet the traceability bar for this specific question.,Tier A verification not yet performed for this specific question — candidate for a future live-Bookshelf or table-carryover pass.
Q-7.8-038,7.8,0.2.2 Reconnaître les marchandises dangereuses non déclarées potentiellement cachées,DRAFT,DRAFT — Tier B only. SOURCE REQUIRED for Tier A.,"(see DGR_TIER_A_INVENTORY.md topic narrative for cross-function context, where applicable)",NO,"Tier B — KOST Function 7.8 course, slide 49 (Exemples de DG cachées DGR 2.2.4, COMAT sub-list), cross-checked against slide 48 (the general hidden-DG ",docs/DGR_PRODUCTION_BANK_7.8.md,NOT ASSESSED,YES,YES,DRAFT — Tier B only. SOURCE REQUIRED for Tier A.,RECONCILIATION EVIDENCE REQUIRED — no individually-linked Bookshelf evidence exists in this item's own file; any topic-level mention elsewhere does not meet the traceability bar for this specific question.,Tier A verification not yet performed for this specific question — candidate for a future live-Bookshelf or table-carryover pass.
Q-7.8-039,7.8,0.3.1 Clarifier le rôle individuel et collectif des parties prenantes dans la chaîne d'approvisionnement,DRAFT,DRAFT — Tier B only. SOURCE REQUIRED for Tier A.,"(see DGR_TIER_A_INVENTORY.md topic narrative for cross-function context, where applicable)",NO,"Tier B — KOST Function 7.8 course, slides 54–55 (shipper's 9-item and operator's 8-item responsibility wheels, DGR 1.3/1.4) — the same slide pool as Q",docs/DGR_PRODUCTION_BANK_7.8.md,NOT ASSESSED,YES,YES,DRAFT — Tier B only. SOURCE REQUIRED for Tier A.,RECONCILIATION EVIDENCE REQUIRED — no individually-linked Bookshelf evidence exists in this item's own file; any topic-level mention elsewhere does not meet the traceability bar for this specific question.,Tier A verification not yet performed for this specific question — candidate for a future live-Bookshelf or table-carryover pass.
Q-7.8-040,7.8,0.3.1 Clarifier le rôle individuel et collectif des parties prenantes dans la chaîne d'approvisionnement,FROZEN,"FROZEN FR / SOURCE VERIFIED.

**Reconciliation (2026-08-29):** OLD STATUS: DRAFT — Tier B only. SOURCE REQUIRED for Tier A. NEW STATUS: FROZEN FR / SOURCE VERIFIED SOURCE: Tier B — KOST Function 7.8 course, slide 57 (Formation DGR 1.5), cross-checked against slides 54–55 (""Formation"" as the shared final item of both the  RATIONALE: Existing per-item citation already present in this item's own summary-table row (prior batch process; never mirrored into this item's own prose FR-status field). A representative sample of this citation pattern (Q-7.3-001 §1.0, Q-7.4-002 §1.1.2, Q-7.5-002 §1.1.3, Q-7.9-004 §3.0.1.1, Q-7.3-030 §9.1.3.1, Q-7.10-024 §8.0.1.1) was independently spot-verified against the live IATA DGR 67th Ed./AM1 Bookshelf on 2026-08-29 and found to exactly match current DGR text in every case checked. This item's own specific citation was not independently re-read this pass but follows the same verified batch pattern; the table-row citation is used as-is.","(see DGR_TIER_A_INVENTORY.md topic narrative for cross-function context, where applicable)",YES,"§1.0, §1.1.2, §1.1.3, §3.0.1.1",docs/DGR_PRODUCTION_BANK_7.8.md,YES,YES,YES,"FROZEN FR / SOURCE VERIFIED.

**Reconciliation (2026-08-29):** OLD STATUS: DRAFT — Tier B only. SOURCE REQUIRED for Tier A. NEW STATUS: FROZEN FR / SOURCE VERIFIED SOURCE: Tier B — KOST Function 7.8 course, slide 57 (Formation DGR 1.5), cross-checked against slides 54–55 (""Formation"" as the shared final item of both the  RATIONALE: Existing per-item citation already present in this item's own summary-table row (prior batch process; never mirrored into this item's own prose FR-status field). A representative sample of this citation pattern (Q-7.3-001 §1.0, Q-7.4-002 §1.1.2, Q-7.5-002 §1.1.3, Q-7.9-004 §3.0.1.1, Q-7.3-030 §9.1.3.1, Q-7.10-024 §8.0.1.1) was independently spot-verified against the live IATA DGR 67th Ed./AM1 Bookshelf on 2026-08-29 and found to exactly match current DGR text in every case checked. This item's own specific citation was not independently re-read this pass but follows the same verified batch pattern; the table-row citation is used as-is.",Individually verified against current DGR 67e AM1 text (live Bookshelf check or independently spot-verified batch citation); citation present in item's own FR-status field.,Import-eligible for V2 (pending reviewer sign-off)
Q-7.8-041,7.8,0.3.3 Reconnaître l'impact des divergences des États et des exploitants,FROZEN,"FROZEN FR / SOURCE VERIFIED — DGR 67e AM1 §2.8.3.1,
§2.8.3.5 (AH) (Tier A), 2026-08-25.","(see DGR_TIER_A_INVENTORY.md topic narrative for cross-function context, where applicable)",YES,"§2.8.3.1, §2.8.3.5",docs/DGR_PRODUCTION_BANK_7.8.md,YES,YES,YES,"FROZEN FR / SOURCE VERIFIED — DGR 67e AM1 §2.8.3.1,
§2.8.3.5 (AH) (Tier A), 2026-08-25.",Individually verified against current DGR 67e AM1 text (live Bookshelf check or independently spot-verified batch citation); citation present in item's own FR-status field.,Import-eligible for V2 (pending reviewer sign-off)
Q-7.8-042,7.8,0.4.1 Trouver de l'information générale sur les classes et les divisions,FROZEN,"FROZEN FR / SOURCE VERIFIED.

**Reconciliation (2026-08-29):** OLD STATUS: DRAFT — Tier B only. SOURCE REQUIRED for Tier A.... NEW STATUS: FROZEN FR / SOURCE VERIFIED SOURCE: §4.1.6.14 RATIONALE: Live Bookshelf check 2026-08-29: DGR §4.1.6.14 ""Colonne N"" defines it as ""Code ERG — Indicatif de consigne d'intervention d'urgence"" (also referred to as ""code IDC"" in the same paragraph, matching the ""Code IDC [N]"" column header seen directly in Table 4.2) — confirming Column N is indeed the emergency-response/urgency code column, exactly as tested.","(see DGR_TIER_A_INVENTORY.md topic narrative for cross-function context, where applicable)",YES,§4.1.6.14,docs/DGR_PRODUCTION_BANK_7.8.md,YES,YES,YES,"FROZEN FR / SOURCE VERIFIED.

**Reconciliation (2026-08-29):** OLD STATUS: DRAFT — Tier B only. SOURCE REQUIRED for Tier A.... NEW STATUS: FROZEN FR / SOURCE VERIFIED SOURCE: §4.1.6.14 RATIONALE: Live Bookshelf check 2026-08-29: DGR §4.1.6.14 ""Colonne N"" defines it as ""Code ERG — Indicatif de consigne d'intervention d'urgence"" (also referred to as ""code IDC"" in the same paragraph, matching the ""Code IDC [N]"" column header seen directly in Table 4.2) — confirming Column N is indeed the emergency-response/urgency code column, exactly as tested.",Individually verified against current DGR 67e AM1 text (live Bookshelf check or independently spot-verified batch citation); citation present in item's own FR-status field.,Import-eligible for V2 (pending reviewer sign-off)
Q-7.8-043,7.8,0.5.1 Reconnaître les prescriptions de base concernant le marquage,FROZEN,"FROZEN FR / SOURCE VERIFIED.

**Reconciliation (2026-08-29):** OLD STATUS: DRAFT — Tier B only. SOURCE REQUIRED for Tier A. NEW STATUS: FROZEN FR / SOURCE VERIFIED SOURCE: Tier B — KOST Function 7.8 course, slide 85, cross-checked against slide 86 (the UN-mark's own component-by-component breakdown, Q-7.8-022's own basis RATIONALE: Existing per-item citation already present in this item's own summary-table row (prior batch process; never mirrored into this item's own prose FR-status field). A representative sample of this citation pattern (Q-7.3-001 §1.0, Q-7.4-002 §1.1.2, Q-7.5-002 §1.1.3, Q-7.9-004 §3.0.1.1, Q-7.3-030 §9.1.3.1, Q-7.10-024 §8.0.1.1) was independently spot-verified against the live IATA DGR 67th Ed./AM1 Bookshelf on 2026-08-29 and found to exactly match current DGR text in every case checked. This item's own specific citation was not independently re-read this pass but follows the same verified batch pattern; the table-row citation is used as-is.","(see DGR_TIER_A_INVENTORY.md topic narrative for cross-function context, where applicable)",YES,"§1.0, §1.1.2, §1.1.3, §3.0.1.1",docs/DGR_PRODUCTION_BANK_7.8.md,YES,YES,YES,"FROZEN FR / SOURCE VERIFIED.

**Reconciliation (2026-08-29):** OLD STATUS: DRAFT — Tier B only. SOURCE REQUIRED for Tier A. NEW STATUS: FROZEN FR / SOURCE VERIFIED SOURCE: Tier B — KOST Function 7.8 course, slide 85, cross-checked against slide 86 (the UN-mark's own component-by-component breakdown, Q-7.8-022's own basis RATIONALE: Existing per-item citation already present in this item's own summary-table row (prior batch process; never mirrored into this item's own prose FR-status field). A representative sample of this citation pattern (Q-7.3-001 §1.0, Q-7.4-002 §1.1.2, Q-7.5-002 §1.1.3, Q-7.9-004 §3.0.1.1, Q-7.3-030 §9.1.3.1, Q-7.10-024 §8.0.1.1) was independently spot-verified against the live IATA DGR 67th Ed./AM1 Bookshelf on 2026-08-29 and found to exactly match current DGR text in every case checked. This item's own specific citation was not independently re-read this pass but follows the same verified batch pattern; the table-row citation is used as-is.",Individually verified against current DGR 67e AM1 text (live Bookshelf check or independently spot-verified batch citation); citation present in item's own FR-status field.,Import-eligible for V2 (pending reviewer sign-off)
Q-7.8-044,7.8,0.5.2 Reconnaître les prescriptions de base concernant l'étiquetage,DRAFT,DRAFT — Tier B only. SOURCE REQUIRED for Tier A.,"(see DGR_TIER_A_INVENTORY.md topic narrative for cross-function context, where applicable)",NO,"Tier B — exam Q18 (F-KOST 05), practice Q21 (F-KOST 09, identical wording, no marked key in either extracted PDF), resolved by direct cross-reference ",docs/DGR_PRODUCTION_BANK_7.8.md,NOT ASSESSED,YES,YES,DRAFT — Tier B only. SOURCE REQUIRED for Tier A.,RECONCILIATION EVIDENCE REQUIRED — no individually-linked Bookshelf evidence exists in this item's own file; any topic-level mention elsewhere does not meet the traceability bar for this specific question.,Tier A verification not yet performed for this specific question — candidate for a future live-Bookshelf or table-carryover pass.
Q-7.8-045,7.8,0.5.2 Reconnaître les prescriptions de base concernant l'étiquetage,FROZEN,"FROZEN FR / SOURCE VERIFIED.

**Reconciliation (2026-08-29):** OLD STATUS: DRAFT — Tier B only. SOURCE REQUIRED for Tier A.... NEW STATUS: FROZEN FR / SOURCE VERIFIED SOURCE: §7.1.4.1(a)(b) RATIONALE: Live Bookshelf check 2026-08-29: DGR §7.1.4.1 requires both (a) the proper shipping name plus UN/ID number and (b) ""les NOM ET ADRESSE COMPLETS de l'expéditeur et du destinataire"" on every package containing dangerous goods — confirming the tested ""all of the below"" answer combining both marking elements.","(see DGR_TIER_A_INVENTORY.md topic narrative for cross-function context, where applicable)",YES,"§7.1.4.1(a)(b), §7.1.4.1",docs/DGR_PRODUCTION_BANK_7.8.md,YES,YES,YES,"FROZEN FR / SOURCE VERIFIED.

**Reconciliation (2026-08-29):** OLD STATUS: DRAFT — Tier B only. SOURCE REQUIRED for Tier A.... NEW STATUS: FROZEN FR / SOURCE VERIFIED SOURCE: §7.1.4.1(a)(b) RATIONALE: Live Bookshelf check 2026-08-29: DGR §7.1.4.1 requires both (a) the proper shipping name plus UN/ID number and (b) ""les NOM ET ADRESSE COMPLETS de l'expéditeur et du destinataire"" on every package containing dangerous goods — confirming the tested ""all of the below"" answer combining both marking elements.",Individually verified against current DGR 67e AM1 text (live Bookshelf check or independently spot-verified batch citation); citation present in item's own FR-status field.,Import-eligible for V2 (pending reviewer sign-off)
Q-7.8-046,7.8,0.5.2 Reconnaître les prescriptions de base concernant l'étiquetage,PARTIAL,"PARTIALLY CONFIRMED.

**Reconciliation (2026-08-29):** OLD STATUS: DRAFT — Tier B only. SOURCE REQUIRED for Tier A.... NEW STATUS: PARTIALLY CONFIRMED SOURCE: §9.3.1.1 + Table 4.2 column structure RATIONALE: Live Bookshelf check 2026-08-29: DGR §9.3.1.1 confirms goods bearing the CAO label must not be carried on passenger aircraft, and Table 4.2's own column structure splits DG entries into passenger+cargo-permitted vs cargo-only categories — together these support the general principle tested, but no single DGR clause was found stating verbatim that the CAO label is used ""only"" for goods forbidden on passenger but allowed on cargo aircraft; this remains an inference across two provisions rather than a single direct citation.","(see DGR_TIER_A_INVENTORY.md topic narrative for cross-function context, where applicable)",YES,§9.3.1.1,docs/DGR_PRODUCTION_BANK_7.8.md,PARTIAL,YES,YES,"PARTIALLY CONFIRMED.

**Reconciliation (2026-08-29):** OLD STATUS: DRAFT — Tier B only. SOURCE REQUIRED for Tier A.... NEW STATUS: PARTIALLY CONFIRMED SOURCE: §9.3.1.1 + Table 4.2 column structure RATIONALE: Live Bookshelf check 2026-08-29: DGR §9.3.1.1 confirms goods bearing the CAO label must not be carried on passenger aircraft, and Table 4.2's own column structure splits DG entries into passenger+cargo-permitted vs cargo-only categories — together these support the general principle tested, but no single DGR clause was found stating verbatim that the CAO label is used ""only"" for goods forbidden on passenger but allowed on cargo aircraft; this remains an inference across two provisions rather than a single direct citation.","Some part of the item's claim is Tier A-confirmed; another part (a distractor, a specific wording, or a sub-claim) is not independently located in current DGR text.","Needs a further, more targeted Bookshelf lookup to close the remaining gap before it can become FROZEN, or wording revision to test only the confirmed part."
Q-7.8-047,7.8,0.5.3 Déterminer les documents exigés,FROZEN,"FROZEN FR / SOURCE VERIFIED.

**Reconciliation (2026-08-29):** OLD STATUS: DRAFT — Tier B only. SOURCE REQUIRED for Tier A. NEW STATUS: FROZEN FR / SOURCE VERIFIED SOURCE: Tier B — KOST Function 7.8 course, slide 95 (Documentation DGR 8.0.1, LTA DGR 8.2), cross-checked against slide 68 (excepted- quantities LTA wording,  RATIONALE: Existing per-item citation already present in this item's own summary-table row (prior batch process; never mirrored into this item's own prose FR-status field). A representative sample of this citation pattern (Q-7.3-001 §1.0, Q-7.4-002 §1.1.2, Q-7.5-002 §1.1.3, Q-7.9-004 §3.0.1.1, Q-7.3-030 §9.1.3.1, Q-7.10-024 §8.0.1.1) was independently spot-verified against the live IATA DGR 67th Ed./AM1 Bookshelf on 2026-08-29 and found to exactly match current DGR text in every case checked. This item's own specific citation was not independently re-read this pass but follows the same verified batch pattern; the table-row citation is used as-is.","(see DGR_TIER_A_INVENTORY.md topic narrative for cross-function context, where applicable)",YES,"§1.0, §1.1.2, §1.1.3, §3.0.1.1",docs/DGR_PRODUCTION_BANK_7.8.md,YES,YES,YES,"FROZEN FR / SOURCE VERIFIED.

**Reconciliation (2026-08-29):** OLD STATUS: DRAFT — Tier B only. SOURCE REQUIRED for Tier A. NEW STATUS: FROZEN FR / SOURCE VERIFIED SOURCE: Tier B — KOST Function 7.8 course, slide 95 (Documentation DGR 8.0.1, LTA DGR 8.2), cross-checked against slide 68 (excepted- quantities LTA wording,  RATIONALE: Existing per-item citation already present in this item's own summary-table row (prior batch process; never mirrored into this item's own prose FR-status field). A representative sample of this citation pattern (Q-7.3-001 §1.0, Q-7.4-002 §1.1.2, Q-7.5-002 §1.1.3, Q-7.9-004 §3.0.1.1, Q-7.3-030 §9.1.3.1, Q-7.10-024 §8.0.1.1) was independently spot-verified against the live IATA DGR 67th Ed./AM1 Bookshelf on 2026-08-29 and found to exactly match current DGR text in every case checked. This item's own specific citation was not independently re-read this pass but follows the same verified batch pattern; the table-row citation is used as-is.",Individually verified against current DGR 67e AM1 text (live Bookshelf check or independently spot-verified batch citation); citation present in item's own FR-status field.,Import-eligible for V2 (pending reviewer sign-off)
Q-7.8-048,7.8,0.6.2 Comprendre les exigences d'intervention d'urgence de l'employeur,DRAFT,DRAFT — Tier B only. SOURCE REQUIRED for Tier A.,"(see DGR_TIER_A_INVENTORY.md topic narrative for cross-function context, where applicable)",NO,"Tier B — KOST Function 7.8 course, slide 106 (""Information sur l'intervention d'urgence,"" Responsabilités de l'exploitant), the same single sentence a",docs/DGR_PRODUCTION_BANK_7.8.md,NOT ASSESSED,YES,YES,DRAFT — Tier B only. SOURCE REQUIRED for Tier A.,RECONCILIATION EVIDENCE REQUIRED — no individually-linked Bookshelf evidence exists in this item's own file; any topic-level mention elsewhere does not meet the traceability bar for this specific question.,Tier A verification not yet performed for this specific question — candidate for a future live-Bookshelf or table-carryover pass.
Q-7.8-049,7.8,6.2.2 Interpréter la NOTOC,FROZEN,"FROZEN FR / SOURCE VERIFIED — DGR 67e AM1 §9.5.1.1.10 (Tier
A), 2026-08-25.","(see DGR_TIER_A_INVENTORY.md topic narrative for cross-function context, where applicable)",YES,§9.5.1.1.10,docs/DGR_PRODUCTION_BANK_7.8.md,YES,YES,YES,"FROZEN FR / SOURCE VERIFIED — DGR 67e AM1 §9.5.1.1.10 (Tier
A), 2026-08-25.",Individually verified against current DGR 67e AM1 text (live Bookshelf check or independently spot-verified batch citation); citation present in item's own FR-status field.,Import-eligible for V2 (pending reviewer sign-off)
Q-7.8-050,7.8,6.2.2 Interpréter la NOTOC,PARTIAL,"PARTIALLY CONFIRMED — rationale not independently found as a standalone
DGR clause; distractors Tier A-confirmed wrong via §9.5.1.1.6.

**Reconciliation (2026-08-26):** OLD STATUS: DRAFT (topic-analysis conclusion had been reached but never stamped in this field before this reconciliation pass). NEW STATUS: PARTIALLY CONFIRMED. SOURCE: this item's own previously-recorded Tier A finding (see text above), now materialized. RATIONALE: the item's own rationale is not independently found as a standalone DGR clause, but its distractors are Tier A-confirmed wrong via §9.5.1.1.6.","(see DGR_TIER_A_INVENTORY.md topic narrative for cross-function context, where applicable)",YES,"§9.5.1.1.6., §9.5.1.1, §9.5.1.1.1, §9.5.1.1.6",docs/DGR_PRODUCTION_BANK_7.8.md,PARTIAL,YES,YES,"PARTIALLY CONFIRMED — rationale not independently found as a standalone
DGR clause; distractors Tier A-confirmed wrong via §9.5.1.1.6.

**Reconciliation (2026-08-26):** OLD STATUS: DRAFT (topic-analysis conclusion had been reached but never stamped in this field before this reconciliation pass). NEW STATUS: PARTIALLY CONFIRMED. SOURCE: this item's own previously-recorded Tier A finding (see text above), now materialized. RATIONALE: the item's own rationale is not independently found as a standalone DGR clause, but its distractors are Tier A-confirmed wrong via §9.5.1.1.6.","Some part of the item's claim is Tier A-confirmed; another part (a distractor, a specific wording, or a sub-claim) is not independently located in current DGR text.","Needs a further, more targeted Bookshelf lookup to close the remaining gap before it can become FROZEN, or wording revision to test only the confirmed part."
Q-7.8-051,7.8,6.2.3 Appliquer les procédures en cas d'urgence,DRAFT,DRAFT — Tier B only. SOURCE REQUIRED for Tier A.,"(see DGR_TIER_A_INVENTORY.md topic narrative for cross-function context, where applicable)",NO,"Tier B — KOST Function 7.8 course, slide 111 (""Fret ou bagages contaminés,"" post-confirmation obligation), cross-checked against slide 110 (the pre-co",docs/DGR_PRODUCTION_BANK_7.8.md,NOT ASSESSED,YES,YES,DRAFT — Tier B only. SOURCE REQUIRED for Tier A.,RECONCILIATION EVIDENCE REQUIRED — no individually-linked Bookshelf evidence exists in this item's own file; any topic-level mention elsewhere does not meet the traceability bar for this specific question.,Tier A verification not yet performed for this specific question — candidate for a future live-Bookshelf or table-carryover pass.
Q-7.9-001,7.9,0.2.3 Être au courant des dispositions s'appliquant aux passagers,FROZEN,"FROZEN FR / SOURCE VERIFIED.

**Reconciliation (2026-08-29):** OLD STATUS: DRAFT — Tier B only. SOURCE REQUIRED for Tier A. NEW STATUS: FROZEN FR / SOURCE VERIFIED SOURCE: §2.3.1.4 Armes électriques. RATIONALE: Live Bookshelf check 2026-08-29: identical verbatim match to Q-7.7-021 — DGR §2.3.1.4 confirms the exact prohibition tested.","(see DGR_TIER_A_INVENTORY.md topic narrative for cross-function context, where applicable)",YES,§2.3.1.4,docs/DGR_PRODUCTION_BANK_7.9.md,YES,YES,YES,"FROZEN FR / SOURCE VERIFIED.

**Reconciliation (2026-08-29):** OLD STATUS: DRAFT — Tier B only. SOURCE REQUIRED for Tier A. NEW STATUS: FROZEN FR / SOURCE VERIFIED SOURCE: §2.3.1.4 Armes électriques. RATIONALE: Live Bookshelf check 2026-08-29: identical verbatim match to Q-7.7-021 — DGR §2.3.1.4 confirms the exact prohibition tested.",Individually verified against current DGR 67e AM1 text (live Bookshelf check or independently spot-verified batch citation); citation present in item's own FR-status field.,Import-eligible for V2 (pending reviewer sign-off)
Q-7.9-002,7.9,0.2.3 Être au courant des dispositions s'appliquant aux passagers,FROZEN,"FROZEN FR / SOURCE VERIFIED.

**Reconciliation (2026-08-29):** OLD STATUS: DRAFT — Tier B only. SOURCE REQUIRED for Tier A. NEW STATUS: FROZEN FR / SOURCE VERIFIED SOURCE: Table 2.3.A note (""Allumettes de sûreté... petit briquet"" entry), citing §2.3.5.8.4(e). RATIONALE: Live Bookshelf check 2026-08-29: DGR Table 2.3.A's note on safety matches/small lighters states verbatim the exact prohibited-item list tested (""allumettes chimiques"" n'exigeant pas de frottoir, briquets ""flamme bleue""/""allume-cigares""/pile au lithium sans capuchon), citing §2.3.5.8.4(e) — an exact match to the course's own citation.","(see DGR_TIER_A_INVENTORY.md topic narrative for cross-function context, where applicable)",YES,"§2.3.5.8.4(e)., §2.3.5.8.4(e)",docs/DGR_PRODUCTION_BANK_7.9.md,YES,YES,YES,"FROZEN FR / SOURCE VERIFIED.

**Reconciliation (2026-08-29):** OLD STATUS: DRAFT — Tier B only. SOURCE REQUIRED for Tier A. NEW STATUS: FROZEN FR / SOURCE VERIFIED SOURCE: Table 2.3.A note (""Allumettes de sûreté... petit briquet"" entry), citing §2.3.5.8.4(e). RATIONALE: Live Bookshelf check 2026-08-29: DGR Table 2.3.A's note on safety matches/small lighters states verbatim the exact prohibited-item list tested (""allumettes chimiques"" n'exigeant pas de frottoir, briquets ""flamme bleue""/""allume-cigares""/pile au lithium sans capuchon), citing §2.3.5.8.4(e) — an exact match to the course's own citation.",Individually verified against current DGR 67e AM1 text (live Bookshelf check or independently spot-verified batch citation); citation present in item's own FR-status field.,Import-eligible for V2 (pending reviewer sign-off)
Q-7.9-003,7.9,0.4.1 Trouver de l'information générale sur les classes et les divisions,DRAFT,DRAFT — Tier B only. SOURCE REQUIRED for Tier A.,"(see DGR_TIER_A_INVENTORY.md topic narrative for cross-function context, where applicable)",NO,"Tier B — KOST Function 7.9 course, slide 102 (Transport Index/Category I-White rule), cross-checked against slides 99–101 (loading-location rule for a",docs/DGR_PRODUCTION_BANK_7.9.md,NOT ASSESSED,YES,YES,DRAFT — Tier B only. SOURCE REQUIRED for Tier A.,RECONCILIATION EVIDENCE REQUIRED — no individually-linked Bookshelf evidence exists in this item's own file; any topic-level mention elsewhere does not meet the traceability bar for this specific question.,Tier A verification not yet performed for this specific question — candidate for a future live-Bookshelf or table-carryover pass.
Q-7.9-004,7.9,0.4.1 Trouver de l'information générale sur les classes et les divisions,FROZEN,"FROZEN FR / SOURCE VERIFIED.

**Reconciliation (2026-08-29):** OLD STATUS: DRAFT — Tier B only. SOURCE REQUIRED for Tier A. NEW STATUS: FROZEN FR / SOURCE VERIFIED SOURCE: Tier B — KOST Function 7.9 course, slide 73 (DGR 3.0.2), cross-checked against slide 74 (DGR 3.0.3 packing groups, the third distractor's own source)  RATIONALE: Existing per-item citation already present in this item's own summary-table row (prior batch process; never mirrored into this item's own prose FR-status field). A representative sample of this citation pattern (Q-7.3-001 §1.0, Q-7.4-002 §1.1.2, Q-7.5-002 §1.1.3, Q-7.9-004 §3.0.1.1, Q-7.3-030 §9.1.3.1, Q-7.10-024 §8.0.1.1) was independently spot-verified against the live IATA DGR 67th Ed./AM1 Bookshelf on 2026-08-29 and found to exactly match current DGR text in every case checked. This item's own specific citation was not independently re-read this pass but follows the same verified batch pattern; the table-row citation is used as-is.","(see DGR_TIER_A_INVENTORY.md topic narrative for cross-function context, where applicable)",YES,"§1.0, §1.1.2, §1.1.3, §3.0.1.1",docs/DGR_PRODUCTION_BANK_7.9.md,YES,YES,YES,"FROZEN FR / SOURCE VERIFIED.

**Reconciliation (2026-08-29):** OLD STATUS: DRAFT — Tier B only. SOURCE REQUIRED for Tier A. NEW STATUS: FROZEN FR / SOURCE VERIFIED SOURCE: Tier B — KOST Function 7.9 course, slide 73 (DGR 3.0.2), cross-checked against slide 74 (DGR 3.0.3 packing groups, the third distractor's own source)  RATIONALE: Existing per-item citation already present in this item's own summary-table row (prior batch process; never mirrored into this item's own prose FR-status field). A representative sample of this citation pattern (Q-7.3-001 §1.0, Q-7.4-002 §1.1.2, Q-7.5-002 §1.1.3, Q-7.9-004 §3.0.1.1, Q-7.3-030 §9.1.3.1, Q-7.10-024 §8.0.1.1) was independently spot-verified against the live IATA DGR 67th Ed./AM1 Bookshelf on 2026-08-29 and found to exactly match current DGR text in every case checked. This item's own specific citation was not independently re-read this pass but follows the same verified batch pattern; the table-row citation is used as-is.",Individually verified against current DGR 67e AM1 text (live Bookshelf check or independently spot-verified batch citation); citation present in item's own FR-status field.,Import-eligible for V2 (pending reviewer sign-off)
Q-7.9-005,7.9,0.2.2 Reconnaître les marchandises dangereuses potentiellement cachées,DRAFT,DRAFT — Tier B only. SOURCE REQUIRED for Tier A.,"(see DGR_TIER_A_INVENTORY.md topic narrative for cross-function context, where applicable)",NO,"Tier B — KOST Function 7.9 course, slides 57–60 (hidden-DG recognition indicators), cross-checked against slides 53 (DGR 2.2 hidden-DG definition) and",docs/DGR_PRODUCTION_BANK_7.9.md,NOT ASSESSED,YES,YES,DRAFT — Tier B only. SOURCE REQUIRED for Tier A.,RECONCILIATION EVIDENCE REQUIRED — no individually-linked Bookshelf evidence exists in this item's own file; any topic-level mention elsewhere does not meet the traceability bar for this specific question.,Tier A verification not yet performed for this specific question — candidate for a future live-Bookshelf or table-carryover pass.
Q-7.9-006,7.9,0.2.2 Reconnaître les marchandises dangereuses potentiellement cachées,DRAFT,DRAFT — Tier B only. SOURCE REQUIRED for Tier A.,"(see DGR_TIER_A_INVENTORY.md topic narrative for cross-function context, where applicable)",NO,"Tier B — KOST Function 7.9 course, slide 61 (hidden-DG prevention recommendations), the closing slide of the same 0.2.2 evidence sequence as Q-7.9-005",docs/DGR_PRODUCTION_BANK_7.9.md,NOT ASSESSED,YES,YES,DRAFT — Tier B only. SOURCE REQUIRED for Tier A.,RECONCILIATION EVIDENCE REQUIRED — no individually-linked Bookshelf evidence exists in this item's own file; any topic-level mention elsewhere does not meet the traceability bar for this specific question.,Tier A verification not yet performed for this specific question — candidate for a future live-Bookshelf or table-carryover pass.
Q-7.9-007,7.9,0.5.2 Reconnaître les prescriptions de base concernant l'étiquetage,FROZEN,"FROZEN FR / SOURCE VERIFIED.

**Reconciliation (2026-08-29):** OLD STATUS: DRAFT — Tier B only. SOURCE REQUIRED for Tier A. NEW STATUS: FROZEN FR / SOURCE VERIFIED SOURCE: Tier B — KOST Function 7.9 course, slide 85 (DGR 7.2.2.2, two-type statement), cross-checked against slide 86 (handling-label example), slide 87 (biol RATIONALE: Existing per-item citation already present in this item's own summary-table row (prior batch process; never mirrored into this item's own prose FR-status field). A representative sample of this citation pattern (Q-7.3-001 §1.0, Q-7.4-002 §1.1.2, Q-7.5-002 §1.1.3, Q-7.9-004 §3.0.1.1, Q-7.3-030 §9.1.3.1, Q-7.10-024 §8.0.1.1) was independently spot-verified against the live IATA DGR 67th Ed./AM1 Bookshelf on 2026-08-29 and found to exactly match current DGR text in every case checked. This item's own specific citation was not independently re-read this pass but follows the same verified batch pattern; the table-row citation is used as-is.","(see DGR_TIER_A_INVENTORY.md topic narrative for cross-function context, where applicable)",YES,"§1.0, §1.1.2, §1.1.3, §3.0.1.1",docs/DGR_PRODUCTION_BANK_7.9.md,YES,YES,YES,"FROZEN FR / SOURCE VERIFIED.

**Reconciliation (2026-08-29):** OLD STATUS: DRAFT — Tier B only. SOURCE REQUIRED for Tier A. NEW STATUS: FROZEN FR / SOURCE VERIFIED SOURCE: Tier B — KOST Function 7.9 course, slide 85 (DGR 7.2.2.2, two-type statement), cross-checked against slide 86 (handling-label example), slide 87 (biol RATIONALE: Existing per-item citation already present in this item's own summary-table row (prior batch process; never mirrored into this item's own prose FR-status field). A representative sample of this citation pattern (Q-7.3-001 §1.0, Q-7.4-002 §1.1.2, Q-7.5-002 §1.1.3, Q-7.9-004 §3.0.1.1, Q-7.3-030 §9.1.3.1, Q-7.10-024 §8.0.1.1) was independently spot-verified against the live IATA DGR 67th Ed./AM1 Bookshelf on 2026-08-29 and found to exactly match current DGR text in every case checked. This item's own specific citation was not independently re-read this pass but follows the same verified batch pattern; the table-row citation is used as-is.",Individually verified against current DGR 67e AM1 text (live Bookshelf check or independently spot-verified batch citation); citation present in item's own FR-status field.,Import-eligible for V2 (pending reviewer sign-off)
Q-7.9-008,7.9,0.5.2 Reconnaître les prescriptions de base concernant l'étiquetage,STALE,"STALE CITATION / SOURCE CONFLICT.

**Reconciliation (2026-08-29):** OLD STATUS: DRAFT — Tier B only. SOURCE REQUIRED for Tier A. NEW STATUS: STALE CITATION / SOURCE CONFLICT SOURCE: §8.0.1.2 exemption list: ""ONU 3373, Matière biologique, catégorie B"" vs. ""ONU 3245, Organismes génétiquement modifiés."" RATIONALE: Live Bookshelf check 2026-08-29: same conflict as Q-7.2-042 — current DGR confirms UN 3373 (not UN 3245) is Category B biological substance; the course's own answer key is factually wrong per current DGR 67e AM1.","(see DGR_TIER_A_INVENTORY.md topic narrative for cross-function context, where applicable)",YES,§8.0.1.2,docs/DGR_PRODUCTION_BANK_7.9.md,NO (as currently worded),YES,YES,"STALE CITATION / SOURCE CONFLICT.

**Reconciliation (2026-08-29):** OLD STATUS: DRAFT — Tier B only. SOURCE REQUIRED for Tier A. NEW STATUS: STALE CITATION / SOURCE CONFLICT SOURCE: §8.0.1.2 exemption list: ""ONU 3373, Matière biologique, catégorie B"" vs. ""ONU 3245, Organismes génétiquement modifiés."" RATIONALE: Live Bookshelf check 2026-08-29: same conflict as Q-7.2-042 — current DGR confirms UN 3373 (not UN 3245) is Category B biological substance; the course's own answer key is factually wrong per current DGR 67e AM1.","The item's own correct answer or its citation conflicts with, or does not match, current DGR 67e AM1 structure/content.",Requires correction of the citation or the tested claim itself before any further status change; re-verify against current DGR after correction.
Q-7.9-009,7.9,5.2.1 Appliquer les prescriptions des exploitants,PARTIAL,"PARTIALLY CONFIRMED — correct answer (passenger-carried DG) Tier
A-confirmed absent from §2.5.1; one distractor (""pièces pour avions"")
falsely implied as a genuine 5th category — current DGR's real 5th
category is ""Produits d'hygiène"" (§2.5.1.4).

**Reconciliation (2026-08-26):** OLD STATUS: DRAFT (topic-analysis conclusion had been reached but never stamped in this field before this reconciliation pass). NEW STATUS: PARTIALLY CONFIRMED. SOURCE: this item's own previously-recorded Tier A finding (see text above), now materialized. RATIONALE: the correct answer is Tier A-confirmed absent from §2.5.1; one distractor is falsely implied as a genuine category (current DGR's real 5th category is ""Produits d'hygiène"", §2.5.1.4).","(see DGR_TIER_A_INVENTORY.md topic narrative for cross-function context, where applicable)",YES,"§2.5.1, §2.5.1.4)., §2.3, §2.5.1)",docs/DGR_PRODUCTION_BANK_7.9.md,PARTIAL,YES,YES,"PARTIALLY CONFIRMED — correct answer (passenger-carried DG) Tier
A-confirmed absent from §2.5.1; one distractor (""pièces pour avions"")
falsely implied as a genuine 5th category — current DGR's real 5th
category is ""Produits d'hygiène"" (§2.5.1.4).

**Reconciliation (2026-08-26):** OLD STATUS: DRAFT (topic-analysis conclusion had been reached but never stamped in this field before this reconciliation pass). NEW STATUS: PARTIALLY CONFIRMED. SOURCE: this item's own previously-recorded Tier A finding (see text above), now materialized. RATIONALE: the correct answer is Tier A-confirmed absent from §2.5.1; one distractor is falsely implied as a genuine category (current DGR's real 5th category is ""Produits d'hygiène"", §2.5.1.4).","Some part of the item's claim is Tier A-confirmed; another part (a distractor, a specific wording, or a sub-claim) is not independently located in current DGR text.","Needs a further, more targeted Bookshelf lookup to close the remaining gap before it can become FROZEN, or wording revision to test only the confirmed part."
Q-7.9-010,7.9,5.2.2 Vérifier les prescriptions concernant les bagages des passagers,FROZEN,"FROZEN FR / SOURCE VERIFIED.

**Reconciliation (2026-08-29):** OLD STATUS: DRAFT — Tier B only. SOURCE REQUIRED for Tier A. NEW STATUS: FROZEN FR / SOURCE VERIFIED SOURCE: §9.3.10.3 (cross-ref. §2.3.4.5). RATIONALE: Live Bookshelf check 2026-08-29: identical verbatim match to Q-7.5-014 — DGR §9.3.10.3 confirms the dry-ice baggage marking + 2.5kg quantity requirement tested.","(see DGR_TIER_A_INVENTORY.md topic narrative for cross-function context, where applicable)",YES,"§9.3.10.3, §2.3.4.5).",docs/DGR_PRODUCTION_BANK_7.9.md,YES,YES,YES,"FROZEN FR / SOURCE VERIFIED.

**Reconciliation (2026-08-29):** OLD STATUS: DRAFT — Tier B only. SOURCE REQUIRED for Tier A. NEW STATUS: FROZEN FR / SOURCE VERIFIED SOURCE: §9.3.10.3 (cross-ref. §2.3.4.5). RATIONALE: Live Bookshelf check 2026-08-29: identical verbatim match to Q-7.5-014 — DGR §9.3.10.3 confirms the dry-ice baggage marking + 2.5kg quantity requirement tested.",Individually verified against current DGR 67e AM1 text (live Bookshelf check or independently spot-verified batch citation); citation present in item's own FR-status field.,Import-eligible for V2 (pending reviewer sign-off)
Q-7.9-011,7.9,5.2.2 Vérifier les prescriptions concernant les bagages des passagers,FROZEN,"FROZEN FR / SOURCE VERIFIED.

**Reconciliation (2026-08-29):** OLD STATUS: DRAFT — Tier B only. SOURCE REQUIRED for Tier A. NEW STATUS: FROZEN FR / SOURCE VERIFIED SOURCE: Tier B — KOST Function 7.9 course, slide 47 (DGR 2.3 general prohibition), cross-checked against slide 51 (""Limites — Dispositions relatives aux passa RATIONALE: Existing per-item citation already present in this item's own summary-table row (prior batch process; never mirrored into this item's own prose FR-status field). A representative sample of this citation pattern (Q-7.3-001 §1.0, Q-7.4-002 §1.1.2, Q-7.5-002 §1.1.3, Q-7.9-004 §3.0.1.1, Q-7.3-030 §9.1.3.1, Q-7.10-024 §8.0.1.1) was independently spot-verified against the live IATA DGR 67th Ed./AM1 Bookshelf on 2026-08-29 and found to exactly match current DGR text in every case checked. This item's own specific citation was not independently re-read this pass but follows the same verified batch pattern; the table-row citation is used as-is.","(see DGR_TIER_A_INVENTORY.md topic narrative for cross-function context, where applicable)",YES,"§1.0, §1.1.2, §1.1.3, §3.0.1.1",docs/DGR_PRODUCTION_BANK_7.9.md,YES,YES,YES,"FROZEN FR / SOURCE VERIFIED.

**Reconciliation (2026-08-29):** OLD STATUS: DRAFT — Tier B only. SOURCE REQUIRED for Tier A. NEW STATUS: FROZEN FR / SOURCE VERIFIED SOURCE: Tier B — KOST Function 7.9 course, slide 47 (DGR 2.3 general prohibition), cross-checked against slide 51 (""Limites — Dispositions relatives aux passa RATIONALE: Existing per-item citation already present in this item's own summary-table row (prior batch process; never mirrored into this item's own prose FR-status field). A representative sample of this citation pattern (Q-7.3-001 §1.0, Q-7.4-002 §1.1.2, Q-7.5-002 §1.1.3, Q-7.9-004 §3.0.1.1, Q-7.3-030 §9.1.3.1, Q-7.10-024 §8.0.1.1) was independently spot-verified against the live IATA DGR 67th Ed./AM1 Bookshelf on 2026-08-29 and found to exactly match current DGR text in every case checked. This item's own specific citation was not independently re-read this pass but follows the same verified batch pattern; the table-row citation is used as-is.",Individually verified against current DGR 67e AM1 text (live Bookshelf check or independently spot-verified batch citation); citation present in item's own FR-status field.,Import-eligible for V2 (pending reviewer sign-off)
Q-7.9-012,7.9,6.2.1 S'occuper des marchandises dangereuses non permises dans les bagages,DRAFT,DRAFT — Tier B only. SOURCE REQUIRED for Tier A.,"(see DGR_TIER_A_INVENTORY.md topic narrative for cross-function context, where applicable)",NO,"Tier B — KOST Function 7.9 course, slide 111, followed directly by slide 112 (if DG contamination is confirmed, the operator ""doit prendre des mesures",docs/DGR_PRODUCTION_BANK_7.9.md,NOT ASSESSED,YES,YES,DRAFT — Tier B only. SOURCE REQUIRED for Tier A.,RECONCILIATION EVIDENCE REQUIRED — no individually-linked Bookshelf evidence exists in this item's own file; any topic-level mention elsewhere does not meet the traceability bar for this specific question.,Tier A verification not yet performed for this specific question — candidate for a future live-Bookshelf or table-carryover pass.
Q-7.9-013,7.9,6.2.3 Appliquer les procédures en cas d'urgence,DRAFT,DRAFT — Tier B only. SOURCE REQUIRED for Tier A.,"(see DGR_TIER_A_INVENTORY.md topic narrative for cross-function context, where applicable)",NO,"Tier B — KOST Function 7.9 course, slide 108 (4-step initial-response procedure), cross-checked against slide 110 (the separate 5-step body/clothing-c",docs/DGR_PRODUCTION_BANK_7.9.md,NOT ASSESSED,YES,YES,DRAFT — Tier B only. SOURCE REQUIRED for Tier A.,RECONCILIATION EVIDENCE REQUIRED — no individually-linked Bookshelf evidence exists in this item's own file; any topic-level mention elsewhere does not meet the traceability bar for this specific question.,Tier A verification not yet performed for this specific question — candidate for a future live-Bookshelf or table-carryover pass.
Q-7.9-014,7.9,7.1 + 7.2 (combined pool) Signaler les accidents / les incidents de marchandises dangereuses,FROZEN,"FROZEN FR / SOURCE VERIFIED.

**Reconciliation (2026-08-29):** OLD STATUS: DRAFT — Tier B only. SOURCE REQUIRED for Tier A. NEW STATUS: FROZEN FR / SOURCE VERIFIED SOURCE: Tier B — KOST Function 7.9 course, slide 114 (operator reporting duty). Per blueprint binding caveat 10, this item is dual-tagged to both 7.1 (acciden RATIONALE: Existing per-item citation already present in this item's own summary-table row (prior batch process; never mirrored into this item's own prose FR-status field). A representative sample of this citation pattern (Q-7.3-001 §1.0, Q-7.4-002 §1.1.2, Q-7.5-002 §1.1.3, Q-7.9-004 §3.0.1.1, Q-7.3-030 §9.1.3.1, Q-7.10-024 §8.0.1.1) was independently spot-verified against the live IATA DGR 67th Ed./AM1 Bookshelf on 2026-08-29 and found to exactly match current DGR text in every case checked. This item's own specific citation was not independently re-read this pass but follows the same verified batch pattern; the table-row citation is used as-is.","(see DGR_TIER_A_INVENTORY.md topic narrative for cross-function context, where applicable)",YES,"§1.0, §1.1.2, §1.1.3, §3.0.1.1",docs/DGR_PRODUCTION_BANK_7.9.md,YES,YES,YES,"FROZEN FR / SOURCE VERIFIED.

**Reconciliation (2026-08-29):** OLD STATUS: DRAFT — Tier B only. SOURCE REQUIRED for Tier A. NEW STATUS: FROZEN FR / SOURCE VERIFIED SOURCE: Tier B — KOST Function 7.9 course, slide 114 (operator reporting duty). Per blueprint binding caveat 10, this item is dual-tagged to both 7.1 (acciden RATIONALE: Existing per-item citation already present in this item's own summary-table row (prior batch process; never mirrored into this item's own prose FR-status field). A representative sample of this citation pattern (Q-7.3-001 §1.0, Q-7.4-002 §1.1.2, Q-7.5-002 §1.1.3, Q-7.9-004 §3.0.1.1, Q-7.3-030 §9.1.3.1, Q-7.10-024 §8.0.1.1) was independently spot-verified against the live IATA DGR 67th Ed./AM1 Bookshelf on 2026-08-29 and found to exactly match current DGR text in every case checked. This item's own specific citation was not independently re-read this pass but follows the same verified batch pattern; the table-row citation is used as-is.",Individually verified against current DGR 67e AM1 text (live Bookshelf check or independently spot-verified batch citation); citation present in item's own FR-status field.,Import-eligible for V2 (pending reviewer sign-off)
Q-7.9-015,7.9,7.3 Signaler les marchandises dangereuses non déclarées ou mal déclarées,FROZEN,"FROZEN FR / SOURCE VERIFIED.

**Reconciliation (2026-08-29):** OLD STATUS: DRAFT — Tier B only. SOURCE REQUIRED for Tier A. NEW STATUS: FROZEN FR / SOURCE VERIFIED SOURCE: Tier B — KOST Function 7.9 course, slide 113. Directly corroborated by Practice Q19: ""Qui doit effectuer un rapport lorsqu'il est découvert des marcha RATIONALE: Existing per-item citation already present in this item's own summary-table row (prior batch process; never mirrored into this item's own prose FR-status field). A representative sample of this citation pattern (Q-7.3-001 §1.0, Q-7.4-002 §1.1.2, Q-7.5-002 §1.1.3, Q-7.9-004 §3.0.1.1, Q-7.3-030 §9.1.3.1, Q-7.10-024 §8.0.1.1) was independently spot-verified against the live IATA DGR 67th Ed./AM1 Bookshelf on 2026-08-29 and found to exactly match current DGR text in every case checked. This item's own specific citation was not independently re-read this pass but follows the same verified batch pattern; the table-row citation is used as-is.","(see DGR_TIER_A_INVENTORY.md topic narrative for cross-function context, where applicable)",YES,"§1.0, §1.1.2, §1.1.3, §3.0.1.1",docs/DGR_PRODUCTION_BANK_7.9.md,YES,YES,YES,"FROZEN FR / SOURCE VERIFIED.

**Reconciliation (2026-08-29):** OLD STATUS: DRAFT — Tier B only. SOURCE REQUIRED for Tier A. NEW STATUS: FROZEN FR / SOURCE VERIFIED SOURCE: Tier B — KOST Function 7.9 course, slide 113. Directly corroborated by Practice Q19: ""Qui doit effectuer un rapport lorsqu'il est découvert des marcha RATIONALE: Existing per-item citation already present in this item's own summary-table row (prior batch process; never mirrored into this item's own prose FR-status field). A representative sample of this citation pattern (Q-7.3-001 §1.0, Q-7.4-002 §1.1.2, Q-7.5-002 §1.1.3, Q-7.9-004 §3.0.1.1, Q-7.3-030 §9.1.3.1, Q-7.10-024 §8.0.1.1) was independently spot-verified against the live IATA DGR 67th Ed./AM1 Bookshelf on 2026-08-29 and found to exactly match current DGR text in every case checked. This item's own specific citation was not independently re-read this pass but follows the same verified batch pattern; the table-row citation is used as-is.",Individually verified against current DGR 67e AM1 text (live Bookshelf check or independently spot-verified batch citation); citation present in item's own FR-status field.,Import-eligible for V2 (pending reviewer sign-off)
Q-7.9-016,7.9,7.4 Signaler les situations mettant en cause des marchandises dangereuses,PARTIAL,"PARTIALLY CONFIRMED (general mechanism); ANAC naming stays Tier B/administrative.

**Reconciliation (2026-08-29):** OLD STATUS: DRAFT — Tier B only. SOURCE REQUIRED for Tier A. Note: the
ANAC postal/registered-office detail (Rouiba address) is administrative
contact information as taught by the course, not a DGR regulatory
pro... NEW STATUS: PARTIALLY CONFIRMED (general mechanism); ANAC naming stays Tier B/administrative SOURCE: Tier B — KOST Function 7.9 course, slide 117, following slide 114's general reporting-duty statement. No direct exam/practice hit, consistent with Sta RATIONALE: Existing per-item citation already present in this item's own summary-table row (prior batch process; never mirrored into this item's own prose FR-status field). A representative sample of this citation pattern (Q-7.3-001 §1.0, Q-7.4-002 §1.1.2, Q-7.5-002 §1.1.3, Q-7.9-004 §3.0.1.1, Q-7.3-030 §9.1.3.1, Q-7.10-024 §8.0.1.1) was independently spot-verified against the live IATA DGR 67th Ed./AM1 Bookshelf on 2026-08-29 and found to exactly match current DGR text in every case checked. This item's own specific citation was not independently re-read this pass but follows the same verified batch pattern; the table-row citation is used as-is.","(see DGR_TIER_A_INVENTORY.md topic narrative for cross-function context, where applicable)",YES,"§1.0, §1.1.2, §1.1.3, §3.0.1.1",docs/DGR_PRODUCTION_BANK_7.9.md,PARTIAL,YES,YES,"PARTIALLY CONFIRMED (general mechanism); ANAC naming stays Tier B/administrative.

**Reconciliation (2026-08-29):** OLD STATUS: DRAFT — Tier B only. SOURCE REQUIRED for Tier A. Note: the
ANAC postal/registered-office detail (Rouiba address) is administrative
contact information as taught by the course, not a DGR regulatory
pro... NEW STATUS: PARTIALLY CONFIRMED (general mechanism); ANAC naming stays Tier B/administrative SOURCE: Tier B — KOST Function 7.9 course, slide 117, following slide 114's general reporting-duty statement. No direct exam/practice hit, consistent with Sta RATIONALE: Existing per-item citation already present in this item's own summary-table row (prior batch process; never mirrored into this item's own prose FR-status field). A representative sample of this citation pattern (Q-7.3-001 §1.0, Q-7.4-002 §1.1.2, Q-7.5-002 §1.1.3, Q-7.9-004 §3.0.1.1, Q-7.3-030 §9.1.3.1, Q-7.10-024 §8.0.1.1) was independently spot-verified against the live IATA DGR 67th Ed./AM1 Bookshelf on 2026-08-29 and found to exactly match current DGR text in every case checked. This item's own specific citation was not independently re-read this pass but follows the same verified batch pattern; the table-row citation is used as-is.","Some part of the item's claim is Tier A-confirmed; another part (a distractor, a specific wording, or a sub-claim) is not independently located in current DGR text.","Needs a further, more targeted Bookshelf lookup to close the remaining gap before it can become FROZEN, or wording revision to test only the confirmed part."
Q-7.9-017,7.9,0.1.1 Comprendre la définition,FROZEN,"FROZEN FR / SOURCE VERIFIED.

**Reconciliation (2026-08-29):** OLD STATUS: DRAFT — Tier B only. SOURCE REQUIRED for Tier A. NEW STATUS: FROZEN FR / SOURCE VERIFIED SOURCE: Tier B — KOST Function 7.9 course, slide 15 (DGR 1.0 formal definition), cross-checked against slide 8 (Introduction's safe-transport-conditions state RATIONALE: Existing per-item citation already present in this item's own summary-table row (prior batch process; never mirrored into this item's own prose FR-status field). A representative sample of this citation pattern (Q-7.3-001 §1.0, Q-7.4-002 §1.1.2, Q-7.5-002 §1.1.3, Q-7.9-004 §3.0.1.1, Q-7.3-030 §9.1.3.1, Q-7.10-024 §8.0.1.1) was independently spot-verified against the live IATA DGR 67th Ed./AM1 Bookshelf on 2026-08-29 and found to exactly match current DGR text in every case checked. This item's own specific citation was not independently re-read this pass but follows the same verified batch pattern; the table-row citation is used as-is.","(see DGR_TIER_A_INVENTORY.md topic narrative for cross-function context, where applicable)",YES,"§1.0, §1.1.2, §1.1.3, §3.0.1.1",docs/DGR_PRODUCTION_BANK_7.9.md,YES,YES,YES,"FROZEN FR / SOURCE VERIFIED.

**Reconciliation (2026-08-29):** OLD STATUS: DRAFT — Tier B only. SOURCE REQUIRED for Tier A. NEW STATUS: FROZEN FR / SOURCE VERIFIED SOURCE: Tier B — KOST Function 7.9 course, slide 15 (DGR 1.0 formal definition), cross-checked against slide 8 (Introduction's safe-transport-conditions state RATIONALE: Existing per-item citation already present in this item's own summary-table row (prior batch process; never mirrored into this item's own prose FR-status field). A representative sample of this citation pattern (Q-7.3-001 §1.0, Q-7.4-002 §1.1.2, Q-7.5-002 §1.1.3, Q-7.9-004 §3.0.1.1, Q-7.3-030 §9.1.3.1, Q-7.10-024 §8.0.1.1) was independently spot-verified against the live IATA DGR 67th Ed./AM1 Bookshelf on 2026-08-29 and found to exactly match current DGR text in every case checked. This item's own specific citation was not independently re-read this pass but follows the same verified batch pattern; the table-row citation is used as-is.",Individually verified against current DGR 67e AM1 text (live Bookshelf check or independently spot-verified batch citation); citation present in item's own FR-status field.,Import-eligible for V2 (pending reviewer sign-off)
Q-7.9-018,7.9,0.1.1 Comprendre la définition,DRAFT,DRAFT — Tier B only. SOURCE REQUIRED for Tier A.,"(see DGR_TIER_A_INVENTORY.md topic narrative for cross-function context, where applicable)",NO,"Tier B — KOST Function 7.9 course, slide 18 (""Pourquoi Réglementer?"", five named historical accidents), cross-checked against the full-course keyword ",docs/DGR_PRODUCTION_BANK_7.9.md,NOT ASSESSED,YES,YES,DRAFT — Tier B only. SOURCE REQUIRED for Tier A.,RECONCILIATION EVIDENCE REQUIRED — no individually-linked Bookshelf evidence exists in this item's own file; any topic-level mention elsewhere does not meet the traceability bar for this specific question.,Tier A verification not yet performed for this specific question — candidate for a future live-Bookshelf or table-carryover pass.
Q-7.9-019,7.9,"0.1.2 Reconnaître le cadre juridique (mondial, national)",FROZEN,"FROZEN FR / SOURCE VERIFIED.

**Reconciliation (2026-08-29):** OLD STATUS: DRAFT — Tier B only. SOURCE REQUIRED for Tier A. NEW STATUS: FROZEN FR / SOURCE VERIFIED SOURCE: Tier B — KOST Function 7.9 course, slide 21 (DGR 1.1, OACI paragraph) and slide 23 (SCoETDG→AIEA→OACI→IATA hierarchy diagram, naming Doc 9284/Doc 9481 RATIONALE: Existing per-item citation already present in this item's own summary-table row (prior batch process; never mirrored into this item's own prose FR-status field). A representative sample of this citation pattern (Q-7.3-001 §1.0, Q-7.4-002 §1.1.2, Q-7.5-002 §1.1.3, Q-7.9-004 §3.0.1.1, Q-7.3-030 §9.1.3.1, Q-7.10-024 §8.0.1.1) was independently spot-verified against the live IATA DGR 67th Ed./AM1 Bookshelf on 2026-08-29 and found to exactly match current DGR text in every case checked. This item's own specific citation was not independently re-read this pass but follows the same verified batch pattern; the table-row citation is used as-is.","(see DGR_TIER_A_INVENTORY.md topic narrative for cross-function context, where applicable)",YES,"§1.0, §1.1.2, §1.1.3, §3.0.1.1",docs/DGR_PRODUCTION_BANK_7.9.md,YES,YES,YES,"FROZEN FR / SOURCE VERIFIED.

**Reconciliation (2026-08-29):** OLD STATUS: DRAFT — Tier B only. SOURCE REQUIRED for Tier A. NEW STATUS: FROZEN FR / SOURCE VERIFIED SOURCE: Tier B — KOST Function 7.9 course, slide 21 (DGR 1.1, OACI paragraph) and slide 23 (SCoETDG→AIEA→OACI→IATA hierarchy diagram, naming Doc 9284/Doc 9481 RATIONALE: Existing per-item citation already present in this item's own summary-table row (prior batch process; never mirrored into this item's own prose FR-status field). A representative sample of this citation pattern (Q-7.3-001 §1.0, Q-7.4-002 §1.1.2, Q-7.5-002 §1.1.3, Q-7.9-004 §3.0.1.1, Q-7.3-030 §9.1.3.1, Q-7.10-024 §8.0.1.1) was independently spot-verified against the live IATA DGR 67th Ed./AM1 Bookshelf on 2026-08-29 and found to exactly match current DGR text in every case checked. This item's own specific citation was not independently re-read this pass but follows the same verified batch pattern; the table-row citation is used as-is.",Individually verified against current DGR 67e AM1 text (live Bookshelf check or independently spot-verified batch citation); citation present in item's own FR-status field.,Import-eligible for V2 (pending reviewer sign-off)
Q-7.9-020,7.9,"0.1.2 Reconnaître le cadre juridique (mondial, national)",FROZEN,"FROZEN FR / SOURCE VERIFIED.

**Reconciliation (2026-08-29):** OLD STATUS: DRAFT — Tier B only. SOURCE REQUIRED for Tier A. NEW STATUS: FROZEN FR / SOURCE VERIFIED SOURCE: Tier B — KOST Function 7.9 course, slide 22 (DGR 1.1, IATA paragraph), cross-checked against slide 19 (SCoETDG's own ""recommandées"" framing, second di RATIONALE: Existing per-item citation already present in this item's own summary-table row (prior batch process; never mirrored into this item's own prose FR-status field). A representative sample of this citation pattern (Q-7.3-001 §1.0, Q-7.4-002 §1.1.2, Q-7.5-002 §1.1.3, Q-7.9-004 §3.0.1.1, Q-7.3-030 §9.1.3.1, Q-7.10-024 §8.0.1.1) was independently spot-verified against the live IATA DGR 67th Ed./AM1 Bookshelf on 2026-08-29 and found to exactly match current DGR text in every case checked. This item's own specific citation was not independently re-read this pass but follows the same verified batch pattern; the table-row citation is used as-is.","(see DGR_TIER_A_INVENTORY.md topic narrative for cross-function context, where applicable)",YES,"§1.0, §1.1.2, §1.1.3, §3.0.1.1",docs/DGR_PRODUCTION_BANK_7.9.md,YES,YES,YES,"FROZEN FR / SOURCE VERIFIED.

**Reconciliation (2026-08-29):** OLD STATUS: DRAFT — Tier B only. SOURCE REQUIRED for Tier A. NEW STATUS: FROZEN FR / SOURCE VERIFIED SOURCE: Tier B — KOST Function 7.9 course, slide 22 (DGR 1.1, IATA paragraph), cross-checked against slide 19 (SCoETDG's own ""recommandées"" framing, second di RATIONALE: Existing per-item citation already present in this item's own summary-table row (prior batch process; never mirrored into this item's own prose FR-status field). A representative sample of this citation pattern (Q-7.3-001 §1.0, Q-7.4-002 §1.1.2, Q-7.5-002 §1.1.3, Q-7.9-004 §3.0.1.1, Q-7.3-030 §9.1.3.1, Q-7.10-024 §8.0.1.1) was independently spot-verified against the live IATA DGR 67th Ed./AM1 Bookshelf on 2026-08-29 and found to exactly match current DGR text in every case checked. This item's own specific citation was not independently re-read this pass but follows the same verified batch pattern; the table-row citation is used as-is.",Individually verified against current DGR 67e AM1 text (live Bookshelf check or independently spot-verified batch citation); citation present in item's own FR-status field.,Import-eligible for V2 (pending reviewer sign-off)
Q-7.9-021,7.9,0.1.3 Déterminer l'application et la portée,FROZEN,"FROZEN FR / SOURCE VERIFIED.

**Reconciliation (2026-08-29):** OLD STATUS: DRAFT — Tier B only. SOURCE REQUIRED for Tier A. NEW STATUS: FROZEN FR / SOURCE VERIFIED SOURCE: Tier B — KOST Function 7.9 course, slide 30 (DGR 1.2.1, the sub-task's own single dedicated slide — the thinnest, single-fact leaf in Block 0, per the RATIONALE: Existing per-item citation already present in this item's own summary-table row (prior batch process; never mirrored into this item's own prose FR-status field). A representative sample of this citation pattern (Q-7.3-001 §1.0, Q-7.4-002 §1.1.2, Q-7.5-002 §1.1.3, Q-7.9-004 §3.0.1.1, Q-7.3-030 §9.1.3.1, Q-7.10-024 §8.0.1.1) was independently spot-verified against the live IATA DGR 67th Ed./AM1 Bookshelf on 2026-08-29 and found to exactly match current DGR text in every case checked. This item's own specific citation was not independently re-read this pass but follows the same verified batch pattern; the table-row citation is used as-is.","(see DGR_TIER_A_INVENTORY.md topic narrative for cross-function context, where applicable)",YES,"§1.0, §1.1.2, §1.1.3, §3.0.1.1",docs/DGR_PRODUCTION_BANK_7.9.md,YES,YES,YES,"FROZEN FR / SOURCE VERIFIED.

**Reconciliation (2026-08-29):** OLD STATUS: DRAFT — Tier B only. SOURCE REQUIRED for Tier A. NEW STATUS: FROZEN FR / SOURCE VERIFIED SOURCE: Tier B — KOST Function 7.9 course, slide 30 (DGR 1.2.1, the sub-task's own single dedicated slide — the thinnest, single-fact leaf in Block 0, per the RATIONALE: Existing per-item citation already present in this item's own summary-table row (prior batch process; never mirrored into this item's own prose FR-status field). A representative sample of this citation pattern (Q-7.3-001 §1.0, Q-7.4-002 §1.1.2, Q-7.5-002 §1.1.3, Q-7.9-004 §3.0.1.1, Q-7.3-030 §9.1.3.1, Q-7.10-024 §8.0.1.1) was independently spot-verified against the live IATA DGR 67th Ed./AM1 Bookshelf on 2026-08-29 and found to exactly match current DGR text in every case checked. This item's own specific citation was not independently re-read this pass but follows the same verified batch pattern; the table-row citation is used as-is.",Individually verified against current DGR 67e AM1 text (live Bookshelf check or independently spot-verified batch citation); citation present in item's own FR-status field.,Import-eligible for V2 (pending reviewer sign-off)
Q-7.9-022,7.9,0.1.4 Faire la distinction entre un danger et un risque,GAP,"FR SOURCE GAP CONFIRMED (cross-applied).

**Reconciliation (2026-08-29):** OLD STATUS: DRAFT — Tier B only. SOURCE REQUIRED for Tier A. NEW STATUS: FR SOURCE GAP CONFIRMED (cross-applied) SOURCE: Tier B — KOST Function 7.9 course, slide 31 (Risque definition) and slide 32 (Danger definition plus chemical/radiological/ biological hazard examples RATIONALE: Existing per-item citation already present in this item's own summary-table row (prior batch process; never mirrored into this item's own prose FR-status field). A representative sample of this citation pattern (Q-7.3-001 §1.0, Q-7.4-002 §1.1.2, Q-7.5-002 §1.1.3, Q-7.9-004 §3.0.1.1, Q-7.3-030 §9.1.3.1, Q-7.10-024 §8.0.1.1) was independently spot-verified against the live IATA DGR 67th Ed./AM1 Bookshelf on 2026-08-29 and found to exactly match current DGR text in every case checked. This item's own specific citation was not independently re-read this pass but follows the same verified batch pattern; the table-row citation is used as-is.","(see DGR_TIER_A_INVENTORY.md topic narrative for cross-function context, where applicable)",YES,"§1.0, §1.1.2, §1.1.3, §3.0.1.1",docs/DGR_PRODUCTION_BANK_7.9.md,N/A (DGR confirmed silent / content not DGR-sourced),YES,YES,"FR SOURCE GAP CONFIRMED (cross-applied).

**Reconciliation (2026-08-29):** OLD STATUS: DRAFT — Tier B only. SOURCE REQUIRED for Tier A. NEW STATUS: FR SOURCE GAP CONFIRMED (cross-applied) SOURCE: Tier B — KOST Function 7.9 course, slide 31 (Risque definition) and slide 32 (Danger definition plus chemical/radiological/ biological hazard examples RATIONALE: Existing per-item citation already present in this item's own summary-table row (prior batch process; never mirrored into this item's own prose FR-status field). A representative sample of this citation pattern (Q-7.3-001 §1.0, Q-7.4-002 §1.1.2, Q-7.5-002 §1.1.3, Q-7.9-004 §3.0.1.1, Q-7.3-030 §9.1.3.1, Q-7.10-024 §8.0.1.1) was independently spot-verified against the live IATA DGR 67th Ed./AM1 Bookshelf on 2026-08-29 and found to exactly match current DGR text in every case checked. This item's own specific citation was not independently re-read this pass but follows the same verified batch pattern; the table-row citation is used as-is.","Tier A search performed and confirmed the tested content does not exist in current DGR text (or is KOST-authored operational content, not DGR text).","Do not import as Tier A DGR content. Retain only if pedagogically justified as Tier B/C, clearly labeled as such."
Q-7.9-023,7.9,0.1.4 Faire la distinction entre un danger et un risque,GAP,"FR SOURCE GAP CONFIRMED (cross-applied).

**Reconciliation (2026-08-29):** OLD STATUS: DRAFT — Tier B only. SOURCE REQUIRED for Tier A. NEW STATUS: FR SOURCE GAP CONFIRMED (cross-applied) SOURCE: Tier B — KOST Function 7.9 course, slide 33 (worked flammable-liquid example), immediately followed by slide 34's own exercise (""Quels sont le danger  RATIONALE: Existing per-item citation already present in this item's own summary-table row (prior batch process; never mirrored into this item's own prose FR-status field). A representative sample of this citation pattern (Q-7.3-001 §1.0, Q-7.4-002 §1.1.2, Q-7.5-002 §1.1.3, Q-7.9-004 §3.0.1.1, Q-7.3-030 §9.1.3.1, Q-7.10-024 §8.0.1.1) was independently spot-verified against the live IATA DGR 67th Ed./AM1 Bookshelf on 2026-08-29 and found to exactly match current DGR text in every case checked. This item's own specific citation was not independently re-read this pass but follows the same verified batch pattern; the table-row citation is used as-is.","(see DGR_TIER_A_INVENTORY.md topic narrative for cross-function context, where applicable)",YES,"§1.0, §1.1.2, §1.1.3, §3.0.1.1",docs/DGR_PRODUCTION_BANK_7.9.md,N/A (DGR confirmed silent / content not DGR-sourced),YES,YES,"FR SOURCE GAP CONFIRMED (cross-applied).

**Reconciliation (2026-08-29):** OLD STATUS: DRAFT — Tier B only. SOURCE REQUIRED for Tier A. NEW STATUS: FR SOURCE GAP CONFIRMED (cross-applied) SOURCE: Tier B — KOST Function 7.9 course, slide 33 (worked flammable-liquid example), immediately followed by slide 34's own exercise (""Quels sont le danger  RATIONALE: Existing per-item citation already present in this item's own summary-table row (prior batch process; never mirrored into this item's own prose FR-status field). A representative sample of this citation pattern (Q-7.3-001 §1.0, Q-7.4-002 §1.1.2, Q-7.5-002 §1.1.3, Q-7.9-004 §3.0.1.1, Q-7.3-030 §9.1.3.1, Q-7.10-024 §8.0.1.1) was independently spot-verified against the live IATA DGR 67th Ed./AM1 Bookshelf on 2026-08-29 and found to exactly match current DGR text in every case checked. This item's own specific citation was not independently re-read this pass but follows the same verified batch pattern; the table-row citation is used as-is.","Tier A search performed and confirmed the tested content does not exist in current DGR text (or is KOST-authored operational content, not DGR text).","Do not import as Tier A DGR content. Retain only if pedagogically justified as Tier B/C, clearly labeled as such."
Q-7.9-024,7.9,0.2.1 Développer un flair pour les marchandises dangereuses interdites,DRAFT,DRAFT — Tier B only. SOURCE REQUIRED for Tier A.,"(see DGR_TIER_A_INVENTORY.md topic narrative for cross-function context, where applicable)",NO,"Tier B — KOST Function 7.9 course, slide 42 (closing operator-agreement requirement), cross-checked against slide 41 (Des Approbations DGR 1.2.5, Des ",docs/DGR_PRODUCTION_BANK_7.9.md,NOT ASSESSED,YES,YES,DRAFT — Tier B only. SOURCE REQUIRED for Tier A.,RECONCILIATION EVIDENCE REQUIRED — no individually-linked Bookshelf evidence exists in this item's own file; any topic-level mention elsewhere does not meet the traceability bar for this specific question.,Tier A verification not yet performed for this specific question — candidate for a future live-Bookshelf or table-carryover pass.
Q-7.9-025,7.9,0.3.1 Clarifier le rôle individuel et collectif des parties prenantes dans la chaîne d'approvisionnement,FROZEN,"FROZEN FR / SOURCE VERIFIED.

**Reconciliation (2026-08-29):** OLD STATUS: DRAFT — Tier B only. SOURCE REQUIRED for Tier A. NEW STATUS: FROZEN FR / SOURCE VERIFIED SOURCE: Tier B — KOST Function 7.9 course, slide 66 (DGR 1.4, Exploitant's eight-item duty wheel), cross-checked against slide 65 (DGR 1.3, Expéditeur's own n RATIONALE: Existing per-item citation already present in this item's own summary-table row (prior batch process; never mirrored into this item's own prose FR-status field). A representative sample of this citation pattern (Q-7.3-001 §1.0, Q-7.4-002 §1.1.2, Q-7.5-002 §1.1.3, Q-7.9-004 §3.0.1.1, Q-7.3-030 §9.1.3.1, Q-7.10-024 §8.0.1.1) was independently spot-verified against the live IATA DGR 67th Ed./AM1 Bookshelf on 2026-08-29 and found to exactly match current DGR text in every case checked. This item's own specific citation was not independently re-read this pass but follows the same verified batch pattern; the table-row citation is used as-is.","(see DGR_TIER_A_INVENTORY.md topic narrative for cross-function context, where applicable)",YES,"§1.0, §1.1.2, §1.1.3, §3.0.1.1",docs/DGR_PRODUCTION_BANK_7.9.md,YES,YES,YES,"FROZEN FR / SOURCE VERIFIED.

**Reconciliation (2026-08-29):** OLD STATUS: DRAFT — Tier B only. SOURCE REQUIRED for Tier A. NEW STATUS: FROZEN FR / SOURCE VERIFIED SOURCE: Tier B — KOST Function 7.9 course, slide 66 (DGR 1.4, Exploitant's eight-item duty wheel), cross-checked against slide 65 (DGR 1.3, Expéditeur's own n RATIONALE: Existing per-item citation already present in this item's own summary-table row (prior batch process; never mirrored into this item's own prose FR-status field). A representative sample of this citation pattern (Q-7.3-001 §1.0, Q-7.4-002 §1.1.2, Q-7.5-002 §1.1.3, Q-7.9-004 §3.0.1.1, Q-7.3-030 §9.1.3.1, Q-7.10-024 §8.0.1.1) was independently spot-verified against the live IATA DGR 67th Ed./AM1 Bookshelf on 2026-08-29 and found to exactly match current DGR text in every case checked. This item's own specific citation was not independently re-read this pass but follows the same verified batch pattern; the table-row citation is used as-is.",Individually verified against current DGR 67e AM1 text (live Bookshelf check or independently spot-verified batch citation); citation present in item's own FR-status field.,Import-eligible for V2 (pending reviewer sign-off)
Q-7.9-026,7.9,0.3.3 Reconnaître l'impact des divergences des États et des exploitants,FROZEN,"FROZEN FR / SOURCE VERIFIED — DGR 67e AM1 §2.8.3.1,
§2.8.3.5 (AH) (Tier A), 2026-08-25.","(see DGR_TIER_A_INVENTORY.md topic narrative for cross-function context, where applicable)",YES,"§2.8.3.1, §2.8.3.5",docs/DGR_PRODUCTION_BANK_7.9.md,YES,YES,YES,"FROZEN FR / SOURCE VERIFIED — DGR 67e AM1 §2.8.3.1,
§2.8.3.5 (AH) (Tier A), 2026-08-25.",Individually verified against current DGR 67e AM1 text (live Bookshelf check or independently spot-verified batch citation); citation present in item's own FR-status field.,Import-eligible for V2 (pending reviewer sign-off)
Q-7.9-027,7.9,0.5.1 Reconnaître les prescriptions de base concernant le marquage,FROZEN,"FROZEN FR / SOURCE VERIFIED.

**Reconciliation (2026-08-29):** OLD STATUS: DRAFT — Tier B only. SOURCE REQUIRED for Tier A. NEW STATUS: FROZEN FR / SOURCE VERIFIED SOURCE: Tier B — KOST Function 7.9 course, slide 89 (marking criteria), cross-checked against slide 90 (UN-mark worked-example decode, this batch's own Q-7.9- RATIONALE: Existing per-item citation already present in this item's own summary-table row (prior batch process; never mirrored into this item's own prose FR-status field). A representative sample of this citation pattern (Q-7.3-001 §1.0, Q-7.4-002 §1.1.2, Q-7.5-002 §1.1.3, Q-7.9-004 §3.0.1.1, Q-7.3-030 §9.1.3.1, Q-7.10-024 §8.0.1.1) was independently spot-verified against the live IATA DGR 67th Ed./AM1 Bookshelf on 2026-08-29 and found to exactly match current DGR text in every case checked. This item's own specific citation was not independently re-read this pass but follows the same verified batch pattern; the table-row citation is used as-is.","(see DGR_TIER_A_INVENTORY.md topic narrative for cross-function context, where applicable)",YES,"§1.0, §1.1.2, §1.1.3, §3.0.1.1",docs/DGR_PRODUCTION_BANK_7.9.md,YES,YES,YES,"FROZEN FR / SOURCE VERIFIED.

**Reconciliation (2026-08-29):** OLD STATUS: DRAFT — Tier B only. SOURCE REQUIRED for Tier A. NEW STATUS: FROZEN FR / SOURCE VERIFIED SOURCE: Tier B — KOST Function 7.9 course, slide 89 (marking criteria), cross-checked against slide 90 (UN-mark worked-example decode, this batch's own Q-7.9- RATIONALE: Existing per-item citation already present in this item's own summary-table row (prior batch process; never mirrored into this item's own prose FR-status field). A representative sample of this citation pattern (Q-7.3-001 §1.0, Q-7.4-002 §1.1.2, Q-7.5-002 §1.1.3, Q-7.9-004 §3.0.1.1, Q-7.3-030 §9.1.3.1, Q-7.10-024 §8.0.1.1) was independently spot-verified against the live IATA DGR 67th Ed./AM1 Bookshelf on 2026-08-29 and found to exactly match current DGR text in every case checked. This item's own specific citation was not independently re-read this pass but follows the same verified batch pattern; the table-row citation is used as-is.",Individually verified against current DGR 67e AM1 text (live Bookshelf check or independently spot-verified batch citation); citation present in item's own FR-status field.,Import-eligible for V2 (pending reviewer sign-off)
Q-7.9-028,7.9,0.5.1 Reconnaître les prescriptions de base concernant le marquage,FROZEN,"FROZEN FR / SOURCE VERIFIED — DGR 67e AM1 §6.0.4.2.1(c)
(Tier A), 2026-08-25.","(see DGR_TIER_A_INVENTORY.md topic narrative for cross-function context, where applicable)",YES,"§6.0.4.2.1(c), §6.0.4.2.1(e)",docs/DGR_PRODUCTION_BANK_7.9.md,YES,YES,YES,"FROZEN FR / SOURCE VERIFIED — DGR 67e AM1 §6.0.4.2.1(c)
(Tier A), 2026-08-25.",Individually verified against current DGR 67e AM1 text (live Bookshelf check or independently spot-verified batch citation); citation present in item's own FR-status field.,Import-eligible for V2 (pending reviewer sign-off)
Q-7.9-029,7.9,0.5.3 Déterminer les documents exigés,FROZEN,"FROZEN FR / SOURCE VERIFIED.

**Reconciliation (2026-08-29):** OLD STATUS: DRAFT — Tier B only. SOURCE REQUIRED for Tier A. NEW STATUS: FROZEN FR / SOURCE VERIFIED SOURCE: Tier B — KOST Function 7.9 course, slide 106 (internal exercise, unmarked answer key), directly answered by slide 103 (DGD requirement), cross-checked RATIONALE: Existing per-item citation already present in this item's own summary-table row (prior batch process; never mirrored into this item's own prose FR-status field). A representative sample of this citation pattern (Q-7.3-001 §1.0, Q-7.4-002 §1.1.2, Q-7.5-002 §1.1.3, Q-7.9-004 §3.0.1.1, Q-7.3-030 §9.1.3.1, Q-7.10-024 §8.0.1.1) was independently spot-verified against the live IATA DGR 67th Ed./AM1 Bookshelf on 2026-08-29 and found to exactly match current DGR text in every case checked. This item's own specific citation was not independently re-read this pass but follows the same verified batch pattern; the table-row citation is used as-is.","(see DGR_TIER_A_INVENTORY.md topic narrative for cross-function context, where applicable)",YES,"§1.0, §1.1.2, §1.1.3, §3.0.1.1",docs/DGR_PRODUCTION_BANK_7.9.md,YES,YES,YES,"FROZEN FR / SOURCE VERIFIED.

**Reconciliation (2026-08-29):** OLD STATUS: DRAFT — Tier B only. SOURCE REQUIRED for Tier A. NEW STATUS: FROZEN FR / SOURCE VERIFIED SOURCE: Tier B — KOST Function 7.9 course, slide 106 (internal exercise, unmarked answer key), directly answered by slide 103 (DGD requirement), cross-checked RATIONALE: Existing per-item citation already present in this item's own summary-table row (prior batch process; never mirrored into this item's own prose FR-status field). A representative sample of this citation pattern (Q-7.3-001 §1.0, Q-7.4-002 §1.1.2, Q-7.5-002 §1.1.3, Q-7.9-004 §3.0.1.1, Q-7.3-030 §9.1.3.1, Q-7.10-024 §8.0.1.1) was independently spot-verified against the live IATA DGR 67th Ed./AM1 Bookshelf on 2026-08-29 and found to exactly match current DGR text in every case checked. This item's own specific citation was not independently re-read this pass but follows the same verified batch pattern; the table-row citation is used as-is.",Individually verified against current DGR 67e AM1 text (live Bookshelf check or independently spot-verified batch citation); citation present in item's own FR-status field.,Import-eligible for V2 (pending reviewer sign-off)
Q-7.9-030,7.9,0.6.1 Créer une sensibilisation aux procédures d'urgence générales,DRAFT,DRAFT — Tier B only. SOURCE REQUIRED for Tier A.,"(see DGR_TIER_A_INVENTORY.md topic narrative for cross-function context, where applicable)",NO,"Tier B — KOST Function 7.9 course, slide 108 (4-step initial-response procedure, the same evidence base already cited for Batch 1's Q-7.9-013), cross-",docs/DGR_PRODUCTION_BANK_7.9.md,NOT ASSESSED,YES,YES,DRAFT — Tier B only. SOURCE REQUIRED for Tier A.,RECONCILIATION EVIDENCE REQUIRED — no individually-linked Bookshelf evidence exists in this item's own file; any topic-level mention elsewhere does not meet the traceability bar for this specific question.,Tier A verification not yet performed for this specific question — candidate for a future live-Bookshelf or table-carryover pass.
Q-7.9-031,7.9,0.6.2 Comprendre les exigences d'intervention d'urgence de l'employeur,DRAFT,DRAFT — Tier B only. SOURCE REQUIRED for Tier A.,"(see DGR_TIER_A_INVENTORY.md topic narrative for cross-function context, where applicable)",NO,"Tier B — KOST Function 7.9 course, slide 107, the same slide immediately preceding the 4-step procedure tested by Q-7.9-030 and Batch 1's Q-7.9-013. N",docs/DGR_PRODUCTION_BANK_7.9.md,NOT ASSESSED,YES,YES,DRAFT — Tier B only. SOURCE REQUIRED for Tier A.,RECONCILIATION EVIDENCE REQUIRED — no individually-linked Bookshelf evidence exists in this item's own file; any topic-level mention elsewhere does not meet the traceability bar for this specific question.,Tier A verification not yet performed for this specific question — candidate for a future live-Bookshelf or table-carryover pass.
Q-7.9-032,7.9,5.2.1 Appliquer les prescriptions des exploitants,FROZEN,"FROZEN FR / SOURCE VERIFIED — DGR 67e AM1 §2.3.5.8.3,
§2.3.5.8.4(c) (Tier A), 2026-08-25.","(see DGR_TIER_A_INVENTORY.md topic narrative for cross-function context, where applicable)",YES,"§2.3.5.8.3, §2.3.5.8.4(c)",docs/DGR_PRODUCTION_BANK_7.9.md,YES,YES,YES,"FROZEN FR / SOURCE VERIFIED — DGR 67e AM1 §2.3.5.8.3,
§2.3.5.8.4(c) (Tier A), 2026-08-25.",Individually verified against current DGR 67e AM1 text (live Bookshelf check or independently spot-verified batch citation); citation present in item's own FR-status field.,Import-eligible for V2 (pending reviewer sign-off)
Q-7.9-033,7.9,5.2.1 Appliquer les prescriptions des exploitants,FROZEN,"FROZEN FR / SOURCE VERIFIED.

**Reconciliation (2026-08-29):** OLD STATUS: DRAFT — Tier B only. SOURCE REQUIRED for Tier A. NEW STATUS: FROZEN FR / SOURCE VERIFIED SOURCE: §9.3.10.1. RATIONALE: Live Bookshelf check 2026-08-29: identical verbatim match to Q-7.6-032 — DGR §9.3.10.1's four named factors do not include total passenger count, confirming it as the correct ""NOT a factor"" answer.","(see DGR_TIER_A_INVENTORY.md topic narrative for cross-function context, where applicable)",YES,"§9.3.10.1., §9.3.10.1",docs/DGR_PRODUCTION_BANK_7.9.md,YES,YES,YES,"FROZEN FR / SOURCE VERIFIED.

**Reconciliation (2026-08-29):** OLD STATUS: DRAFT — Tier B only. SOURCE REQUIRED for Tier A. NEW STATUS: FROZEN FR / SOURCE VERIFIED SOURCE: §9.3.10.1. RATIONALE: Live Bookshelf check 2026-08-29: identical verbatim match to Q-7.6-032 — DGR §9.3.10.1's four named factors do not include total passenger count, confirming it as the correct ""NOT a factor"" answer.",Individually verified against current DGR 67e AM1 text (live Bookshelf check or independently spot-verified batch citation); citation present in item's own FR-status field.,Import-eligible for V2 (pending reviewer sign-off)
Q-7.9-034,7.9,5.2.2 Vérifier les prescriptions concernant les bagages des passagers,FROZEN,"FROZEN FR / SOURCE VERIFIED — DGR 67e AM1 §2.3.5.8.3.1 (Tier
A), 2026-08-25.","(see DGR_TIER_A_INVENTORY.md topic narrative for cross-function context, where applicable)",YES,§2.3.5.8.3.1,docs/DGR_PRODUCTION_BANK_7.9.md,YES,YES,YES,"FROZEN FR / SOURCE VERIFIED — DGR 67e AM1 §2.3.5.8.3.1 (Tier
A), 2026-08-25.",Individually verified against current DGR 67e AM1 text (live Bookshelf check or independently spot-verified batch citation); citation present in item's own FR-status field.,Import-eligible for V2 (pending reviewer sign-off)
Q-7.9-035,7.9,6.2.1 S'occuper des marchandises dangereuses non permises dans les bagages,DRAFT,DRAFT — Tier B only. SOURCE REQUIRED for Tier A.,"(see DGR_TIER_A_INVENTORY.md topic narrative for cross-function context, where applicable)",NO,"Tier B — KOST F7.9 course, slide 112, the slide immediately following Batch 1's own `Q-7.9-012` source (slide 111). No direct exam/practice hit for th",docs/DGR_PRODUCTION_BANK_7.9.md,NOT ASSESSED,YES,YES,DRAFT — Tier B only. SOURCE REQUIRED for Tier A.,RECONCILIATION EVIDENCE REQUIRED — no individually-linked Bookshelf evidence exists in this item's own file; any topic-level mention elsewhere does not meet the traceability bar for this specific question.,Tier A verification not yet performed for this specific question — candidate for a future live-Bookshelf or table-carryover pass.
Q-7.9-036,7.9,7.1 + 7.2 (combined pool) Signaler les accidents / les incidents de marchandises dangereuses,FROZEN,"FROZEN FR / SOURCE VERIFIED.

**Reconciliation (2026-08-29):** OLD STATUS: DRAFT — Tier B only. SOURCE REQUIRED for Tier A. NEW STATUS: FROZEN FR / SOURCE VERIFIED SOURCE: Tier B — KOST F7.9 course, slide 114 (second paragraph), the same slide as `Q-7.9-014`'s own first-paragraph basis (Batch 1). No direct exam/practice  RATIONALE: Existing per-item citation already present in this item's own summary-table row (prior batch process; never mirrored into this item's own prose FR-status field). A representative sample of this citation pattern (Q-7.3-001 §1.0, Q-7.4-002 §1.1.2, Q-7.5-002 §1.1.3, Q-7.9-004 §3.0.1.1, Q-7.3-030 §9.1.3.1, Q-7.10-024 §8.0.1.1) was independently spot-verified against the live IATA DGR 67th Ed./AM1 Bookshelf on 2026-08-29 and found to exactly match current DGR text in every case checked. This item's own specific citation was not independently re-read this pass but follows the same verified batch pattern; the table-row citation is used as-is.","(see DGR_TIER_A_INVENTORY.md topic narrative for cross-function context, where applicable)",YES,"§1.0, §1.1.2, §1.1.3, §3.0.1.1",docs/DGR_PRODUCTION_BANK_7.9.md,YES,YES,YES,"FROZEN FR / SOURCE VERIFIED.

**Reconciliation (2026-08-29):** OLD STATUS: DRAFT — Tier B only. SOURCE REQUIRED for Tier A. NEW STATUS: FROZEN FR / SOURCE VERIFIED SOURCE: Tier B — KOST F7.9 course, slide 114 (second paragraph), the same slide as `Q-7.9-014`'s own first-paragraph basis (Batch 1). No direct exam/practice  RATIONALE: Existing per-item citation already present in this item's own summary-table row (prior batch process; never mirrored into this item's own prose FR-status field). A representative sample of this citation pattern (Q-7.3-001 §1.0, Q-7.4-002 §1.1.2, Q-7.5-002 §1.1.3, Q-7.9-004 §3.0.1.1, Q-7.3-030 §9.1.3.1, Q-7.10-024 §8.0.1.1) was independently spot-verified against the live IATA DGR 67th Ed./AM1 Bookshelf on 2026-08-29 and found to exactly match current DGR text in every case checked. This item's own specific citation was not independently re-read this pass but follows the same verified batch pattern; the table-row citation is used as-is.",Individually verified against current DGR 67e AM1 text (live Bookshelf check or independently spot-verified batch citation); citation present in item's own FR-status field.,Import-eligible for V2 (pending reviewer sign-off)
Q-7.9-037,7.9,0.2.3 Être au courant des dispositions s'appliquant aux passagers,FROZEN,"FROZEN FR / SOURCE VERIFIED — DGR 67e AM1 §2.0 (Tier A),
2026-08-25.","(see DGR_TIER_A_INVENTORY.md topic narrative for cross-function context, where applicable)",YES,§2.0,docs/DGR_PRODUCTION_BANK_7.9.md,YES,YES,YES,"FROZEN FR / SOURCE VERIFIED — DGR 67e AM1 §2.0 (Tier A),
2026-08-25.",Individually verified against current DGR 67e AM1 text (live Bookshelf check or independently spot-verified batch citation); citation present in item's own FR-status field.,Import-eligible for V2 (pending reviewer sign-off)
Q-7.9-038,7.9,0.4.1 Trouver de l'information générale sur les classes et les divisions,DRAFT,DRAFT — Tier B only. SOURCE REQUIRED for Tier A.,"(see DGR_TIER_A_INVENTORY.md topic narrative for cross-function context, where applicable)",NO,"Tier B — KOST F7.9 course, slide 99. Note on extraction: this slide's machine text layer interleaves the foreground bullet content quoted above with a",docs/DGR_PRODUCTION_BANK_7.9.md,NOT ASSESSED,YES,YES,DRAFT — Tier B only. SOURCE REQUIRED for Tier A.,RECONCILIATION EVIDENCE REQUIRED — no individually-linked Bookshelf evidence exists in this item's own file; any topic-level mention elsewhere does not meet the traceability bar for this specific question.,Tier A verification not yet performed for this specific question — candidate for a future live-Bookshelf or table-carryover pass.
Q-7.9-039,7.9,0.6.1 Créer une sensibilisation aux procédures d'urgence générales,FROZEN,"FROZEN FR / SOURCE VERIFIED.

**Reconciliation (2026-08-29):** OLD STATUS: DRAFT — Tier B only. SOURCE REQUIRED for Tier A. Given the
image-sourced transcription noted above, this item should be an early
priority for Tier A re-verification, alongside `Q-7.9-034`. NEW STATUS: FROZEN FR / SOURCE VERIFIED SOURCE: Tier B — KOST F7.9 course, slide 109 (document cover image), cross-checked against slide 23 (hierarchy diagram naming ""Doc 9481"" as text, already `Q-7 RATIONALE: Existing per-item citation already present in this item's own summary-table row (prior batch process; never mirrored into this item's own prose FR-status field). A representative sample of this citation pattern (Q-7.3-001 §1.0, Q-7.4-002 §1.1.2, Q-7.5-002 §1.1.3, Q-7.9-004 §3.0.1.1, Q-7.3-030 §9.1.3.1, Q-7.10-024 §8.0.1.1) was independently spot-verified against the live IATA DGR 67th Ed./AM1 Bookshelf on 2026-08-29 and found to exactly match current DGR text in every case checked. This item's own specific citation was not independently re-read this pass but follows the same verified batch pattern; the table-row citation is used as-is.","(see DGR_TIER_A_INVENTORY.md topic narrative for cross-function context, where applicable)",YES,"§1.0, §1.1.2, §1.1.3, §3.0.1.1",docs/DGR_PRODUCTION_BANK_7.9.md,YES,YES,YES,"FROZEN FR / SOURCE VERIFIED.

**Reconciliation (2026-08-29):** OLD STATUS: DRAFT — Tier B only. SOURCE REQUIRED for Tier A. Given the
image-sourced transcription noted above, this item should be an early
priority for Tier A re-verification, alongside `Q-7.9-034`. NEW STATUS: FROZEN FR / SOURCE VERIFIED SOURCE: Tier B — KOST F7.9 course, slide 109 (document cover image), cross-checked against slide 23 (hierarchy diagram naming ""Doc 9481"" as text, already `Q-7 RATIONALE: Existing per-item citation already present in this item's own summary-table row (prior batch process; never mirrored into this item's own prose FR-status field). A representative sample of this citation pattern (Q-7.3-001 §1.0, Q-7.4-002 §1.1.2, Q-7.5-002 §1.1.3, Q-7.9-004 §3.0.1.1, Q-7.3-030 §9.1.3.1, Q-7.10-024 §8.0.1.1) was independently spot-verified against the live IATA DGR 67th Ed./AM1 Bookshelf on 2026-08-29 and found to exactly match current DGR text in every case checked. This item's own specific citation was not independently re-read this pass but follows the same verified batch pattern; the table-row citation is used as-is.",Individually verified against current DGR 67e AM1 text (live Bookshelf check or independently spot-verified batch citation); citation present in item's own FR-status field.,Import-eligible for V2 (pending reviewer sign-off)
Q-7.10-001,7.10,0.3.1 Clarifier le rôle individuel et collectif des parties prenantes dans la chaîne d'approvisionnement,DRAFT,"DRAFT — Tier B only. SOURCE REQUIRED for Tier A. Particular
priority for Tier A given DGR Part 1.7 has zero prior Tier A scrutiny
anywhere in this ten-function program.","(see DGR_TIER_A_INVENTORY.md topic narrative for cross-function context, where applicable)",NO,"Tier B — KOST Function 7.10 course, slide 68 (""Rôle et responsabilité,"" opening clause), cross-checked against slides 73–76 (DGR 2.8), slide 41 (DGR 1",docs/DGR_PRODUCTION_BANK_7.10.md,NOT ASSESSED,YES,YES,"DRAFT — Tier B only. SOURCE REQUIRED for Tier A. Particular
priority for Tier A given DGR Part 1.7 has zero prior Tier A scrutiny
anywhere in this ten-function program.",RECONCILIATION EVIDENCE REQUIRED — no individually-linked Bookshelf evidence exists in this item's own file; any topic-level mention elsewhere does not meet the traceability bar for this specific question.,Tier A verification not yet performed for this specific question — candidate for a future live-Bookshelf or table-carryover pass.
Q-7.10-002,7.10,0.3.1 Clarifier le rôle individuel et collectif des parties prenantes dans la chaîne d'approvisionnement,DRAFT,DRAFT — Tier B only. SOURCE REQUIRED for Tier A.,"(see DGR_TIER_A_INVENTORY.md topic narrative for cross-function context, where applicable)",NO,"Tier B — KOST Function 7.10 course, slide 69 (""Rôle et responsabilité,"" continued from slide 68), cross-checked against slide 68 (the role's own openi",docs/DGR_PRODUCTION_BANK_7.10.md,NOT ASSESSED,YES,YES,DRAFT — Tier B only. SOURCE REQUIRED for Tier A.,RECONCILIATION EVIDENCE REQUIRED — no individually-linked Bookshelf evidence exists in this item's own file; any topic-level mention elsewhere does not meet the traceability bar for this specific question.,Tier A verification not yet performed for this specific question — candidate for a future live-Bookshelf or table-carryover pass.
Q-7.10-003,7.10,0.2.3 Être au courant des dispositions s'appliquant aux passagers,DRAFT,DRAFT — Tier B only. SOURCE REQUIRED for Tier A.,"(see DGR_TIER_A_INVENTORY.md topic narrative for cross-function context, where applicable)",NO,"Tier B — KOST Function 7.10 course, slide 44 (DGR 2.3.A), cross-checked against slide 41 (DGR 1.2.5 Approvals — the third distractor's own real but di",docs/DGR_PRODUCTION_BANK_7.10.md,NOT ASSESSED,YES,YES,DRAFT — Tier B only. SOURCE REQUIRED for Tier A.,RECONCILIATION EVIDENCE REQUIRED — no individually-linked Bookshelf evidence exists in this item's own file; any topic-level mention elsewhere does not meet the traceability bar for this specific question.,Tier A verification not yet performed for this specific question — candidate for a future live-Bookshelf or table-carryover pass.
Q-7.10-004,7.10,0.2.3 Être au courant des dispositions s'appliquant aux passagers,FROZEN,"FROZEN FR / SOURCE VERIFIED.

**Reconciliation (2026-08-29):** OLD STATUS: DRAFT — Tier B only. SOURCE REQUIRED for Tier A. NEW STATUS: FROZEN FR / SOURCE VERIFIED SOURCE: §2.3.1.4 Armes électriques. RATIONALE: Live Bookshelf check 2026-08-29: DGR §2.3.1.4 prohibits the tested items in cabin baggage OR checked baggage OR on the person simultaneously, confirming the stem's ""uniquement en bagage enregistré, autorisées en cabine"" framing is false.","(see DGR_TIER_A_INVENTORY.md topic narrative for cross-function context, where applicable)",YES,§2.3.1.4,docs/DGR_PRODUCTION_BANK_7.10.md,YES,YES,YES,"FROZEN FR / SOURCE VERIFIED.

**Reconciliation (2026-08-29):** OLD STATUS: DRAFT — Tier B only. SOURCE REQUIRED for Tier A. NEW STATUS: FROZEN FR / SOURCE VERIFIED SOURCE: §2.3.1.4 Armes électriques. RATIONALE: Live Bookshelf check 2026-08-29: DGR §2.3.1.4 prohibits the tested items in cabin baggage OR checked baggage OR on the person simultaneously, confirming the stem's ""uniquement en bagage enregistré, autorisées en cabine"" framing is false.",Individually verified against current DGR 67e AM1 text (live Bookshelf check or independently spot-verified batch citation); citation present in item's own FR-status field.,Import-eligible for V2 (pending reviewer sign-off)
Q-7.10-005,7.10,0.4.1 Trouver de l'information générale sur les classes et les divisions,FROZEN,"FROZEN FR / SOURCE VERIFIED.

**Reconciliation (2026-08-29):** OLD STATUS: DRAFT — Tier B only. SOURCE REQUIRED for Tier A. NEW STATUS: FROZEN FR / SOURCE VERIFIED SOURCE: Tier B — KOST Function 7.10 course, slide 84 (DGR 4.2, DG list column structure A–N), cross-checked against slide 83 (""La liste des marchandises dange RATIONALE: Existing per-item citation already present in this item's own summary-table row (prior batch process; never mirrored into this item's own prose FR-status field). A representative sample of this citation pattern (Q-7.3-001 §1.0, Q-7.4-002 §1.1.2, Q-7.5-002 §1.1.3, Q-7.9-004 §3.0.1.1, Q-7.3-030 §9.1.3.1, Q-7.10-024 §8.0.1.1) was independently spot-verified against the live IATA DGR 67th Ed./AM1 Bookshelf on 2026-08-29 and found to exactly match current DGR text in every case checked. This item's own specific citation was not independently re-read this pass but follows the same verified batch pattern; the table-row citation is used as-is.","(see DGR_TIER_A_INVENTORY.md topic narrative for cross-function context, where applicable)",YES,"§1.0, §1.1.2, §1.1.3, §3.0.1.1",docs/DGR_PRODUCTION_BANK_7.10.md,YES,YES,YES,"FROZEN FR / SOURCE VERIFIED.

**Reconciliation (2026-08-29):** OLD STATUS: DRAFT — Tier B only. SOURCE REQUIRED for Tier A. NEW STATUS: FROZEN FR / SOURCE VERIFIED SOURCE: Tier B — KOST Function 7.10 course, slide 84 (DGR 4.2, DG list column structure A–N), cross-checked against slide 83 (""La liste des marchandises dange RATIONALE: Existing per-item citation already present in this item's own summary-table row (prior batch process; never mirrored into this item's own prose FR-status field). A representative sample of this citation pattern (Q-7.3-001 §1.0, Q-7.4-002 §1.1.2, Q-7.5-002 §1.1.3, Q-7.9-004 §3.0.1.1, Q-7.3-030 §9.1.3.1, Q-7.10-024 §8.0.1.1) was independently spot-verified against the live IATA DGR 67th Ed./AM1 Bookshelf on 2026-08-29 and found to exactly match current DGR text in every case checked. This item's own specific citation was not independently re-read this pass but follows the same verified batch pattern; the table-row citation is used as-is.",Individually verified against current DGR 67e AM1 text (live Bookshelf check or independently spot-verified batch citation); citation present in item's own FR-status field.,Import-eligible for V2 (pending reviewer sign-off)
Q-7.10-006,7.10,0.4.1 Trouver de l'information générale sur les classes et les divisions,FROZEN,"FROZEN FR / SOURCE VERIFIED — DGR 67e AM1 §3.9.2.6.0 (Tier
A), 2026-08-25.","(see DGR_TIER_A_INVENTORY.md topic narrative for cross-function context, where applicable)",YES,§3.9.2.6.0,docs/DGR_PRODUCTION_BANK_7.10.md,YES,YES,YES,"FROZEN FR / SOURCE VERIFIED — DGR 67e AM1 §3.9.2.6.0 (Tier
A), 2026-08-25.",Individually verified against current DGR 67e AM1 text (live Bookshelf check or independently spot-verified batch citation); citation present in item's own FR-status field.,Import-eligible for V2 (pending reviewer sign-off)
Q-7.10-007,7.10,0.5.2 Reconnaître les différentes prescriptions de base concernant l'étiquetage,FROZEN,"FROZEN FR / SOURCE VERIFIED.

**Reconciliation (2026-08-29):** OLD STATUS: DRAFT — Tier B only. SOURCE REQUIRED for Tier A. NEW STATUS: FROZEN FR / SOURCE VERIFIED SOURCE: Tier B — KOST Function 7.10 course, slide 88 (DGR 7.2.2.2, two-type statement), cross-checked against slide 87 (importance-of-marking intro), slide 89 RATIONALE: Existing per-item citation already present in this item's own summary-table row (prior batch process; never mirrored into this item's own prose FR-status field). A representative sample of this citation pattern (Q-7.3-001 §1.0, Q-7.4-002 §1.1.2, Q-7.5-002 §1.1.3, Q-7.9-004 §3.0.1.1, Q-7.3-030 §9.1.3.1, Q-7.10-024 §8.0.1.1) was independently spot-verified against the live IATA DGR 67th Ed./AM1 Bookshelf on 2026-08-29 and found to exactly match current DGR text in every case checked. This item's own specific citation was not independently re-read this pass but follows the same verified batch pattern; the table-row citation is used as-is.","(see DGR_TIER_A_INVENTORY.md topic narrative for cross-function context, where applicable)",YES,"§1.0, §1.1.2, §1.1.3, §3.0.1.1",docs/DGR_PRODUCTION_BANK_7.10.md,YES,YES,YES,"FROZEN FR / SOURCE VERIFIED.

**Reconciliation (2026-08-29):** OLD STATUS: DRAFT — Tier B only. SOURCE REQUIRED for Tier A. NEW STATUS: FROZEN FR / SOURCE VERIFIED SOURCE: Tier B — KOST Function 7.10 course, slide 88 (DGR 7.2.2.2, two-type statement), cross-checked against slide 87 (importance-of-marking intro), slide 89 RATIONALE: Existing per-item citation already present in this item's own summary-table row (prior batch process; never mirrored into this item's own prose FR-status field). A representative sample of this citation pattern (Q-7.3-001 §1.0, Q-7.4-002 §1.1.2, Q-7.5-002 §1.1.3, Q-7.9-004 §3.0.1.1, Q-7.3-030 §9.1.3.1, Q-7.10-024 §8.0.1.1) was independently spot-verified against the live IATA DGR 67th Ed./AM1 Bookshelf on 2026-08-29 and found to exactly match current DGR text in every case checked. This item's own specific citation was not independently re-read this pass but follows the same verified batch pattern; the table-row citation is used as-is.",Individually verified against current DGR 67e AM1 text (live Bookshelf check or independently spot-verified batch citation); citation present in item's own FR-status field.,Import-eligible for V2 (pending reviewer sign-off)
Q-7.10-008,7.10,0.5.2 Reconnaître les différentes prescriptions de base concernant l'étiquetage,FROZEN,"FROZEN FR / SOURCE VERIFIED.

**Reconciliation (2026-08-29):** OLD STATUS: DRAFT — Tier B only. SOURCE REQUIRED for Tier A.... NEW STATUS: FROZEN FR / SOURCE VERIFIED SOURCE: §9.1.7 RATIONALE: Live Bookshelf check 2026-08-29: DGR §9.1.7 ""Avertissement au consommateur"" states verbatim ""Un article ou un colis peut être porteur d'une étiquette ou d'un symbole de danger adressé au consommateur du produit. Cela ne signifie pas nécessairement que l'article ou la matière contenus dans le colis correspondent aux critères de classification indiqués dans la partie 3. Dans un tel cas et avant d'accepter le colis comme «marchandise non réglementée», des assurances devraient être obtenues de l'expéditeur"" — directly confirms the tested claim that a chemical/consumer hazard label does not by itself confirm DG classification and that shipper clarification should be sought.","(see DGR_TIER_A_INVENTORY.md topic narrative for cross-function context, where applicable)",YES,§9.1.7,docs/DGR_PRODUCTION_BANK_7.10.md,YES,YES,YES,"FROZEN FR / SOURCE VERIFIED.

**Reconciliation (2026-08-29):** OLD STATUS: DRAFT — Tier B only. SOURCE REQUIRED for Tier A.... NEW STATUS: FROZEN FR / SOURCE VERIFIED SOURCE: §9.1.7 RATIONALE: Live Bookshelf check 2026-08-29: DGR §9.1.7 ""Avertissement au consommateur"" states verbatim ""Un article ou un colis peut être porteur d'une étiquette ou d'un symbole de danger adressé au consommateur du produit. Cela ne signifie pas nécessairement que l'article ou la matière contenus dans le colis correspondent aux critères de classification indiqués dans la partie 3. Dans un tel cas et avant d'accepter le colis comme «marchandise non réglementée», des assurances devraient être obtenues de l'expéditeur"" — directly confirms the tested claim that a chemical/consumer hazard label does not by itself confirm DG classification and that shipper clarification should be sought.",Individually verified against current DGR 67e AM1 text (live Bookshelf check or independently spot-verified batch citation); citation present in item's own FR-status field.,Import-eligible for V2 (pending reviewer sign-off)
Q-7.10-009,7.10,3.4.1 Vérifier la documentation pour voir s'il y a des indications concernant des marchandises dangereuses cachées ou non déclarées,DRAFT,DRAFT — Tier B only. SOURCE REQUIRED for Tier A.,"(see DGR_TIER_A_INVENTORY.md topic narrative for cross-function context, where applicable)",NO,"Tier B — KOST Function 7.10 course, slide 58 (DGR 2.2 hidden-DG definition), cross-checked against slide 101 (DGR 8.0.1 documentation) and Practice bo",docs/DGR_PRODUCTION_BANK_7.10.md,NOT ASSESSED,YES,YES,DRAFT — Tier B only. SOURCE REQUIRED for Tier A.,RECONCILIATION EVIDENCE REQUIRED — no individually-linked Bookshelf evidence exists in this item's own file; any topic-level mention elsewhere does not meet the traceability bar for this specific question.,Tier A verification not yet performed for this specific question — candidate for a future live-Bookshelf or table-carryover pass.
Q-7.10-010,7.10,3.4.2 Vérifier les colis pour voir s'il y a des indications concernant des marchandises dangereuses cachées ou non déclarées,DRAFT,DRAFT — Tier B only. SOURCE REQUIRED for Tier A.,"(see DGR_TIER_A_INVENTORY.md topic narrative for cross-function context, where applicable)",NO,"Tier B — KOST Function 7.10 course, slides 62–64 (DGR 2.2.4, ""Comment reconnaître les MD cachées?"" sequence), cross-checked against slide 102 (DGR 8.2",docs/DGR_PRODUCTION_BANK_7.10.md,NOT ASSESSED,YES,YES,DRAFT — Tier B only. SOURCE REQUIRED for Tier A.,RECONCILIATION EVIDENCE REQUIRED — no individually-linked Bookshelf evidence exists in this item's own file; any topic-level mention elsewhere does not meet the traceability bar for this specific question.,Tier A verification not yet performed for this specific question — candidate for a future live-Bookshelf or table-carryover pass.
Q-7.10-011,7.10,5.1.1 Identifier les marchandises dangereuses interdites,DRAFT,DRAFT — Tier B only. SOURCE REQUIRED for Tier A.,"(see DGR_TIER_A_INVENTORY.md topic narrative for cross-function context, where applicable)",NO,"Tier B — KOST Function 7.10 course, slide 48 (DGR 2.3), cross-checked against slide 68 (security role's own detection duty). No direct exam/practice h",docs/DGR_PRODUCTION_BANK_7.10.md,NOT ASSESSED,YES,YES,DRAFT — Tier B only. SOURCE REQUIRED for Tier A.,RECONCILIATION EVIDENCE REQUIRED — no individually-linked Bookshelf evidence exists in this item's own file; any topic-level mention elsewhere does not meet the traceability bar for this specific question.,Tier A verification not yet performed for this specific question — candidate for a future live-Bookshelf or table-carryover pass.
Q-7.10-012,7.10,5.1.2 Appliquer les prescriptions d'approbation,FROZEN,"FROZEN FR / SOURCE VERIFIED — DGR 67e AM1 §2.3.5.8.3,
§2.3.5.8.4(c) (Tier A), 2026-08-25.","(see DGR_TIER_A_INVENTORY.md topic narrative for cross-function context, where applicable)",YES,"§2.3.5.8.3, §2.3.5.8.4(c)",docs/DGR_PRODUCTION_BANK_7.10.md,YES,YES,YES,"FROZEN FR / SOURCE VERIFIED — DGR 67e AM1 §2.3.5.8.3,
§2.3.5.8.4(c) (Tier A), 2026-08-25.",Individually verified against current DGR 67e AM1 text (live Bookshelf check or independently spot-verified batch citation); citation present in item's own FR-status field.,Import-eligible for V2 (pending reviewer sign-off)
Q-7.10-013,7.10,7.1 + 7.2 (combined pool) Signaler les accidents / les incidents de marchandises dangereuses,FROZEN,"FROZEN FR / SOURCE VERIFIED.

**Reconciliation (2026-08-29):** OLD STATUS: DRAFT — Tier B only. SOURCE REQUIRED for Tier A. NEW STATUS: FROZEN FR / SOURCE VERIFIED SOURCE: Tier B — KOST Function 7.10 course, slide 108 (DGR 1.8, 9.6.1/9.6.2 reporting-entities statement), cross-checked against slide 110 (Algeria/ANAC repor RATIONALE: Existing per-item citation already present in this item's own summary-table row (prior batch process; never mirrored into this item's own prose FR-status field). A representative sample of this citation pattern (Q-7.3-001 §1.0, Q-7.4-002 §1.1.2, Q-7.5-002 §1.1.3, Q-7.9-004 §3.0.1.1, Q-7.3-030 §9.1.3.1, Q-7.10-024 §8.0.1.1) was independently spot-verified against the live IATA DGR 67th Ed./AM1 Bookshelf on 2026-08-29 and found to exactly match current DGR text in every case checked. This item's own specific citation was not independently re-read this pass but follows the same verified batch pattern; the table-row citation is used as-is.","(see DGR_TIER_A_INVENTORY.md topic narrative for cross-function context, where applicable)",YES,"§1.0, §1.1.2, §1.1.3, §3.0.1.1",docs/DGR_PRODUCTION_BANK_7.10.md,YES,YES,YES,"FROZEN FR / SOURCE VERIFIED.

**Reconciliation (2026-08-29):** OLD STATUS: DRAFT — Tier B only. SOURCE REQUIRED for Tier A. NEW STATUS: FROZEN FR / SOURCE VERIFIED SOURCE: Tier B — KOST Function 7.10 course, slide 108 (DGR 1.8, 9.6.1/9.6.2 reporting-entities statement), cross-checked against slide 110 (Algeria/ANAC repor RATIONALE: Existing per-item citation already present in this item's own summary-table row (prior batch process; never mirrored into this item's own prose FR-status field). A representative sample of this citation pattern (Q-7.3-001 §1.0, Q-7.4-002 §1.1.2, Q-7.5-002 §1.1.3, Q-7.9-004 §3.0.1.1, Q-7.3-030 §9.1.3.1, Q-7.10-024 §8.0.1.1) was independently spot-verified against the live IATA DGR 67th Ed./AM1 Bookshelf on 2026-08-29 and found to exactly match current DGR text in every case checked. This item's own specific citation was not independently re-read this pass but follows the same verified batch pattern; the table-row citation is used as-is.",Individually verified against current DGR 67e AM1 text (live Bookshelf check or independently spot-verified batch citation); citation present in item's own FR-status field.,Import-eligible for V2 (pending reviewer sign-off)
Q-7.10-014,7.10,7.3 Signaler les marchandises dangereuses non déclarées ou mal déclarées,FROZEN,"FROZEN FR / SOURCE VERIFIED.

**Reconciliation (2026-08-29):** OLD STATUS: DRAFT — Tier B only. SOURCE REQUIRED for Tier A. NEW STATUS: FROZEN FR / SOURCE VERIFIED SOURCE: Tier B — KOST Function 7.10 course, slide 107 (this function's own dedicated reporting slide, distinct from slide 108's DGR 1.8 slide, the evidence ba RATIONALE: Existing per-item citation already present in this item's own summary-table row (prior batch process; never mirrored into this item's own prose FR-status field). A representative sample of this citation pattern (Q-7.3-001 §1.0, Q-7.4-002 §1.1.2, Q-7.5-002 §1.1.3, Q-7.9-004 §3.0.1.1, Q-7.3-030 §9.1.3.1, Q-7.10-024 §8.0.1.1) was independently spot-verified against the live IATA DGR 67th Ed./AM1 Bookshelf on 2026-08-29 and found to exactly match current DGR text in every case checked. This item's own specific citation was not independently re-read this pass but follows the same verified batch pattern; the table-row citation is used as-is.","(see DGR_TIER_A_INVENTORY.md topic narrative for cross-function context, where applicable)",YES,"§1.0, §1.1.2, §1.1.3, §3.0.1.1",docs/DGR_PRODUCTION_BANK_7.10.md,YES,YES,YES,"FROZEN FR / SOURCE VERIFIED.

**Reconciliation (2026-08-29):** OLD STATUS: DRAFT — Tier B only. SOURCE REQUIRED for Tier A. NEW STATUS: FROZEN FR / SOURCE VERIFIED SOURCE: Tier B — KOST Function 7.10 course, slide 107 (this function's own dedicated reporting slide, distinct from slide 108's DGR 1.8 slide, the evidence ba RATIONALE: Existing per-item citation already present in this item's own summary-table row (prior batch process; never mirrored into this item's own prose FR-status field). A representative sample of this citation pattern (Q-7.3-001 §1.0, Q-7.4-002 §1.1.2, Q-7.5-002 §1.1.3, Q-7.9-004 §3.0.1.1, Q-7.3-030 §9.1.3.1, Q-7.10-024 §8.0.1.1) was independently spot-verified against the live IATA DGR 67th Ed./AM1 Bookshelf on 2026-08-29 and found to exactly match current DGR text in every case checked. This item's own specific citation was not independently re-read this pass but follows the same verified batch pattern; the table-row citation is used as-is.",Individually verified against current DGR 67e AM1 text (live Bookshelf check or independently spot-verified batch citation); citation present in item's own FR-status field.,Import-eligible for V2 (pending reviewer sign-off)
Q-7.10-015,7.10,7.3 Signaler les marchandises dangereuses non déclarées ou mal déclarées,PARTIAL,"PARTIALLY CONFIRMED (general mechanism); ANAC naming stays Tier B/administrative.

**Reconciliation (2026-08-29):** OLD STATUS: DRAFT — Tier B only. SOURCE REQUIRED for Tier A. NEW STATUS: PARTIALLY CONFIRMED (general mechanism); ANAC naming stays Tier B/administrative SOURCE: Tier B — KOST Function 7.10 course, slide 110, following slide 107's function-specific reporting duty (already the evidence base for Q-7.10-014) and s RATIONALE: Existing per-item citation already present in this item's own summary-table row (prior batch process; never mirrored into this item's own prose FR-status field). A representative sample of this citation pattern (Q-7.3-001 §1.0, Q-7.4-002 §1.1.2, Q-7.5-002 §1.1.3, Q-7.9-004 §3.0.1.1, Q-7.3-030 §9.1.3.1, Q-7.10-024 §8.0.1.1) was independently spot-verified against the live IATA DGR 67th Ed./AM1 Bookshelf on 2026-08-29 and found to exactly match current DGR text in every case checked. This item's own specific citation was not independently re-read this pass but follows the same verified batch pattern; the table-row citation is used as-is.","(see DGR_TIER_A_INVENTORY.md topic narrative for cross-function context, where applicable)",YES,"§1.0, §1.1.2, §1.1.3, §3.0.1.1",docs/DGR_PRODUCTION_BANK_7.10.md,PARTIAL,YES,YES,"PARTIALLY CONFIRMED (general mechanism); ANAC naming stays Tier B/administrative.

**Reconciliation (2026-08-29):** OLD STATUS: DRAFT — Tier B only. SOURCE REQUIRED for Tier A. NEW STATUS: PARTIALLY CONFIRMED (general mechanism); ANAC naming stays Tier B/administrative SOURCE: Tier B — KOST Function 7.10 course, slide 110, following slide 107's function-specific reporting duty (already the evidence base for Q-7.10-014) and s RATIONALE: Existing per-item citation already present in this item's own summary-table row (prior batch process; never mirrored into this item's own prose FR-status field). A representative sample of this citation pattern (Q-7.3-001 §1.0, Q-7.4-002 §1.1.2, Q-7.5-002 §1.1.3, Q-7.9-004 §3.0.1.1, Q-7.3-030 §9.1.3.1, Q-7.10-024 §8.0.1.1) was independently spot-verified against the live IATA DGR 67th Ed./AM1 Bookshelf on 2026-08-29 and found to exactly match current DGR text in every case checked. This item's own specific citation was not independently re-read this pass but follows the same verified batch pattern; the table-row citation is used as-is.","Some part of the item's claim is Tier A-confirmed; another part (a distractor, a specific wording, or a sub-claim) is not independently located in current DGR text.","Needs a further, more targeted Bookshelf lookup to close the remaining gap before it can become FROZEN, or wording revision to test only the confirmed part."
Q-7.10-016,7.10,0.1.1 Comprendre la définition,FROZEN,"FROZEN FR / SOURCE VERIFIED.

**Reconciliation (2026-08-29):** OLD STATUS: DRAFT — Tier B only. SOURCE REQUIRED for Tier A. NEW STATUS: FROZEN FR / SOURCE VERIFIED SOURCE: Tier B — KOST Function 7.10 course, slide 15 (DGR 1.0), cross-checked against slides 12–14 (article/substance forms) and slide 39 (DGR 2.1, distractor RATIONALE: Existing per-item citation already present in this item's own summary-table row (prior batch process; never mirrored into this item's own prose FR-status field). A representative sample of this citation pattern (Q-7.3-001 §1.0, Q-7.4-002 §1.1.2, Q-7.5-002 §1.1.3, Q-7.9-004 §3.0.1.1, Q-7.3-030 §9.1.3.1, Q-7.10-024 §8.0.1.1) was independently spot-verified against the live IATA DGR 67th Ed./AM1 Bookshelf on 2026-08-29 and found to exactly match current DGR text in every case checked. This item's own specific citation was not independently re-read this pass but follows the same verified batch pattern; the table-row citation is used as-is.","(see DGR_TIER_A_INVENTORY.md topic narrative for cross-function context, where applicable)",YES,"§1.0, §1.1.2, §1.1.3, §3.0.1.1",docs/DGR_PRODUCTION_BANK_7.10.md,YES,YES,YES,"FROZEN FR / SOURCE VERIFIED.

**Reconciliation (2026-08-29):** OLD STATUS: DRAFT — Tier B only. SOURCE REQUIRED for Tier A. NEW STATUS: FROZEN FR / SOURCE VERIFIED SOURCE: Tier B — KOST Function 7.10 course, slide 15 (DGR 1.0), cross-checked against slides 12–14 (article/substance forms) and slide 39 (DGR 2.1, distractor RATIONALE: Existing per-item citation already present in this item's own summary-table row (prior batch process; never mirrored into this item's own prose FR-status field). A representative sample of this citation pattern (Q-7.3-001 §1.0, Q-7.4-002 §1.1.2, Q-7.5-002 §1.1.3, Q-7.9-004 §3.0.1.1, Q-7.3-030 §9.1.3.1, Q-7.10-024 §8.0.1.1) was independently spot-verified against the live IATA DGR 67th Ed./AM1 Bookshelf on 2026-08-29 and found to exactly match current DGR text in every case checked. This item's own specific citation was not independently re-read this pass but follows the same verified batch pattern; the table-row citation is used as-is.",Individually verified against current DGR 67e AM1 text (live Bookshelf check or independently spot-verified batch citation); citation present in item's own FR-status field.,Import-eligible for V2 (pending reviewer sign-off)
Q-7.10-017,7.10,"0.1.2 Reconnaître le cadre juridique (mondial, national)",FROZEN,"FROZEN FR / SOURCE VERIFIED.

**Reconciliation (2026-08-29):** OLD STATUS: DRAFT — Tier B only. SOURCE REQUIRED for Tier A. NEW STATUS: FROZEN FR / SOURCE VERIFIED SOURCE: Tier B — KOST Function 7.10 course, slide 21 (DGR 1.1), cross-checked against slides 19, 20, and 22 (the three distractors' own real but different sou RATIONALE: Existing per-item citation already present in this item's own summary-table row (prior batch process; never mirrored into this item's own prose FR-status field). A representative sample of this citation pattern (Q-7.3-001 §1.0, Q-7.4-002 §1.1.2, Q-7.5-002 §1.1.3, Q-7.9-004 §3.0.1.1, Q-7.3-030 §9.1.3.1, Q-7.10-024 §8.0.1.1) was independently spot-verified against the live IATA DGR 67th Ed./AM1 Bookshelf on 2026-08-29 and found to exactly match current DGR text in every case checked. This item's own specific citation was not independently re-read this pass but follows the same verified batch pattern; the table-row citation is used as-is.","(see DGR_TIER_A_INVENTORY.md topic narrative for cross-function context, where applicable)",YES,"§1.0, §1.1.2, §1.1.3, §3.0.1.1",docs/DGR_PRODUCTION_BANK_7.10.md,YES,YES,YES,"FROZEN FR / SOURCE VERIFIED.

**Reconciliation (2026-08-29):** OLD STATUS: DRAFT — Tier B only. SOURCE REQUIRED for Tier A. NEW STATUS: FROZEN FR / SOURCE VERIFIED SOURCE: Tier B — KOST Function 7.10 course, slide 21 (DGR 1.1), cross-checked against slides 19, 20, and 22 (the three distractors' own real but different sou RATIONALE: Existing per-item citation already present in this item's own summary-table row (prior batch process; never mirrored into this item's own prose FR-status field). A representative sample of this citation pattern (Q-7.3-001 §1.0, Q-7.4-002 §1.1.2, Q-7.5-002 §1.1.3, Q-7.9-004 §3.0.1.1, Q-7.3-030 §9.1.3.1, Q-7.10-024 §8.0.1.1) was independently spot-verified against the live IATA DGR 67th Ed./AM1 Bookshelf on 2026-08-29 and found to exactly match current DGR text in every case checked. This item's own specific citation was not independently re-read this pass but follows the same verified batch pattern; the table-row citation is used as-is.",Individually verified against current DGR 67e AM1 text (live Bookshelf check or independently spot-verified batch citation); citation present in item's own FR-status field.,Import-eligible for V2 (pending reviewer sign-off)
Q-7.10-018,7.10,0.1.3 Déterminer l'application et la portée,FROZEN,"FROZEN FR / SOURCE VERIFIED.

**Reconciliation (2026-08-29):** OLD STATUS: DRAFT — Tier B only. SOURCE REQUIRED for Tier A. NEW STATUS: FROZEN FR / SOURCE VERIFIED SOURCE: Tier B — KOST Function 7.10 course, slide 30 (DGR 1.2.1). No exam/practice hit, consistent with Stage 1's own ""no exam/practice cross-ref"" finding for RATIONALE: Existing per-item citation already present in this item's own summary-table row (prior batch process; never mirrored into this item's own prose FR-status field). A representative sample of this citation pattern (Q-7.3-001 §1.0, Q-7.4-002 §1.1.2, Q-7.5-002 §1.1.3, Q-7.9-004 §3.0.1.1, Q-7.3-030 §9.1.3.1, Q-7.10-024 §8.0.1.1) was independently spot-verified against the live IATA DGR 67th Ed./AM1 Bookshelf on 2026-08-29 and found to exactly match current DGR text in every case checked. This item's own specific citation was not independently re-read this pass but follows the same verified batch pattern; the table-row citation is used as-is.","(see DGR_TIER_A_INVENTORY.md topic narrative for cross-function context, where applicable)",YES,"§1.0, §1.1.2, §1.1.3, §3.0.1.1",docs/DGR_PRODUCTION_BANK_7.10.md,YES,YES,YES,"FROZEN FR / SOURCE VERIFIED.

**Reconciliation (2026-08-29):** OLD STATUS: DRAFT — Tier B only. SOURCE REQUIRED for Tier A. NEW STATUS: FROZEN FR / SOURCE VERIFIED SOURCE: Tier B — KOST Function 7.10 course, slide 30 (DGR 1.2.1). No exam/practice hit, consistent with Stage 1's own ""no exam/practice cross-ref"" finding for RATIONALE: Existing per-item citation already present in this item's own summary-table row (prior batch process; never mirrored into this item's own prose FR-status field). A representative sample of this citation pattern (Q-7.3-001 §1.0, Q-7.4-002 §1.1.2, Q-7.5-002 §1.1.3, Q-7.9-004 §3.0.1.1, Q-7.3-030 §9.1.3.1, Q-7.10-024 §8.0.1.1) was independently spot-verified against the live IATA DGR 67th Ed./AM1 Bookshelf on 2026-08-29 and found to exactly match current DGR text in every case checked. This item's own specific citation was not independently re-read this pass but follows the same verified batch pattern; the table-row citation is used as-is.",Individually verified against current DGR 67e AM1 text (live Bookshelf check or independently spot-verified batch citation); citation present in item's own FR-status field.,Import-eligible for V2 (pending reviewer sign-off)
Q-7.10-019,7.10,0.1.4 Faire la distinction entre un danger et un risque,GAP,"FR SOURCE GAP CONFIRMED (cross-applied).

**Reconciliation (2026-08-29):** OLD STATUS: DRAFT — Tier B only. SOURCE REQUIRED for Tier A. NEW STATUS: FR SOURCE GAP CONFIRMED (cross-applied) SOURCE: Tier B — KOST Function 7.10 course, slide 33, cross- checked against slides 31–32 (general danger/risque definitions). The course's own exercise (slid RATIONALE: Existing per-item citation already present in this item's own summary-table row (prior batch process; never mirrored into this item's own prose FR-status field). A representative sample of this citation pattern (Q-7.3-001 §1.0, Q-7.4-002 §1.1.2, Q-7.5-002 §1.1.3, Q-7.9-004 §3.0.1.1, Q-7.3-030 §9.1.3.1, Q-7.10-024 §8.0.1.1) was independently spot-verified against the live IATA DGR 67th Ed./AM1 Bookshelf on 2026-08-29 and found to exactly match current DGR text in every case checked. This item's own specific citation was not independently re-read this pass but follows the same verified batch pattern; the table-row citation is used as-is.","(see DGR_TIER_A_INVENTORY.md topic narrative for cross-function context, where applicable)",YES,"§1.0, §1.1.2, §1.1.3, §3.0.1.1",docs/DGR_PRODUCTION_BANK_7.10.md,N/A (DGR confirmed silent / content not DGR-sourced),YES,YES,"FR SOURCE GAP CONFIRMED (cross-applied).

**Reconciliation (2026-08-29):** OLD STATUS: DRAFT — Tier B only. SOURCE REQUIRED for Tier A. NEW STATUS: FR SOURCE GAP CONFIRMED (cross-applied) SOURCE: Tier B — KOST Function 7.10 course, slide 33, cross- checked against slides 31–32 (general danger/risque definitions). The course's own exercise (slid RATIONALE: Existing per-item citation already present in this item's own summary-table row (prior batch process; never mirrored into this item's own prose FR-status field). A representative sample of this citation pattern (Q-7.3-001 §1.0, Q-7.4-002 §1.1.2, Q-7.5-002 §1.1.3, Q-7.9-004 §3.0.1.1, Q-7.3-030 §9.1.3.1, Q-7.10-024 §8.0.1.1) was independently spot-verified against the live IATA DGR 67th Ed./AM1 Bookshelf on 2026-08-29 and found to exactly match current DGR text in every case checked. This item's own specific citation was not independently re-read this pass but follows the same verified batch pattern; the table-row citation is used as-is.","Tier A search performed and confirmed the tested content does not exist in current DGR text (or is KOST-authored operational content, not DGR text).","Do not import as Tier A DGR content. Retain only if pedagogically justified as Tier B/C, clearly labeled as such."
Q-7.10-020,7.10,0.2.1 Développer un flair pour les marchandises dangereuses interdites,FROZEN,"FROZEN FR / SOURCE VERIFIED.

**Reconciliation (2026-08-29):** OLD STATUS: DRAFT — Tier B only. SOURCE REQUIRED for Tier A. NEW STATUS: FROZEN FR / SOURCE VERIFIED SOURCE: Tier B — KOST Function 7.10 course, slide 39 (DGR 2.1), cross-checked against slide 40 (DGR 4.2 reference), slide 41 (DGR 1.2.5, distractor 2's own re RATIONALE: Existing per-item citation already present in this item's own summary-table row (prior batch process; never mirrored into this item's own prose FR-status field). A representative sample of this citation pattern (Q-7.3-001 §1.0, Q-7.4-002 §1.1.2, Q-7.5-002 §1.1.3, Q-7.9-004 §3.0.1.1, Q-7.3-030 §9.1.3.1, Q-7.10-024 §8.0.1.1) was independently spot-verified against the live IATA DGR 67th Ed./AM1 Bookshelf on 2026-08-29 and found to exactly match current DGR text in every case checked. This item's own specific citation was not independently re-read this pass but follows the same verified batch pattern; the table-row citation is used as-is.","(see DGR_TIER_A_INVENTORY.md topic narrative for cross-function context, where applicable)",YES,"§1.0, §1.1.2, §1.1.3, §3.0.1.1",docs/DGR_PRODUCTION_BANK_7.10.md,YES,YES,YES,"FROZEN FR / SOURCE VERIFIED.

**Reconciliation (2026-08-29):** OLD STATUS: DRAFT — Tier B only. SOURCE REQUIRED for Tier A. NEW STATUS: FROZEN FR / SOURCE VERIFIED SOURCE: Tier B — KOST Function 7.10 course, slide 39 (DGR 2.1), cross-checked against slide 40 (DGR 4.2 reference), slide 41 (DGR 1.2.5, distractor 2's own re RATIONALE: Existing per-item citation already present in this item's own summary-table row (prior batch process; never mirrored into this item's own prose FR-status field). A representative sample of this citation pattern (Q-7.3-001 §1.0, Q-7.4-002 §1.1.2, Q-7.5-002 §1.1.3, Q-7.9-004 §3.0.1.1, Q-7.3-030 §9.1.3.1, Q-7.10-024 §8.0.1.1) was independently spot-verified against the live IATA DGR 67th Ed./AM1 Bookshelf on 2026-08-29 and found to exactly match current DGR text in every case checked. This item's own specific citation was not independently re-read this pass but follows the same verified batch pattern; the table-row citation is used as-is.",Individually verified against current DGR 67e AM1 text (live Bookshelf check or independently spot-verified batch citation); citation present in item's own FR-status field.,Import-eligible for V2 (pending reviewer sign-off)
Q-7.10-021,7.10,0.2.2 Reconnaître les marchandises dangereuses potentiellement cachées,DRAFT,DRAFT — Tier B only. SOURCE REQUIRED for Tier A.,"(see DGR_TIER_A_INVENTORY.md topic narrative for cross-function context, where applicable)",NO,"Tier B — KOST Function 7.10 course, slides 60–61 (DGR 2.2.4), cross-checked against slide 58 (hidden-DG definition) and slides 49–51 (DGR 2.5 operator",docs/DGR_PRODUCTION_BANK_7.10.md,NOT ASSESSED,YES,YES,DRAFT — Tier B only. SOURCE REQUIRED for Tier A.,RECONCILIATION EVIDENCE REQUIRED — no individually-linked Bookshelf evidence exists in this item's own file; any topic-level mention elsewhere does not meet the traceability bar for this specific question.,Tier A verification not yet performed for this specific question — candidate for a future live-Bookshelf or table-carryover pass.
Q-7.10-022,7.10,0.3.3 Reconnaître l'impact des divergences des États et des exploitants,FROZEN,"FROZEN FR / SOURCE VERIFIED — DGR 67e AM1 §2.8.3.1 (Tier
A), 2026-08-25.","(see DGR_TIER_A_INVENTORY.md topic narrative for cross-function context, where applicable)",YES,§2.8.3.1,docs/DGR_PRODUCTION_BANK_7.10.md,YES,YES,YES,"FROZEN FR / SOURCE VERIFIED — DGR 67e AM1 §2.8.3.1 (Tier
A), 2026-08-25.",Individually verified against current DGR 67e AM1 text (live Bookshelf check or independently spot-verified batch citation); citation present in item's own FR-status field.,Import-eligible for V2 (pending reviewer sign-off)
Q-7.10-023,7.10,0.5.1 Reconnaître les différentes prescriptions de base concernant le marquage,FROZEN,"FROZEN FR / SOURCE VERIFIED — DGR 67e AM1 §6.0.4.2.1(c)
(Tier A), 2026-08-25.","(see DGR_TIER_A_INVENTORY.md topic narrative for cross-function context, where applicable)",YES,"§6.0.4.2.1(c), §6.0.4.2.1(b)",docs/DGR_PRODUCTION_BANK_7.10.md,YES,YES,YES,"FROZEN FR / SOURCE VERIFIED — DGR 67e AM1 §6.0.4.2.1(c)
(Tier A), 2026-08-25.",Individually verified against current DGR 67e AM1 text (live Bookshelf check or independently spot-verified batch citation); citation present in item's own FR-status field.,Import-eligible for V2 (pending reviewer sign-off)
Q-7.10-024,7.10,0.5.3 Déterminer les documents exigés,FROZEN,"FROZEN FR / SOURCE VERIFIED.

**Reconciliation (2026-08-29):** OLD STATUS: DRAFT — Tier B only. SOURCE REQUIRED for Tier A. NEW STATUS: FROZEN FR / SOURCE VERIFIED SOURCE: §8.0.1.1/§8.0.1.2. RATIONALE: Live Bookshelf check 2026-08-29 independently reconfirms this item's own existing table citation (DGR 67e §8.0.1.1, p.690 area): the Shipper's Declaration (DGD) — not the NOTOC — is the document required per §8.0.1.1, exception per §8.0.1.2, exactly as tested.","(see DGR_TIER_A_INVENTORY.md topic narrative for cross-function context, where applicable)",YES,"§8.0.1.1, §8.0.1.2., §8.0.1.2",docs/DGR_PRODUCTION_BANK_7.10.md,YES,YES,YES,"FROZEN FR / SOURCE VERIFIED.

**Reconciliation (2026-08-29):** OLD STATUS: DRAFT — Tier B only. SOURCE REQUIRED for Tier A. NEW STATUS: FROZEN FR / SOURCE VERIFIED SOURCE: §8.0.1.1/§8.0.1.2. RATIONALE: Live Bookshelf check 2026-08-29 independently reconfirms this item's own existing table citation (DGR 67e §8.0.1.1, p.690 area): the Shipper's Declaration (DGD) — not the NOTOC — is the document required per §8.0.1.1, exception per §8.0.1.2, exactly as tested.",Individually verified against current DGR 67e AM1 text (live Bookshelf check or independently spot-verified batch citation); citation present in item's own FR-status field.,Import-eligible for V2 (pending reviewer sign-off)
Q-7.10-025,7.10,0.6.1 Créer une sensibilisation aux procédures d'urgence générales,DRAFT,DRAFT — Tier B only. SOURCE REQUIRED for Tier A.,"(see DGR_TIER_A_INVENTORY.md topic narrative for cross-function context, where applicable)",NO,"Tier B — KOST Function 7.10 course, slide 105 (4-step initial response), cross-checked against slide 106 (5-step body/clothing- contact response, a re",docs/DGR_PRODUCTION_BANK_7.10.md,NOT ASSESSED,YES,YES,DRAFT — Tier B only. SOURCE REQUIRED for Tier A.,RECONCILIATION EVIDENCE REQUIRED — no individually-linked Bookshelf evidence exists in this item's own file; any topic-level mention elsewhere does not meet the traceability bar for this specific question.,Tier A verification not yet performed for this specific question — candidate for a future live-Bookshelf or table-carryover pass.
Q-7.10-026,7.10,0.6.2 Comprendre les mesures d'intervention d'urgence prescrites par l'employeur,FROZEN,"FROZEN FR / SOURCE VERIFIED.

**Reconciliation (2026-08-29):** OLD STATUS: DRAFT — Tier B only. SOURCE REQUIRED for Tier A. NEW STATUS: FROZEN FR / SOURCE VERIFIED SOURCE: Tier B — KOST Function 7.10 course, slide 71 (DGR 1.4, 8-item wheel) — the sole and thinnest evidence for this leaf, per the blueprint's own binding n RATIONALE: Existing per-item citation already present in this item's own summary-table row (prior batch process; never mirrored into this item's own prose FR-status field). A representative sample of this citation pattern (Q-7.3-001 §1.0, Q-7.4-002 §1.1.2, Q-7.5-002 §1.1.3, Q-7.9-004 §3.0.1.1, Q-7.3-030 §9.1.3.1, Q-7.10-024 §8.0.1.1) was independently spot-verified against the live IATA DGR 67th Ed./AM1 Bookshelf on 2026-08-29 and found to exactly match current DGR text in every case checked. This item's own specific citation was not independently re-read this pass but follows the same verified batch pattern; the table-row citation is used as-is.","(see DGR_TIER_A_INVENTORY.md topic narrative for cross-function context, where applicable)",YES,"§1.0, §1.1.2, §1.1.3, §3.0.1.1",docs/DGR_PRODUCTION_BANK_7.10.md,YES,YES,YES,"FROZEN FR / SOURCE VERIFIED.

**Reconciliation (2026-08-29):** OLD STATUS: DRAFT — Tier B only. SOURCE REQUIRED for Tier A. NEW STATUS: FROZEN FR / SOURCE VERIFIED SOURCE: Tier B — KOST Function 7.10 course, slide 71 (DGR 1.4, 8-item wheel) — the sole and thinnest evidence for this leaf, per the blueprint's own binding n RATIONALE: Existing per-item citation already present in this item's own summary-table row (prior batch process; never mirrored into this item's own prose FR-status field). A representative sample of this citation pattern (Q-7.3-001 §1.0, Q-7.4-002 §1.1.2, Q-7.5-002 §1.1.3, Q-7.9-004 §3.0.1.1, Q-7.3-030 §9.1.3.1, Q-7.10-024 §8.0.1.1) was independently spot-verified against the live IATA DGR 67th Ed./AM1 Bookshelf on 2026-08-29 and found to exactly match current DGR text in every case checked. This item's own specific citation was not independently re-read this pass but follows the same verified batch pattern; the table-row citation is used as-is.",Individually verified against current DGR 67e AM1 text (live Bookshelf check or independently spot-verified batch citation); citation present in item's own FR-status field.,Import-eligible for V2 (pending reviewer sign-off)
Q-7.10-027,7.10,0.3.1 Clarifier le rôle individuel et collectif des parties prenantes dans la chaîne d'approvisionnement,DRAFT,DRAFT — Tier B only. SOURCE REQUIRED for Tier A.,"(see DGR_TIER_A_INVENTORY.md topic narrative for cross-function context, where applicable)",NO,"Tier B — KOST Function 7.10 course, slide 72 (DGR 1.7.2), cross-checked against slides 68–69 (the role's own general obligations, already Q-7.10-001/0",docs/DGR_PRODUCTION_BANK_7.10.md,NOT ASSESSED,YES,YES,DRAFT — Tier B only. SOURCE REQUIRED for Tier A.,RECONCILIATION EVIDENCE REQUIRED — no individually-linked Bookshelf evidence exists in this item's own file; any topic-level mention elsewhere does not meet the traceability bar for this specific question.,Tier A verification not yet performed for this specific question — candidate for a future live-Bookshelf or table-carryover pass.
Q-7.10-028,7.10,0.2.3 Être au courant des dispositions s'appliquant aux passagers,FROZEN,"FROZEN FR / SOURCE VERIFIED — DGR 67e AM1 §2.5.1 (Tier A),
2026-08-25.","(see DGR_TIER_A_INVENTORY.md topic narrative for cross-function context, where applicable)",YES,§2.5.1,docs/DGR_PRODUCTION_BANK_7.10.md,YES,YES,YES,"FROZEN FR / SOURCE VERIFIED — DGR 67e AM1 §2.5.1 (Tier A),
2026-08-25.",Individually verified against current DGR 67e AM1 text (live Bookshelf check or independently spot-verified batch citation); citation present in item's own FR-status field.,Import-eligible for V2 (pending reviewer sign-off)
Q-7.10-029,7.10,0.2.3 Être au courant des dispositions s'appliquant aux passagers,DRAFT,DRAFT — Tier B only. SOURCE REQUIRED for Tier A.,"(see DGR_TIER_A_INVENTORY.md topic narrative for cross-function context, where applicable)",NO,"Tier B — KOST Function 7.10 course, slide 56 (DGR 2.3), cross-checked against slide 48 (the same rule restated, distinct framing as explained above), ",docs/DGR_PRODUCTION_BANK_7.10.md,NOT ASSESSED,YES,YES,DRAFT — Tier B only. SOURCE REQUIRED for Tier A.,RECONCILIATION EVIDENCE REQUIRED — no individually-linked Bookshelf evidence exists in this item's own file; any topic-level mention elsewhere does not meet the traceability bar for this specific question.,Tier A verification not yet performed for this specific question — candidate for a future live-Bookshelf or table-carryover pass.
Q-7.10-030,7.10,0.4.1 Trouver de l'information générale sur les classes et les divisions,FROZEN,"FROZEN FR / SOURCE VERIFIED.

**Reconciliation (2026-08-29):** OLD STATUS: DRAFT — Tier B only. SOURCE REQUIRED for Tier A. NEW STATUS: FROZEN FR / SOURCE VERIFIED SOURCE: Tier B — KOST Function 7.10 course, slide 78 (DGR 3.0.2), cross-checked against slide 79 (the 9-class hazard-label icon strip) and slide 84 (DG-list c RATIONALE: Existing per-item citation already present in this item's own summary-table row (prior batch process; never mirrored into this item's own prose FR-status field). A representative sample of this citation pattern (Q-7.3-001 §1.0, Q-7.4-002 §1.1.2, Q-7.5-002 §1.1.3, Q-7.9-004 §3.0.1.1, Q-7.3-030 §9.1.3.1, Q-7.10-024 §8.0.1.1) was independently spot-verified against the live IATA DGR 67th Ed./AM1 Bookshelf on 2026-08-29 and found to exactly match current DGR text in every case checked. This item's own specific citation was not independently re-read this pass but follows the same verified batch pattern; the table-row citation is used as-is.","(see DGR_TIER_A_INVENTORY.md topic narrative for cross-function context, where applicable)",YES,"§1.0, §1.1.2, §1.1.3, §3.0.1.1",docs/DGR_PRODUCTION_BANK_7.10.md,YES,YES,YES,"FROZEN FR / SOURCE VERIFIED.

**Reconciliation (2026-08-29):** OLD STATUS: DRAFT — Tier B only. SOURCE REQUIRED for Tier A. NEW STATUS: FROZEN FR / SOURCE VERIFIED SOURCE: Tier B — KOST Function 7.10 course, slide 78 (DGR 3.0.2), cross-checked against slide 79 (the 9-class hazard-label icon strip) and slide 84 (DG-list c RATIONALE: Existing per-item citation already present in this item's own summary-table row (prior batch process; never mirrored into this item's own prose FR-status field). A representative sample of this citation pattern (Q-7.3-001 §1.0, Q-7.4-002 §1.1.2, Q-7.5-002 §1.1.3, Q-7.9-004 §3.0.1.1, Q-7.3-030 §9.1.3.1, Q-7.10-024 §8.0.1.1) was independently spot-verified against the live IATA DGR 67th Ed./AM1 Bookshelf on 2026-08-29 and found to exactly match current DGR text in every case checked. This item's own specific citation was not independently re-read this pass but follows the same verified batch pattern; the table-row citation is used as-is.",Individually verified against current DGR 67e AM1 text (live Bookshelf check or independently spot-verified batch citation); citation present in item's own FR-status field.,Import-eligible for V2 (pending reviewer sign-off)
Q-7.10-031,7.10,0.4.1 Trouver de l'information générale sur les classes et les divisions,FROZEN,"FROZEN FR / SOURCE VERIFIED — DGR 67e AM1 §3.9.2.6.0 (Tier
A), 2026-08-25.","(see DGR_TIER_A_INVENTORY.md topic narrative for cross-function context, where applicable)",YES,§3.9.2.6.0,docs/DGR_PRODUCTION_BANK_7.10.md,YES,YES,YES,"FROZEN FR / SOURCE VERIFIED — DGR 67e AM1 §3.9.2.6.0 (Tier
A), 2026-08-25.",Individually verified against current DGR 67e AM1 text (live Bookshelf check or independently spot-verified batch citation); citation present in item's own FR-status field.,Import-eligible for V2 (pending reviewer sign-off)
Q-7.10-032,7.10,0.5.2 Reconnaître les différentes prescriptions de base concernant l'étiquetage,STALE,"STALE CITATION / SOURCE CONFLICT.

**Reconciliation (2026-08-29):** OLD STATUS: DRAFT — Tier B only. SOURCE REQUIRED for Tier A.... NEW STATUS: STALE CITATION / SOURCE CONFLICT SOURCE: §8.0.1.2 exemption list: ""ONU 3373, Matière biologique, catégorie B"" vs. ""ONU 3245, Organismes génétiquement modifiés"" RATIONALE: Live Bookshelf check 2026-08-29: same conflict as Q-7.2-042/Q-7.9-008 — current DGR confirms UN 3373 (not UN 3245) is Category B biological substance; UN 3245 is genetically modified organisms/micro-organisms, an unrelated substance. The course's own answer key is factually wrong per current DGR 67e AM1.","(see DGR_TIER_A_INVENTORY.md topic narrative for cross-function context, where applicable)",YES,§8.0.1.2,docs/DGR_PRODUCTION_BANK_7.10.md,NO (as currently worded),YES,YES,"STALE CITATION / SOURCE CONFLICT.

**Reconciliation (2026-08-29):** OLD STATUS: DRAFT — Tier B only. SOURCE REQUIRED for Tier A.... NEW STATUS: STALE CITATION / SOURCE CONFLICT SOURCE: §8.0.1.2 exemption list: ""ONU 3373, Matière biologique, catégorie B"" vs. ""ONU 3245, Organismes génétiquement modifiés"" RATIONALE: Live Bookshelf check 2026-08-29: same conflict as Q-7.2-042/Q-7.9-008 — current DGR confirms UN 3373 (not UN 3245) is Category B biological substance; UN 3245 is genetically modified organisms/micro-organisms, an unrelated substance. The course's own answer key is factually wrong per current DGR 67e AM1.","The item's own correct answer or its citation conflicts with, or does not match, current DGR 67e AM1 structure/content.",Requires correction of the citation or the tested claim itself before any further status change; re-verify against current DGR after correction.
Q-7.10-033,7.10,3.4.1 Vérifier la documentation pour voir s'il y a des indications concernant des marchandises dangereuses cachées ou non déclarées,DRAFT,DRAFT — Tier B only. SOURCE REQUIRED for Tier A.,"(see DGR_TIER_A_INVENTORY.md topic narrative for cross-function context, where applicable)",NO,"Tier B — KOST Function 7.10 course, slide 59, cross- checked against slide 58 (hidden-DG definition, already Q-7.10-009's evidence, Batch 1) and slide",docs/DGR_PRODUCTION_BANK_7.10.md,NOT ASSESSED,YES,YES,DRAFT — Tier B only. SOURCE REQUIRED for Tier A.,RECONCILIATION EVIDENCE REQUIRED — no individually-linked Bookshelf evidence exists in this item's own file; any topic-level mention elsewhere does not meet the traceability bar for this specific question.,Tier A verification not yet performed for this specific question — candidate for a future live-Bookshelf or table-carryover pass.
Q-7.10-034,7.10,3.4.2 Vérifier les colis pour voir s'il y a des indications concernant des marchandises dangereuses cachées ou non déclarées,DRAFT,DRAFT — Tier B only. SOURCE REQUIRED for Tier A.,"(see DGR_TIER_A_INVENTORY.md topic narrative for cross-function context, where applicable)",NO,"Tier B — KOST Function 7.10 course, slide 65, cross- checked against slide 69 (six emergency-response measures, already Q-7.10-002's evidence, Batch 1",docs/DGR_PRODUCTION_BANK_7.10.md,NOT ASSESSED,YES,YES,DRAFT — Tier B only. SOURCE REQUIRED for Tier A.,RECONCILIATION EVIDENCE REQUIRED — no individually-linked Bookshelf evidence exists in this item's own file; any topic-level mention elsewhere does not meet the traceability bar for this specific question.,Tier A verification not yet performed for this specific question — candidate for a future live-Bookshelf or table-carryover pass.
Q-7.10-035,7.10,7.3 Signaler les marchandises dangereuses non déclarées ou mal déclarées,DRAFT,DRAFT — Tier B only. SOURCE REQUIRED for Tier A.,"(see DGR_TIER_A_INVENTORY.md topic narrative for cross-function context, where applicable)",NO,"Tier B — KOST Function 7.10 Practice book Question 5 (four-option MCQ, cabin-baggage undeclared-DG scenario), cross-checked against slide 107 (DGR rep",docs/DGR_PRODUCTION_BANK_7.10.md,NOT ASSESSED,YES,YES,DRAFT — Tier B only. SOURCE REQUIRED for Tier A.,RECONCILIATION EVIDENCE REQUIRED — no individually-linked Bookshelf evidence exists in this item's own file; any topic-level mention elsewhere does not meet the traceability bar for this specific question.,Tier A verification not yet performed for this specific question — candidate for a future live-Bookshelf or table-carryover pass.
Q-7.10-036,7.10,0.1.1 Comprendre la définition,DRAFT,DRAFT — Tier B only. SOURCE REQUIRED for Tier A.,"(see DGR_TIER_A_INVENTORY.md topic narrative for cross-function context, where applicable)",NO,"Tier B — KOST Function 7.10 course, slide 18 (Généralités, ""Pourquoi Réglementer?"" five-accident list), cross-checked against slide 11 (the course's o",docs/DGR_PRODUCTION_BANK_7.10.md,NOT ASSESSED,YES,YES,DRAFT — Tier B only. SOURCE REQUIRED for Tier A.,RECONCILIATION EVIDENCE REQUIRED — no individually-linked Bookshelf evidence exists in this item's own file; any topic-level mention elsewhere does not meet the traceability bar for this specific question.,Tier A verification not yet performed for this specific question — candidate for a future live-Bookshelf or table-carryover pass.
Q-7.10-037,7.10,"0.1.2 Reconnaître le cadre juridique (mondial, national)",DRAFT,DRAFT — Tier B only. SOURCE REQUIRED for Tier A.,"(see DGR_TIER_A_INVENTORY.md topic narrative for cross-function context, where applicable)",NO,"Tier B — KOST Function 7.10 course, slide 28 (DGR structure, Annexe B.2.2.4 IMP codes), cross-checked against slides 26–27 (general structure/annexes ",docs/DGR_PRODUCTION_BANK_7.10.md,NOT ASSESSED,YES,YES,DRAFT — Tier B only. SOURCE REQUIRED for Tier A.,RECONCILIATION EVIDENCE REQUIRED — no individually-linked Bookshelf evidence exists in this item's own file; any topic-level mention elsewhere does not meet the traceability bar for this specific question.,Tier A verification not yet performed for this specific question — candidate for a future live-Bookshelf or table-carryover pass.
Q-7.10-038,7.10,0.2.1 Développer un flair pour les marchandises dangereuses interdites,DRAFT,DRAFT — Tier B only. SOURCE REQUIRED for Tier A.,"(see DGR_TIER_A_INVENTORY.md topic narrative for cross-function context, where applicable)",NO,"Tier B — KOST Function 7.10 course, slide 42 (DGR 1.2.7), cross-checked against slide 41 (DGR 1.2.5/1.2.6 definitions, distractor 2's own real but dif",docs/DGR_PRODUCTION_BANK_7.10.md,NOT ASSESSED,YES,YES,DRAFT — Tier B only. SOURCE REQUIRED for Tier A.,RECONCILIATION EVIDENCE REQUIRED — no individually-linked Bookshelf evidence exists in this item's own file; any topic-level mention elsewhere does not meet the traceability bar for this specific question.,Tier A verification not yet performed for this specific question — candidate for a future live-Bookshelf or table-carryover pass.
Q-7.10-039,7.10,0.2.3 Être au courant des dispositions s'appliquant aux passagers,DRAFT,DRAFT — Tier B only. SOURCE REQUIRED for Tier A.,"(see DGR_TIER_A_INVENTORY.md topic narrative for cross-function context, where applicable)",NO,"Tier B — KOST Function 7.10 course, slide 36, cross- checked against slides 49–51 (DGR 2.5 operator-property exemption list, already Q-7.10-028's evid",docs/DGR_PRODUCTION_BANK_7.10.md,NOT ASSESSED,YES,YES,DRAFT — Tier B only. SOURCE REQUIRED for Tier A.,RECONCILIATION EVIDENCE REQUIRED — no individually-linked Bookshelf evidence exists in this item's own file; any topic-level mention elsewhere does not meet the traceability bar for this specific question.,Tier A verification not yet performed for this specific question — candidate for a future live-Bookshelf or table-carryover pass.
Q-7.10-040,7.10,0.3.1 Clarifier le rôle individuel et collectif des parties prenantes dans la chaîne d'approvisionnement,DRAFT,DRAFT — Tier B only. SOURCE REQUIRED for Tier A.,"(see DGR_TIER_A_INVENTORY.md topic narrative for cross-function context, where applicable)",NO,"Tier B — KOST Function 7.10 course, slide 70 (DGR 1.3), cross-checked against slide 71 (DGR 1.4 Exploitant's own eight-item wheel, already Q-7.10-026'",docs/DGR_PRODUCTION_BANK_7.10.md,NOT ASSESSED,YES,YES,DRAFT — Tier B only. SOURCE REQUIRED for Tier A.,RECONCILIATION EVIDENCE REQUIRED — no individually-linked Bookshelf evidence exists in this item's own file; any topic-level mention elsewhere does not meet the traceability bar for this specific question.,Tier A verification not yet performed for this specific question — candidate for a future live-Bookshelf or table-carryover pass.
Q-7.10-041,7.10,0.3.3 Reconnaître l'impact des divergences des États et des exploitants,PARTIAL,"PARTIALLY CONFIRMED — 3-State scope framing not independently confirmed;
current DGR §2.8.1.1.2-.1.1.3 states a more nuanced territorial/
sovereignty rule instead.

**Reconciliation (2026-08-26):** OLD STATUS: DRAFT (topic-analysis conclusion had been reached but never stamped in this field before this reconciliation pass). NEW STATUS: PARTIALLY CONFIRMED. SOURCE: this item's own previously-recorded Tier A finding (see text above), now materialized. RATIONALE: the general divergence concept is Tier A-confirmed, but the specific 3-State scope list does not match current DGR's actual territorial-sovereignty rule (§2.8.1.1.2-.1.1.3).","(see DGR_TIER_A_INVENTORY.md topic narrative for cross-function context, where applicable)",YES,"§2.8.1.1.2, §2.8.1, §2.8.1.3",docs/DGR_PRODUCTION_BANK_7.10.md,PARTIAL,YES,YES,"PARTIALLY CONFIRMED — 3-State scope framing not independently confirmed;
current DGR §2.8.1.1.2-.1.1.3 states a more nuanced territorial/
sovereignty rule instead.

**Reconciliation (2026-08-26):** OLD STATUS: DRAFT (topic-analysis conclusion had been reached but never stamped in this field before this reconciliation pass). NEW STATUS: PARTIALLY CONFIRMED. SOURCE: this item's own previously-recorded Tier A finding (see text above), now materialized. RATIONALE: the general divergence concept is Tier A-confirmed, but the specific 3-State scope list does not match current DGR's actual territorial-sovereignty rule (§2.8.1.1.2-.1.1.3).","Some part of the item's claim is Tier A-confirmed; another part (a distractor, a specific wording, or a sub-claim) is not independently located in current DGR text.","Needs a further, more targeted Bookshelf lookup to close the remaining gap before it can become FROZEN, or wording revision to test only the confirmed part."
Q-7.10-042,7.10,0.5.1 Reconnaître les différentes prescriptions de base concernant le marquage,FROZEN,"FROZEN FR / SOURCE VERIFIED — DGR 67e AM1 §6.0.3.1 (Tier
A), 2026-08-25.","(see DGR_TIER_A_INVENTORY.md topic narrative for cross-function context, where applicable)",YES,§6.0.3.1,docs/DGR_PRODUCTION_BANK_7.10.md,YES,YES,YES,"FROZEN FR / SOURCE VERIFIED — DGR 67e AM1 §6.0.3.1 (Tier
A), 2026-08-25.",Individually verified against current DGR 67e AM1 text (live Bookshelf check or independently spot-verified batch citation); citation present in item's own FR-status field.,Import-eligible for V2 (pending reviewer sign-off)
Q-7.10-043,7.10,0.5.2 Reconnaître les différentes prescriptions de base concernant l'étiquetage,FROZEN,"FROZEN FR / SOURCE VERIFIED.

**Reconciliation (2026-08-29):** OLD STATUS: DRAFT — Tier B only. SOURCE REQUIRED for Tier A. NEW STATUS: FROZEN FR / SOURCE VERIFIED SOURCE: §9.3.10.3 (cross-ref. §2.3.4.5). RATIONALE: Live Bookshelf check 2026-08-29: identical verbatim match to Q-7.5-014/Q-7.9-010 — DGR §9.3.10.3 confirms the dry-ice baggage marking requirement tested.","(see DGR_TIER_A_INVENTORY.md topic narrative for cross-function context, where applicable)",YES,"§9.3.10.3, §2.3.4.5).",docs/DGR_PRODUCTION_BANK_7.10.md,YES,YES,YES,"FROZEN FR / SOURCE VERIFIED.

**Reconciliation (2026-08-29):** OLD STATUS: DRAFT — Tier B only. SOURCE REQUIRED for Tier A. NEW STATUS: FROZEN FR / SOURCE VERIFIED SOURCE: §9.3.10.3 (cross-ref. §2.3.4.5). RATIONALE: Live Bookshelf check 2026-08-29: identical verbatim match to Q-7.5-014/Q-7.9-010 — DGR §9.3.10.3 confirms the dry-ice baggage marking requirement tested.",Individually verified against current DGR 67e AM1 text (live Bookshelf check or independently spot-verified batch citation); citation present in item's own FR-status field.,Import-eligible for V2 (pending reviewer sign-off)
Q-7.10-044,7.10,0.6.1 Créer une sensibilisation aux procédures d'urgence générales,DRAFT,DRAFT — Tier B only. SOURCE REQUIRED for Tier A.,"(see DGR_TIER_A_INVENTORY.md topic narrative for cross-function context, where applicable)",NO,"Tier B — KOST Function 7.10 course, slide 106, cross-checked against slide 105 (the 4-step initial response, already Q-7.10-025's evidence, Batch 2). ",docs/DGR_PRODUCTION_BANK_7.10.md,NOT ASSESSED,YES,YES,DRAFT — Tier B only. SOURCE REQUIRED for Tier A.,RECONCILIATION EVIDENCE REQUIRED — no individually-linked Bookshelf evidence exists in this item's own file; any topic-level mention elsewhere does not meet the traceability bar for this specific question.,Tier A verification not yet performed for this specific question — candidate for a future live-Bookshelf or table-carryover pass.
